range_days;current_start;current_end;previous_start;previous_end;row_scope;period_presence;page;query;clicks;impressions;ctr;position;previous_clicks;previous_impressions;previous_ctr;previous_position;delta_clicks;delta_impressions;delta_position;post_id;post_title;page_type;seo_title;seo_description;canonical;in_sitemap;noindex;word_count;non_target_query
28;2026-08-05;2026-09-01;2026-07-08;2026-08-04;query_page;current_only;https://hasimuener.de/aroundhome-solar-einordnung/;"aroundhome erfahrungen handwerker";1;1;1,0000;1,00;0;0;;;1;1;;15206;"Aroundhome Erfahrungen für Handwerker: Kosten und Einordnung des Vergleichsportal-Modells";post;"Aroundhome Kosten für Handwerker: Lohnt sich das?";"Was kostet Aroundhome für Handwerker? Rechnen Sie Kosten pro Auftrag mit eigenen Zahlen und prüfen Sie Vertrag, Erfahrungen und Portal-Fit.";https://hasimuener.de/aroundhome-solar-einordnung/;1;0;1083;0
28;2026-08-05;2026-09-01;2026-07-08;2026-08-04;query_page;both;https://hasimuener.de/aroundhome-solar-einordnung/;"aroundhome kosten für handwerker";1;24;0,0417;5,46;0;19;0,0000;7,11;1;5;-1,65;15206;"Aroundhome Erfahrungen für Handwerker: Kosten und Einordnung des Vergleichsportal-Modells";post;"Aroundhome Kosten für Handwerker: Lohnt sich das?";"Was kostet Aroundhome für Handwerker? Rechnen Sie Kosten pro Auftrag mit eigenen Zahlen und prüfen Sie Vertrag, Erfahrungen und Portal-Fit.";https://hasimuener.de/aroundhome-solar-einordnung/;1;0;1083;0
28;2026-08-05;2026-09-01;2026-07-08;2026-08-04;query_page;both;https://hasimuener.de/checkfox-solar-waermepumpe-einordnung/;"checkfox erfahrungen";1;255;0,0039;9,16;2;55;0,0364;9,42;-1;200;-0,25;15276;"Checkfox für Solar- und Wärmepumpen-Betriebe: Seriosität, Mechanik und Markteinordnung";post;"Checkfox seriös? Erfahrungen & Kosten für Solar-Betriebe";"Ist Checkfox seriös? Unabhängige Einordnung für Solar- & Wärmepumpen-Betriebe: Portal-Mechanik, Kosten-Logik und die Alternative zu gekauften Leads.";https://hasimuener.de/checkfox-solar-waermepumpe-einordnung/;1;0;703;0
28;2026-08-05;2026-09-01;2026-07-08;2026-08-04;query_page;current_only;https://hasimuener.de/checkfox-solar-waermepumpe-einordnung/;"checkfox leads";1;2;0,5000;11,50;0;0;;;1;2;;15276;"Checkfox für Solar- und Wärmepumpen-Betriebe: Seriosität, Mechanik und Markteinordnung";post;"Checkfox seriös? Erfahrungen & Kosten für Solar-Betriebe";"Ist Checkfox seriös? Unabhängige Einordnung für Solar- & Wärmepumpen-Betriebe: Portal-Mechanik, Kosten-Logik und die Alternative zu gekauften Leads.";https://hasimuener.de/checkfox-solar-waermepumpe-einordnung/;1;0;703;0
28;2026-08-05;2026-09-01;2026-07-08;2026-08-04;query_page;both;https://hasimuener.de/checkfox-solar-waermepumpe-einordnung/;"checkfox solar erfahrungen";1;22;0,0455;8,09;0;9;0,0000;7,22;1;13;0,87;15276;"Checkfox für Solar- und Wärmepumpen-Betriebe: Seriosität, Mechanik und Markteinordnung";post;"Checkfox seriös? Erfahrungen & Kosten für Solar-Betriebe";"Ist Checkfox seriös? Unabhängige Einordnung für Solar- & Wärmepumpen-Betriebe: Portal-Mechanik, Kosten-Logik und die Alternative zu gekauften Leads.";https://hasimuener.de/checkfox-solar-waermepumpe-einordnung/;1;0;703;0
28;2026-08-05;2026-09-01;2026-07-08;2026-08-04;query_page;both;https://hasimuener.de/checkfox-solar-waermepumpe-einordnung/;"ist checkfox seriös";1;38;0,0263;6,71;0;24;0,0000;7,42;1;14;-0,71;15276;"Checkfox für Solar- und Wärmepumpen-Betriebe: Seriosität, Mechanik und Markteinordnung";post;"Checkfox seriös? Erfahrungen & Kosten für Solar-Betriebe";"Ist Checkfox seriös? Unabhängige Einordnung für Solar- & Wärmepumpen-Betriebe: Portal-Mechanik, Kosten-Logik und die Alternative zu gekauften Leads.";https://hasimuener.de/checkfox-solar-waermepumpe-einordnung/;1;0;703;0
28;2026-08-05;2026-09-01;2026-07-08;2026-08-04;query_page;both;https://hasimuener.de/;"seo pattensen";0;1;0,0000;13,00;0;1;0,0000;11,00;0;0;2,00;11953;"WordPress-Architektur &amp; Performance Marketing (B2B) · Hannover &amp; DACH";front_page;"WordPress, Tracking & Conversion | Haşim Üner";"WordPress-Entwicklung, technisches SEO, Tracking und Conversion aus Pattensen bei Hannover. Für direkte Projekte, Agenturen und Solar-/Wärmepumpen-Anbieter.";https://hasimuener.de/;1;0;495;0
28;2026-08-05;2026-09-01;2026-07-08;2026-08-04;query_page;current_only;https://hasimuener.de/aroundhome-solar-einordnung/;aroundhome;0;1;0,0000;3,00;0;0;;;0;1;;15206;"Aroundhome Erfahrungen für Handwerker: Kosten und Einordnung des Vergleichsportal-Modells";post;"Aroundhome Kosten für Handwerker: Lohnt sich das?";"Was kostet Aroundhome für Handwerker? Rechnen Sie Kosten pro Auftrag mit eigenen Zahlen und prüfen Sie Vertrag, Erfahrungen und Portal-Fit.";https://hasimuener.de/aroundhome-solar-einordnung/;1;0;1083;0
28;2026-08-05;2026-09-01;2026-07-08;2026-08-04;query_page;current_only;https://hasimuener.de/aroundhome-solar-einordnung/;"aroundhome alternative";0;1;0,0000;19,00;0;0;;;0;1;;15206;"Aroundhome Erfahrungen für Handwerker: Kosten und Einordnung des Vergleichsportal-Modells";post;"Aroundhome Kosten für Handwerker: Lohnt sich das?";"Was kostet Aroundhome für Handwerker? Rechnen Sie Kosten pro Auftrag mit eigenen Zahlen und prüfen Sie Vertrag, Erfahrungen und Portal-Fit.";https://hasimuener.de/aroundhome-solar-einordnung/;1;0;1083;0
28;2026-08-05;2026-09-01;2026-07-08;2026-08-04;query_page;both;https://hasimuener.de/aroundhome-solar-einordnung/;"aroundhome kosten";0;43;0,0000;6,93;0;37;0,0000;8,38;0;6;-1,45;15206;"Aroundhome Erfahrungen für Handwerker: Kosten und Einordnung des Vergleichsportal-Modells";post;"Aroundhome Kosten für Handwerker: Lohnt sich das?";"Was kostet Aroundhome für Handwerker? Rechnen Sie Kosten pro Auftrag mit eigenen Zahlen und prüfen Sie Vertrag, Erfahrungen und Portal-Fit.";https://hasimuener.de/aroundhome-solar-einordnung/;1;0;1083;0
28;2026-08-05;2026-09-01;2026-07-08;2026-08-04;query_page;both;https://hasimuener.de/aroundhome-solar-einordnung/;"aroundhome leads kaufen";0;6;0,0000;16,33;0;11;0,0000;17,00;0;-5;-0,67;15206;"Aroundhome Erfahrungen für Handwerker: Kosten und Einordnung des Vergleichsportal-Modells";post;"Aroundhome Kosten für Handwerker: Lohnt sich das?";"Was kostet Aroundhome für Handwerker? Rechnen Sie Kosten pro Auftrag mit eigenen Zahlen und prüfen Sie Vertrag, Erfahrungen und Portal-Fit.";https://hasimuener.de/aroundhome-solar-einordnung/;1;0;1083;0
28;2026-08-05;2026-09-01;2026-07-08;2026-08-04;query_page;both;https://hasimuener.de/aroundhome-solar-einordnung/;"aroundhome leads kosten";0;14;0,0000;13,71;0;7;0,0000;15,14;0;7;-1,43;15206;"Aroundhome Erfahrungen für Handwerker: Kosten und Einordnung des Vergleichsportal-Modells";post;"Aroundhome Kosten für Handwerker: Lohnt sich das?";"Was kostet Aroundhome für Handwerker? Rechnen Sie Kosten pro Auftrag mit eigenen Zahlen und prüfen Sie Vertrag, Erfahrungen und Portal-Fit.";https://hasimuener.de/aroundhome-solar-einordnung/;1;0;1083;0
28;2026-08-05;2026-09-01;2026-07-08;2026-08-04;query_page;both;https://hasimuener.de/aroundhome-solar-einordnung/;"aroundhome login";0;3;0,0000;10,33;0;3;0,0000;10,00;0;0;0,33;15206;"Aroundhome Erfahrungen für Handwerker: Kosten und Einordnung des Vergleichsportal-Modells";post;"Aroundhome Kosten für Handwerker: Lohnt sich das?";"Was kostet Aroundhome für Handwerker? Rechnen Sie Kosten pro Auftrag mit eigenen Zahlen und prüfen Sie Vertrag, Erfahrungen und Portal-Fit.";https://hasimuener.de/aroundhome-solar-einordnung/;1;0;1083;0
28;2026-08-05;2026-09-01;2026-07-08;2026-08-04;query_page;both;https://hasimuener.de/aroundhome-solar-einordnung/;"aroundhome pv";0;1;0,0000;8,00;0;1;0,0000;16,00;0;0;-8,00;15206;"Aroundhome Erfahrungen für Handwerker: Kosten und Einordnung des Vergleichsportal-Modells";post;"Aroundhome Kosten für Handwerker: Lohnt sich das?";"Was kostet Aroundhome für Handwerker? Rechnen Sie Kosten pro Auftrag mit eigenen Zahlen und prüfen Sie Vertrag, Erfahrungen und Portal-Fit.";https://hasimuener.de/aroundhome-solar-einordnung/;1;0;1083;0
28;2026-08-05;2026-09-01;2026-07-08;2026-08-04;query_page;both;https://hasimuener.de/aroundhome-solar-einordnung/;"aroundhome solar";0;3;0,0000;13,67;0;5;0,0000;13,00;0;-2;0,67;15206;"Aroundhome Erfahrungen für Handwerker: Kosten und Einordnung des Vergleichsportal-Modells";post;"Aroundhome Kosten für Handwerker: Lohnt sich das?";"Was kostet Aroundhome für Handwerker? Rechnen Sie Kosten pro Auftrag mit eigenen Zahlen und prüfen Sie Vertrag, Erfahrungen und Portal-Fit.";https://hasimuener.de/aroundhome-solar-einordnung/;1;0;1083;0
28;2026-08-05;2026-09-01;2026-07-08;2026-08-04;query_page;both;https://hasimuener.de/aroundhome-solar-einordnung/;"aroundhome solar erfahrungen";0;7;0,0000;8,14;0;8;0,0000;9,25;0;-1;-1,11;15206;"Aroundhome Erfahrungen für Handwerker: Kosten und Einordnung des Vergleichsportal-Modells";post;"Aroundhome Kosten für Handwerker: Lohnt sich das?";"Was kostet Aroundhome für Handwerker? Rechnen Sie Kosten pro Auftrag mit eigenen Zahlen und prüfen Sie Vertrag, Erfahrungen und Portal-Fit.";https://hasimuener.de/aroundhome-solar-einordnung/;1;0;1083;0
28;2026-08-05;2026-09-01;2026-07-08;2026-08-04;query_page;both;https://hasimuener.de/aroundhome-solar-einordnung/;"aroundhome solaranlage";0;9;0,0000;14,44;0;16;0,0000;13,75;0;-7;0,69;15206;"Aroundhome Erfahrungen für Handwerker: Kosten und Einordnung des Vergleichsportal-Modells";post;"Aroundhome Kosten für Handwerker: Lohnt sich das?";"Was kostet Aroundhome für Handwerker? Rechnen Sie Kosten pro Auftrag mit eigenen Zahlen und prüfen Sie Vertrag, Erfahrungen und Portal-Fit.";https://hasimuener.de/aroundhome-solar-einordnung/;1;0;1083;0
28;2026-08-05;2026-09-01;2026-07-08;2026-08-04;query_page;both;https://hasimuener.de/aroundhome-solar-einordnung/;"aroundhome wp";0;2;0,0000;6,00;0;4;0,0000;8,50;0;-2;-2,50;15206;"Aroundhome Erfahrungen für Handwerker: Kosten und Einordnung des Vergleichsportal-Modells";post;"Aroundhome Kosten für Handwerker: Lohnt sich das?";"Was kostet Aroundhome für Handwerker? Rechnen Sie Kosten pro Auftrag mit eigenen Zahlen und prüfen Sie Vertrag, Erfahrungen und Portal-Fit.";https://hasimuener.de/aroundhome-solar-einordnung/;1;0;1083;0
28;2026-08-05;2026-09-01;2026-07-08;2026-08-04;query_page;current_only;https://hasimuener.de/aroundhome-solar-einordnung/;"gibt es plattformen wie aroundhome für heimwerker?";0;1;0,0000;10,00;0;0;;;0;1;;15206;"Aroundhome Erfahrungen für Handwerker: Kosten und Einordnung des Vergleichsportal-Modells";post;"Aroundhome Kosten für Handwerker: Lohnt sich das?";"Was kostet Aroundhome für Handwerker? Rechnen Sie Kosten pro Auftrag mit eigenen Zahlen und prüfen Sie Vertrag, Erfahrungen und Portal-Fit.";https://hasimuener.de/aroundhome-solar-einordnung/;1;0;1083;0
28;2026-08-05;2026-09-01;2026-07-08;2026-08-04;query_page;both;https://hasimuener.de/aroundhome-solar-einordnung/;"welche vorteile bietet aroundhome für handwerksbetriebe oder dienstleister?";0;2;0,0000;5,00;0;4;0,0000;7,25;0;-2;-2,25;15206;"Aroundhome Erfahrungen für Handwerker: Kosten und Einordnung des Vergleichsportal-Modells";post;"Aroundhome Kosten für Handwerker: Lohnt sich das?";"Was kostet Aroundhome für Handwerker? Rechnen Sie Kosten pro Auftrag mit eigenen Zahlen und prüfen Sie Vertrag, Erfahrungen und Portal-Fit.";https://hasimuener.de/aroundhome-solar-einordnung/;1;0;1083;0
28;2026-08-05;2026-09-01;2026-07-08;2026-08-04;query_page;both;https://hasimuener.de/b2b-solar-leads/;"b2b leads energie";0;2;0,0000;48,50;0;3;0,0000;19,67;0;-1;28,83;15199;"B2B Solar Leads – gewerbliche Photovoltaik-Anfrage-Systeme";page;"PV-Termine B2B: qualifizierte Gewerbe-PV-Anfragen";"PV-Termine B2B für Gewerbe-PV: Projektwert, Technik und Buying-Center vorqualifizieren. Eigener Anfrageweg statt Termine ohne Projektsubstanz.";https://hasimuener.de/b2b-solar-leads/;1;0;1416;0
28;2026-08-05;2026-09-01;2026-07-08;2026-08-04;query_page;both;https://hasimuener.de/b2b-solar-leads/;"b2b photovoltaik handel";0;4;0,0000;50,25;0;3;0,0000;31,67;0;1;18,58;15199;"B2B Solar Leads – gewerbliche Photovoltaik-Anfrage-Systeme";page;"PV-Termine B2B: qualifizierte Gewerbe-PV-Anfragen";"PV-Termine B2B für Gewerbe-PV: Projektwert, Technik und Buying-Center vorqualifizieren. Eigener Anfrageweg statt Termine ohne Projektsubstanz.";https://hasimuener.de/b2b-solar-leads/;1;0;1416;0
28;2026-08-05;2026-09-01;2026-07-08;2026-08-04;query_page;both;https://hasimuener.de/b2b-solar-leads/;"b2b-handel photovoltaik";0;2;0,0000;54,00;0;5;0,0000;25,20;0;-3;28,80;15199;"B2B Solar Leads – gewerbliche Photovoltaik-Anfrage-Systeme";page;"PV-Termine B2B: qualifizierte Gewerbe-PV-Anfragen";"PV-Termine B2B für Gewerbe-PV: Projektwert, Technik und Buying-Center vorqualifizieren. Eigener Anfrageweg statt Termine ohne Projektsubstanz.";https://hasimuener.de/b2b-solar-leads/;1;0;1416;0
28;2026-08-05;2026-09-01;2026-07-08;2026-08-04;query_page;both;https://hasimuener.de/b2b-solar-leads/;"b2b-handel pv";0;2;0,0000;57,00;0;4;0,0000;26,75;0;-2;30,25;15199;"B2B Solar Leads – gewerbliche Photovoltaik-Anfrage-Systeme";page;"PV-Termine B2B: qualifizierte Gewerbe-PV-Anfragen";"PV-Termine B2B für Gewerbe-PV: Projektwert, Technik und Buying-Center vorqualifizieren. Eigener Anfrageweg statt Termine ohne Projektsubstanz.";https://hasimuener.de/b2b-solar-leads/;1;0;1416;0
28;2026-08-05;2026-09-01;2026-07-08;2026-08-04;query_page;both;https://hasimuener.de/b2b-solar-leads/;"b2b-handel solar";0;1;0,0000;55,00;0;2;0,0000;51,00;0;-1;4,00;15199;"B2B Solar Leads – gewerbliche Photovoltaik-Anfrage-Systeme";page;"PV-Termine B2B: qualifizierte Gewerbe-PV-Anfragen";"PV-Termine B2B für Gewerbe-PV: Projektwert, Technik und Buying-Center vorqualifizieren. Eigener Anfrageweg statt Termine ohne Projektsubstanz.";https://hasimuener.de/b2b-solar-leads/;1;0;1416;0
28;2026-08-05;2026-09-01;2026-07-08;2026-08-04;query_page;current_only;https://hasimuener.de/b2b-solar-leads/;"buy solar leads";0;1;0,0000;67,00;0;0;;;0;1;;15199;"B2B Solar Leads – gewerbliche Photovoltaik-Anfrage-Systeme";page;"PV-Termine B2B: qualifizierte Gewerbe-PV-Anfragen";"PV-Termine B2B für Gewerbe-PV: Projektwert, Technik und Buying-Center vorqualifizieren. Eigener Anfrageweg statt Termine ohne Projektsubstanz.";https://hasimuener.de/b2b-solar-leads/;1;0;1416;0
28;2026-08-05;2026-09-01;2026-07-08;2026-08-04;query_page;both;https://hasimuener.de/b2b-solar-leads/;"energie leads b2b";0;2;0,0000;49,50;0;19;0,0000;17,89;0;-17;31,61;15199;"B2B Solar Leads – gewerbliche Photovoltaik-Anfrage-Systeme";page;"PV-Termine B2B: qualifizierte Gewerbe-PV-Anfragen";"PV-Termine B2B für Gewerbe-PV: Projektwert, Technik und Buying-Center vorqualifizieren. Eigener Anfrageweg statt Termine ohne Projektsubstanz.";https://hasimuener.de/b2b-solar-leads/;1;0;1416;0
28;2026-08-05;2026-09-01;2026-07-08;2026-08-04;query_page;both;https://hasimuener.de/b2b-solar-leads/;"leadgenerierung photovoltaik";0;51;0,0000;50,73;0;38;0,0000;45,50;0;13;5,23;15199;"B2B Solar Leads – gewerbliche Photovoltaik-Anfrage-Systeme";page;"PV-Termine B2B: qualifizierte Gewerbe-PV-Anfragen";"PV-Termine B2B für Gewerbe-PV: Projektwert, Technik und Buying-Center vorqualifizieren. Eigener Anfrageweg statt Termine ohne Projektsubstanz.";https://hasimuener.de/b2b-solar-leads/;1;0;1416;0
28;2026-08-05;2026-09-01;2026-07-08;2026-08-04;query_page;both;https://hasimuener.de/b2b-solar-leads/;"leads kaufen photovoltaik";0;23;0,0000;78,00;0;11;0,0000;71,18;0;12;6,82;15199;"B2B Solar Leads – gewerbliche Photovoltaik-Anfrage-Systeme";page;"PV-Termine B2B: qualifizierte Gewerbe-PV-Anfragen";"PV-Termine B2B für Gewerbe-PV: Projektwert, Technik und Buying-Center vorqualifizieren. Eigener Anfrageweg statt Termine ohne Projektsubstanz.";https://hasimuener.de/b2b-solar-leads/;1;0;1416;0
28;2026-08-05;2026-09-01;2026-07-08;2026-08-04;query_page;both;https://hasimuener.de/b2b-solar-leads/;"leads photovoltaik";0;2;0,0000;58,50;0;3;0,0000;50,67;0;-1;7,83;15199;"B2B Solar Leads – gewerbliche Photovoltaik-Anfrage-Systeme";page;"PV-Termine B2B: qualifizierte Gewerbe-PV-Anfragen";"PV-Termine B2B für Gewerbe-PV: Projektwert, Technik und Buying-Center vorqualifizieren. Eigener Anfrageweg statt Termine ohne Projektsubstanz.";https://hasimuener.de/b2b-solar-leads/;1;0;1416;0
28;2026-08-05;2026-09-01;2026-07-08;2026-08-04;query_page;both;https://hasimuener.de/b2b-solar-leads/;"leads solar";0;4;0,0000;53,50;0;6;0,0000;52,00;0;-2;1,50;15199;"B2B Solar Leads – gewerbliche Photovoltaik-Anfrage-Systeme";page;"PV-Termine B2B: qualifizierte Gewerbe-PV-Anfragen";"PV-Termine B2B für Gewerbe-PV: Projektwert, Technik und Buying-Center vorqualifizieren. Eigener Anfrageweg statt Termine ohne Projektsubstanz.";https://hasimuener.de/b2b-solar-leads/;1;0;1416;0
28;2026-08-05;2026-09-01;2026-07-08;2026-08-04;query_page;both;https://hasimuener.de/b2b-solar-leads/;"photovoltaik b2b";0;2;0,0000;50,00;0;9;0,0000;30,00;0;-7;20,00;15199;"B2B Solar Leads – gewerbliche Photovoltaik-Anfrage-Systeme";page;"PV-Termine B2B: qualifizierte Gewerbe-PV-Anfragen";"PV-Termine B2B für Gewerbe-PV: Projektwert, Technik und Buying-Center vorqualifizieren. Eigener Anfrageweg statt Termine ohne Projektsubstanz.";https://hasimuener.de/b2b-solar-leads/;1;0;1416;0
28;2026-08-05;2026-09-01;2026-07-08;2026-08-04;query_page;both;https://hasimuener.de/b2b-solar-leads/;"photovoltaik b2b lösung";0;59;0,0000;60,92;0;66;0,0000;42,02;0;-7;18,90;15199;"B2B Solar Leads – gewerbliche Photovoltaik-Anfrage-Systeme";page;"PV-Termine B2B: qualifizierte Gewerbe-PV-Anfragen";"PV-Termine B2B für Gewerbe-PV: Projektwert, Technik und Buying-Center vorqualifizieren. Eigener Anfrageweg statt Termine ohne Projektsubstanz.";https://hasimuener.de/b2b-solar-leads/;1;0;1416;0
28;2026-08-05;2026-09-01;2026-07-08;2026-08-04;query_page;both;https://hasimuener.de/b2b-solar-leads/;"photovoltaik leads";0;47;0,0000;60,79;0;57;0,0000;51,40;0;-10;9,38;15199;"B2B Solar Leads – gewerbliche Photovoltaik-Anfrage-Systeme";page;"PV-Termine B2B: qualifizierte Gewerbe-PV-Anfragen";"PV-Termine B2B für Gewerbe-PV: Projektwert, Technik und Buying-Center vorqualifizieren. Eigener Anfrageweg statt Termine ohne Projektsubstanz.";https://hasimuener.de/b2b-solar-leads/;1;0;1416;0
28;2026-08-05;2026-09-01;2026-07-08;2026-08-04;query_page;both;https://hasimuener.de/b2b-solar-leads/;"photovoltaik leads gewerbe";0;4;0,0000;25,00;0;11;0,0000;17,09;0;-7;7,91;15199;"B2B Solar Leads – gewerbliche Photovoltaik-Anfrage-Systeme";page;"PV-Termine B2B: qualifizierte Gewerbe-PV-Anfragen";"PV-Termine B2B für Gewerbe-PV: Projektwert, Technik und Buying-Center vorqualifizieren. Eigener Anfrageweg statt Termine ohne Projektsubstanz.";https://hasimuener.de/b2b-solar-leads/;1;0;1416;0
28;2026-08-05;2026-09-01;2026-07-08;2026-08-04;query_page;both;https://hasimuener.de/b2b-solar-leads/;"photovoltaik leads kaufen";0;9;0,0000;61,22;0;17;0,0000;57,53;0;-8;3,69;15199;"B2B Solar Leads – gewerbliche Photovoltaik-Anfrage-Systeme";page;"PV-Termine B2B: qualifizierte Gewerbe-PV-Anfragen";"PV-Termine B2B für Gewerbe-PV: Projektwert, Technik und Buying-Center vorqualifizieren. Eigener Anfrageweg statt Termine ohne Projektsubstanz.";https://hasimuener.de/b2b-solar-leads/;1;0;1416;0
28;2026-08-05;2026-09-01;2026-07-08;2026-08-04;query_page;both;https://hasimuener.de/b2b-solar-leads/;"photovoltaik marketing";0;1;0,0000;81,00;0;2;0,0000;69,50;0;-1;11,50;15199;"B2B Solar Leads – gewerbliche Photovoltaik-Anfrage-Systeme";page;"PV-Termine B2B: qualifizierte Gewerbe-PV-Anfragen";"PV-Termine B2B für Gewerbe-PV: Projektwert, Technik und Buying-Center vorqualifizieren. Eigener Anfrageweg statt Termine ohne Projektsubstanz.";https://hasimuener.de/b2b-solar-leads/;1;0;1416;0
28;2026-08-05;2026-09-01;2026-07-08;2026-08-04;query_page;current_only;https://hasimuener.de/b2b-solar-leads/;"photovoltaik termine gewerbe";0;1;0,0000;69,00;0;0;;;0;1;;15199;"B2B Solar Leads – gewerbliche Photovoltaik-Anfrage-Systeme";page;"PV-Termine B2B: qualifizierte Gewerbe-PV-Anfragen";"PV-Termine B2B für Gewerbe-PV: Projektwert, Technik und Buying-Center vorqualifizieren. Eigener Anfrageweg statt Termine ohne Projektsubstanz.";https://hasimuener.de/b2b-solar-leads/;1;0;1416;0
28;2026-08-05;2026-09-01;2026-07-08;2026-08-04;query_page;both;https://hasimuener.de/b2b-solar-leads/;photovoltaik-leads;0;1;0,0000;60,00;0;2;0,0000;54,00;0;-1;6,00;15199;"B2B Solar Leads – gewerbliche Photovoltaik-Anfrage-Systeme";page;"PV-Termine B2B: qualifizierte Gewerbe-PV-Anfragen";"PV-Termine B2B für Gewerbe-PV: Projektwert, Technik und Buying-Center vorqualifizieren. Eigener Anfrageweg statt Termine ohne Projektsubstanz.";https://hasimuener.de/b2b-solar-leads/;1;0;1416;0
28;2026-08-05;2026-09-01;2026-07-08;2026-08-04;query_page;both;https://hasimuener.de/b2b-solar-leads/;"pv business deutschland";0;5;0,0000;87,20;0;4;0,0000;85,25;0;1;1,95;15199;"B2B Solar Leads – gewerbliche Photovoltaik-Anfrage-Systeme";page;"PV-Termine B2B: qualifizierte Gewerbe-PV-Anfragen";"PV-Termine B2B für Gewerbe-PV: Projektwert, Technik und Buying-Center vorqualifizieren. Eigener Anfrageweg statt Termine ohne Projektsubstanz.";https://hasimuener.de/b2b-solar-leads/;1;0;1416;0
28;2026-08-05;2026-09-01;2026-07-08;2026-08-04;query_page;both;https://hasimuener.de/b2b-solar-leads/;"pv epc unternehmensverkauf";0;2;0,0000;98,50;0;1;0,0000;99,00;0;1;-0,50;15199;"B2B Solar Leads – gewerbliche Photovoltaik-Anfrage-Systeme";page;"PV-Termine B2B: qualifizierte Gewerbe-PV-Anfragen";"PV-Termine B2B für Gewerbe-PV: Projektwert, Technik und Buying-Center vorqualifizieren. Eigener Anfrageweg statt Termine ohne Projektsubstanz.";https://hasimuener.de/b2b-solar-leads/;1;0;1416;0
28;2026-08-05;2026-09-01;2026-07-08;2026-08-04;query_page;both;https://hasimuener.de/b2b-solar-leads/;"pv lead";0;1;0,0000;54,00;0;2;0,0000;45,50;0;-1;8,50;15199;"B2B Solar Leads – gewerbliche Photovoltaik-Anfrage-Systeme";page;"PV-Termine B2B: qualifizierte Gewerbe-PV-Anfragen";"PV-Termine B2B für Gewerbe-PV: Projektwert, Technik und Buying-Center vorqualifizieren. Eigener Anfrageweg statt Termine ohne Projektsubstanz.";https://hasimuener.de/b2b-solar-leads/;1;0;1416;0
28;2026-08-05;2026-09-01;2026-07-08;2026-08-04;query_page;both;https://hasimuener.de/b2b-solar-leads/;"pv leads";0;15;0,0000;54,80;0;16;0,0000;48,06;0;-1;6,74;15199;"B2B Solar Leads – gewerbliche Photovoltaik-Anfrage-Systeme";page;"PV-Termine B2B: qualifizierte Gewerbe-PV-Anfragen";"PV-Termine B2B für Gewerbe-PV: Projektwert, Technik und Buying-Center vorqualifizieren. Eigener Anfrageweg statt Termine ohne Projektsubstanz.";https://hasimuener.de/b2b-solar-leads/;1;0;1416;0
28;2026-08-05;2026-09-01;2026-07-08;2026-08-04;query_page;current_only;https://hasimuener.de/b2b-solar-leads/;"pv leads generieren";0;1;0,0000;68,00;0;0;;;0;1;;15199;"B2B Solar Leads – gewerbliche Photovoltaik-Anfrage-Systeme";page;"PV-Termine B2B: qualifizierte Gewerbe-PV-Anfragen";"PV-Termine B2B für Gewerbe-PV: Projektwert, Technik und Buying-Center vorqualifizieren. Eigener Anfrageweg statt Termine ohne Projektsubstanz.";https://hasimuener.de/b2b-solar-leads/;1;0;1416;0
28;2026-08-05;2026-09-01;2026-07-08;2026-08-04;query_page;both;https://hasimuener.de/b2b-solar-leads/;"pv leads gewerbe";0;40;0,0000;20,28;0;47;0,0000;14,60;0;-7;5,68;15199;"B2B Solar Leads – gewerbliche Photovoltaik-Anfrage-Systeme";page;"PV-Termine B2B: qualifizierte Gewerbe-PV-Anfragen";"PV-Termine B2B für Gewerbe-PV: Projektwert, Technik und Buying-Center vorqualifizieren. Eigener Anfrageweg statt Termine ohne Projektsubstanz.";https://hasimuener.de/b2b-solar-leads/;1;0;1416;0
28;2026-08-05;2026-09-01;2026-07-08;2026-08-04;query_page;both;https://hasimuener.de/b2b-solar-leads/;"pv leads kaufen";0;8;0,0000;70,50;0;6;0,0000;61,00;0;2;9,50;15199;"B2B Solar Leads – gewerbliche Photovoltaik-Anfrage-Systeme";page;"PV-Termine B2B: qualifizierte Gewerbe-PV-Anfragen";"PV-Termine B2B für Gewerbe-PV: Projektwert, Technik und Buying-Center vorqualifizieren. Eigener Anfrageweg statt Termine ohne Projektsubstanz.";https://hasimuener.de/b2b-solar-leads/;1;0;1416;0
28;2026-08-05;2026-09-01;2026-07-08;2026-08-04;query_page;both;https://hasimuener.de/b2b-solar-leads/;"pv projektanfragen";0;1;0,0000;69,00;0;1;0,0000;93,00;0;0;-24,00;15199;"B2B Solar Leads – gewerbliche Photovoltaik-Anfrage-Systeme";page;"PV-Termine B2B: qualifizierte Gewerbe-PV-Anfragen";"PV-Termine B2B für Gewerbe-PV: Projektwert, Technik und Buying-Center vorqualifizieren. Eigener Anfrageweg statt Termine ohne Projektsubstanz.";https://hasimuener.de/b2b-solar-leads/;1;0;1416;0
28;2026-08-05;2026-09-01;2026-07-08;2026-08-04;query_page;both;https://hasimuener.de/b2b-solar-leads/;"pv termine b2b";0;73;0,0000;5,10;0;52;0,0000;4,98;0;21;0,12;15199;"B2B Solar Leads – gewerbliche Photovoltaik-Anfrage-Systeme";page;"PV-Termine B2B: qualifizierte Gewerbe-PV-Anfragen";"PV-Termine B2B für Gewerbe-PV: Projektwert, Technik und Buying-Center vorqualifizieren. Eigener Anfrageweg statt Termine ohne Projektsubstanz.";https://hasimuener.de/b2b-solar-leads/;1;0;1416;0
28;2026-08-05;2026-09-01;2026-07-08;2026-08-04;query_page;both;https://hasimuener.de/b2b-solar-leads/;pv-leads;0;1;0,0000;50,00;0;2;0,0000;51,00;0;-1;-1,00;15199;"B2B Solar Leads – gewerbliche Photovoltaik-Anfrage-Systeme";page;"PV-Termine B2B: qualifizierte Gewerbe-PV-Anfragen";"PV-Termine B2B für Gewerbe-PV: Projektwert, Technik und Buying-Center vorqualifizieren. Eigener Anfrageweg statt Termine ohne Projektsubstanz.";https://hasimuener.de/b2b-solar-leads/;1;0;1416;0
28;2026-08-05;2026-09-01;2026-07-08;2026-08-04;query_page;both;https://hasimuener.de/b2b-solar-leads/;"pvb vertrieb";0;1;0,0000;60,00;0;1;0,0000;69,00;0;0;-9,00;15199;"B2B Solar Leads – gewerbliche Photovoltaik-Anfrage-Systeme";page;"PV-Termine B2B: qualifizierte Gewerbe-PV-Anfragen";"PV-Termine B2B für Gewerbe-PV: Projektwert, Technik und Buying-Center vorqualifizieren. Eigener Anfrageweg statt Termine ohne Projektsubstanz.";https://hasimuener.de/b2b-solar-leads/;1;0;1416;0
28;2026-08-05;2026-09-01;2026-07-08;2026-08-04;query_page;both;https://hasimuener.de/b2b-solar-leads/;"qualifizierte pv leads";0;2;0,0000;62,00;0;1;0,0000;49,00;0;1;13,00;15199;"B2B Solar Leads – gewerbliche Photovoltaik-Anfrage-Systeme";page;"PV-Termine B2B: qualifizierte Gewerbe-PV-Anfragen";"PV-Termine B2B für Gewerbe-PV: Projektwert, Technik und Buying-Center vorqualifizieren. Eigener Anfrageweg statt Termine ohne Projektsubstanz.";https://hasimuener.de/b2b-solar-leads/;1;0;1416;0
28;2026-08-05;2026-09-01;2026-07-08;2026-08-04;query_page;both;https://hasimuener.de/b2b-solar-leads/;"solar b2b";0;15;0,0000;56,73;0;7;0,0000;50,71;0;8;6,02;15199;"B2B Solar Leads – gewerbliche Photovoltaik-Anfrage-Systeme";page;"PV-Termine B2B: qualifizierte Gewerbe-PV-Anfragen";"PV-Termine B2B für Gewerbe-PV: Projektwert, Technik und Buying-Center vorqualifizieren. Eigener Anfrageweg statt Termine ohne Projektsubstanz.";https://hasimuener.de/b2b-solar-leads/;1;0;1416;0
28;2026-08-05;2026-09-01;2026-07-08;2026-08-04;query_page;both;https://hasimuener.de/b2b-solar-leads/;"solar lead generation";0;3;0,0000;61,33;0;3;0,0000;54,00;0;0;7,33;15199;"B2B Solar Leads – gewerbliche Photovoltaik-Anfrage-Systeme";page;"PV-Termine B2B: qualifizierte Gewerbe-PV-Anfragen";"PV-Termine B2B für Gewerbe-PV: Projektwert, Technik und Buying-Center vorqualifizieren. Eigener Anfrageweg statt Termine ohne Projektsubstanz.";https://hasimuener.de/b2b-solar-leads/;1;0;1416;0
28;2026-08-05;2026-09-01;2026-07-08;2026-08-04;query_page;both;https://hasimuener.de/b2b-solar-leads/;"solar lead generator";0;1;0,0000;88,00;0;1;0,0000;72,00;0;0;16,00;15199;"B2B Solar Leads – gewerbliche Photovoltaik-Anfrage-Systeme";page;"PV-Termine B2B: qualifizierte Gewerbe-PV-Anfragen";"PV-Termine B2B für Gewerbe-PV: Projektwert, Technik und Buying-Center vorqualifizieren. Eigener Anfrageweg statt Termine ohne Projektsubstanz.";https://hasimuener.de/b2b-solar-leads/;1;0;1416;0
28;2026-08-05;2026-09-01;2026-07-08;2026-08-04;query_page;both;https://hasimuener.de/b2b-solar-leads/;"solar leads";0;8;0,0000;56,63;0;20;0,0000;43,80;0;-12;12,83;15199;"B2B Solar Leads – gewerbliche Photovoltaik-Anfrage-Systeme";page;"PV-Termine B2B: qualifizierte Gewerbe-PV-Anfragen";"PV-Termine B2B für Gewerbe-PV: Projektwert, Technik und Buying-Center vorqualifizieren. Eigener Anfrageweg statt Termine ohne Projektsubstanz.";https://hasimuener.de/b2b-solar-leads/;1;0;1416;0
28;2026-08-05;2026-09-01;2026-07-08;2026-08-04;query_page;both;https://hasimuener.de/b2b-solar-leads/;"solar leads kaufen";0;29;0,0000;72,14;0;11;0,0000;55,45;0;18;16,68;15199;"B2B Solar Leads – gewerbliche Photovoltaik-Anfrage-Systeme";page;"PV-Termine B2B: qualifizierte Gewerbe-PV-Anfragen";"PV-Termine B2B für Gewerbe-PV: Projektwert, Technik und Buying-Center vorqualifizieren. Eigener Anfrageweg statt Termine ohne Projektsubstanz.";https://hasimuener.de/b2b-solar-leads/;1;0;1416;0
28;2026-08-05;2026-09-01;2026-07-08;2026-08-04;query_page;both;https://hasimuener.de/b2b-solar-leads/;solarleads;0;1;0,0000;40,00;0;1;0,0000;35,00;0;0;5,00;15199;"B2B Solar Leads – gewerbliche Photovoltaik-Anfrage-Systeme";page;"PV-Termine B2B: qualifizierte Gewerbe-PV-Anfragen";"PV-Termine B2B für Gewerbe-PV: Projektwert, Technik und Buying-Center vorqualifizieren. Eigener Anfrageweg statt Termine ohne Projektsubstanz.";https://hasimuener.de/b2b-solar-leads/;1;0;1416;0
28;2026-08-05;2026-09-01;2026-07-08;2026-08-04;query_page;both;https://hasimuener.de/b2b-solar-leads/;"solarstrom b2b";0;4;0,0000;63,25;0;1;0,0000;42,00;0;3;21,25;15199;"B2B Solar Leads – gewerbliche Photovoltaik-Anfrage-Systeme";page;"PV-Termine B2B: qualifizierte Gewerbe-PV-Anfragen";"PV-Termine B2B für Gewerbe-PV: Projektwert, Technik und Buying-Center vorqualifizieren. Eigener Anfrageweg statt Termine ohne Projektsubstanz.";https://hasimuener.de/b2b-solar-leads/;1;0;1416;0
28;2026-08-05;2026-09-01;2026-07-08;2026-08-04;query_page;current_only;https://hasimuener.de/b2b-solar-leads/;"strom leads gewerbe";0;1;0,0000;54,00;0;0;;;0;1;;15199;"B2B Solar Leads – gewerbliche Photovoltaik-Anfrage-Systeme";page;"PV-Termine B2B: qualifizierte Gewerbe-PV-Anfragen";"PV-Termine B2B für Gewerbe-PV: Projektwert, Technik und Buying-Center vorqualifizieren. Eigener Anfrageweg statt Termine ohne Projektsubstanz.";https://hasimuener.de/b2b-solar-leads/;1;0;1416;0
28;2026-08-05;2026-09-01;2026-07-08;2026-08-04;query_page;current_only;https://hasimuener.de/checkfox-solar-waermepumpe-einordnung/;"check fox";0;1;0,0000;25,00;0;0;;;0;1;;15276;"Checkfox für Solar- und Wärmepumpen-Betriebe: Seriosität, Mechanik und Markteinordnung";post;"Checkfox seriös? Erfahrungen & Kosten für Solar-Betriebe";"Ist Checkfox seriös? Unabhängige Einordnung für Solar- & Wärmepumpen-Betriebe: Portal-Mechanik, Kosten-Logik und die Alternative zu gekauften Leads.";https://hasimuener.de/checkfox-solar-waermepumpe-einordnung/;1;0;703;0
28;2026-08-05;2026-09-01;2026-07-08;2026-08-04;query_page;both;https://hasimuener.de/checkfox-solar-waermepumpe-einordnung/;"check fox seriös";0;39;0,0000;6,23;0;18;0,0000;7,28;0;21;-1,05;15276;"Checkfox für Solar- und Wärmepumpen-Betriebe: Seriosität, Mechanik und Markteinordnung";post;"Checkfox seriös? Erfahrungen & Kosten für Solar-Betriebe";"Ist Checkfox seriös? Unabhängige Einordnung für Solar- & Wärmepumpen-Betriebe: Portal-Mechanik, Kosten-Logik und die Alternative zu gekauften Leads.";https://hasimuener.de/checkfox-solar-waermepumpe-einordnung/;1;0;703;0
28;2026-08-05;2026-09-01;2026-07-08;2026-08-04;query_page;both;https://hasimuener.de/checkfox-solar-waermepumpe-einordnung/;checkfox;0;10;0,0000;17,00;0;3;0,0000;22,00;0;7;-5,00;15276;"Checkfox für Solar- und Wärmepumpen-Betriebe: Seriosität, Mechanik und Markteinordnung";post;"Checkfox seriös? Erfahrungen & Kosten für Solar-Betriebe";"Ist Checkfox seriös? Unabhängige Einordnung für Solar- & Wärmepumpen-Betriebe: Portal-Mechanik, Kosten-Logik und die Alternative zu gekauften Leads.";https://hasimuener.de/checkfox-solar-waermepumpe-einordnung/;1;0;703;0
28;2026-08-05;2026-09-01;2026-07-08;2026-08-04;query_page;both;https://hasimuener.de/checkfox-solar-waermepumpe-einordnung/;"checkfox bewertung";0;23;0,0000;10,70;0;46;0,0000;10,59;0;-23;0,11;15276;"Checkfox für Solar- und Wärmepumpen-Betriebe: Seriosität, Mechanik und Markteinordnung";post;"Checkfox seriös? Erfahrungen & Kosten für Solar-Betriebe";"Ist Checkfox seriös? Unabhängige Einordnung für Solar- & Wärmepumpen-Betriebe: Portal-Mechanik, Kosten-Logik und die Alternative zu gekauften Leads.";https://hasimuener.de/checkfox-solar-waermepumpe-einordnung/;1;0;703;0
28;2026-08-05;2026-09-01;2026-07-08;2026-08-04;query_page;both;https://hasimuener.de/checkfox-solar-waermepumpe-einordnung/;"checkfox erfahrung";0;34;0,0000;8,50;0;4;0,0000;9,00;0;30;-0,50;15276;"Checkfox für Solar- und Wärmepumpen-Betriebe: Seriosität, Mechanik und Markteinordnung";post;"Checkfox seriös? Erfahrungen & Kosten für Solar-Betriebe";"Ist Checkfox seriös? Unabhängige Einordnung für Solar- & Wärmepumpen-Betriebe: Portal-Mechanik, Kosten-Logik und die Alternative zu gekauften Leads.";https://hasimuener.de/checkfox-solar-waermepumpe-einordnung/;1;0;703;0
28;2026-08-05;2026-09-01;2026-07-08;2026-08-04;query_page;current_only;https://hasimuener.de/checkfox-solar-waermepumpe-einordnung/;"checkfox hörgeräte erfahrungen";0;1;0,0000;1,00;0;0;;;0;1;;15276;"Checkfox für Solar- und Wärmepumpen-Betriebe: Seriosität, Mechanik und Markteinordnung";post;"Checkfox seriös? Erfahrungen & Kosten für Solar-Betriebe";"Ist Checkfox seriös? Unabhängige Einordnung für Solar- & Wärmepumpen-Betriebe: Portal-Mechanik, Kosten-Logik und die Alternative zu gekauften Leads.";https://hasimuener.de/checkfox-solar-waermepumpe-einordnung/;1;0;703;0
28;2026-08-05;2026-09-01;2026-07-08;2026-08-04;query_page;both;https://hasimuener.de/checkfox-solar-waermepumpe-einordnung/;"checkfox photovoltaik";0;3;0,0000;9,33;0;5;0,0000;14,00;0;-2;-4,67;15276;"Checkfox für Solar- und Wärmepumpen-Betriebe: Seriosität, Mechanik und Markteinordnung";post;"Checkfox seriös? Erfahrungen & Kosten für Solar-Betriebe";"Ist Checkfox seriös? Unabhängige Einordnung für Solar- & Wärmepumpen-Betriebe: Portal-Mechanik, Kosten-Logik und die Alternative zu gekauften Leads.";https://hasimuener.de/checkfox-solar-waermepumpe-einordnung/;1;0;703;0
28;2026-08-05;2026-09-01;2026-07-08;2026-08-04;query_page;both;https://hasimuener.de/checkfox-solar-waermepumpe-einordnung/;"checkfox photovoltaik seriös";0;32;0,0000;7,59;0;7;0,0000;6,71;0;25;0,88;15276;"Checkfox für Solar- und Wärmepumpen-Betriebe: Seriosität, Mechanik und Markteinordnung";post;"Checkfox seriös? Erfahrungen & Kosten für Solar-Betriebe";"Ist Checkfox seriös? Unabhängige Einordnung für Solar- & Wärmepumpen-Betriebe: Portal-Mechanik, Kosten-Logik und die Alternative zu gekauften Leads.";https://hasimuener.de/checkfox-solar-waermepumpe-einordnung/;1;0;703;0
28;2026-08-05;2026-09-01;2026-07-08;2026-08-04;query_page;both;https://hasimuener.de/checkfox-solar-waermepumpe-einordnung/;"checkfox pro leads";0;9;0,0000;10,00;0;8;0,0000;9,38;0;1;0,63;15276;"Checkfox für Solar- und Wärmepumpen-Betriebe: Seriosität, Mechanik und Markteinordnung";post;"Checkfox seriös? Erfahrungen & Kosten für Solar-Betriebe";"Ist Checkfox seriös? Unabhängige Einordnung für Solar- & Wärmepumpen-Betriebe: Portal-Mechanik, Kosten-Logik und die Alternative zu gekauften Leads.";https://hasimuener.de/checkfox-solar-waermepumpe-einordnung/;1;0;703;0
28;2026-08-05;2026-09-01;2026-07-08;2026-08-04;query_page;both;https://hasimuener.de/checkfox-solar-waermepumpe-einordnung/;"checkfox seriös";0;524;0,0000;8,51;0;257;0,0000;8,72;0;267;-0,20;15276;"Checkfox für Solar- und Wärmepumpen-Betriebe: Seriosität, Mechanik und Markteinordnung";post;"Checkfox seriös? Erfahrungen & Kosten für Solar-Betriebe";"Ist Checkfox seriös? Unabhängige Einordnung für Solar- & Wärmepumpen-Betriebe: Portal-Mechanik, Kosten-Logik und die Alternative zu gekauften Leads.";https://hasimuener.de/checkfox-solar-waermepumpe-einordnung/;1;0;703;0
28;2026-08-05;2026-09-01;2026-07-08;2026-08-04;query_page;both;https://hasimuener.de/checkfox-solar-waermepumpe-einordnung/;"checkfox seriös erfahrungen";0;14;0,0000;7,86;0;5;0,0000;8,00;0;9;-0,14;15276;"Checkfox für Solar- und Wärmepumpen-Betriebe: Seriosität, Mechanik und Markteinordnung";post;"Checkfox seriös? Erfahrungen & Kosten für Solar-Betriebe";"Ist Checkfox seriös? Unabhängige Einordnung für Solar- & Wärmepumpen-Betriebe: Portal-Mechanik, Kosten-Logik und die Alternative zu gekauften Leads.";https://hasimuener.de/checkfox-solar-waermepumpe-einordnung/;1;0;703;0
28;2026-08-05;2026-09-01;2026-07-08;2026-08-04;query_page;both;https://hasimuener.de/checkfox-solar-waermepumpe-einordnung/;"checkfox service gmbh";0;1;0,0000;28,00;0;2;0,0000;24,00;0;-1;4,00;15276;"Checkfox für Solar- und Wärmepumpen-Betriebe: Seriosität, Mechanik und Markteinordnung";post;"Checkfox seriös? Erfahrungen & Kosten für Solar-Betriebe";"Ist Checkfox seriös? Unabhängige Einordnung für Solar- & Wärmepumpen-Betriebe: Portal-Mechanik, Kosten-Logik und die Alternative zu gekauften Leads.";https://hasimuener.de/checkfox-solar-waermepumpe-einordnung/;1;0;703;0
28;2026-08-05;2026-09-01;2026-07-08;2026-08-04;query_page;current_only;https://hasimuener.de/checkfox-solar-waermepumpe-einordnung/;"checkfox service gmbh erfahrungen";0;4;0,0000;9,25;0;0;;;0;4;;15276;"Checkfox für Solar- und Wärmepumpen-Betriebe: Seriosität, Mechanik und Markteinordnung";post;"Checkfox seriös? Erfahrungen & Kosten für Solar-Betriebe";"Ist Checkfox seriös? Unabhängige Einordnung für Solar- & Wärmepumpen-Betriebe: Portal-Mechanik, Kosten-Logik und die Alternative zu gekauften Leads.";https://hasimuener.de/checkfox-solar-waermepumpe-einordnung/;1;0;703;0
28;2026-08-05;2026-09-01;2026-07-08;2026-08-04;query_page;both;https://hasimuener.de/checkfox-solar-waermepumpe-einordnung/;"checkfox solar";0;21;0,0000;10,71;0;5;0,0000;10,00;0;16;0,71;15276;"Checkfox für Solar- und Wärmepumpen-Betriebe: Seriosität, Mechanik und Markteinordnung";post;"Checkfox seriös? Erfahrungen & Kosten für Solar-Betriebe";"Ist Checkfox seriös? Unabhängige Einordnung für Solar- & Wärmepumpen-Betriebe: Portal-Mechanik, Kosten-Logik und die Alternative zu gekauften Leads.";https://hasimuener.de/checkfox-solar-waermepumpe-einordnung/;1;0;703;0
28;2026-08-05;2026-09-01;2026-07-08;2026-08-04;query_page;both;https://hasimuener.de/checkfox-solar-waermepumpe-einordnung/;"checkfox solar seriös";0;6;0,0000;5,50;0;2;0,0000;3,50;0;4;2,00;15276;"Checkfox für Solar- und Wärmepumpen-Betriebe: Seriosität, Mechanik und Markteinordnung";post;"Checkfox seriös? Erfahrungen & Kosten für Solar-Betriebe";"Ist Checkfox seriös? Unabhängige Einordnung für Solar- & Wärmepumpen-Betriebe: Portal-Mechanik, Kosten-Logik und die Alternative zu gekauften Leads.";https://hasimuener.de/checkfox-solar-waermepumpe-einordnung/;1;0;703;0
28;2026-08-05;2026-09-01;2026-07-08;2026-08-04;query_page;both;https://hasimuener.de/checkfox-solar-waermepumpe-einordnung/;"checkfox wärmepumpe";0;4;0,0000;10,00;0;8;0,0000;12,00;0;-4;-2,00;15276;"Checkfox für Solar- und Wärmepumpen-Betriebe: Seriosität, Mechanik und Markteinordnung";post;"Checkfox seriös? Erfahrungen & Kosten für Solar-Betriebe";"Ist Checkfox seriös? Unabhängige Einordnung für Solar- & Wärmepumpen-Betriebe: Portal-Mechanik, Kosten-Logik und die Alternative zu gekauften Leads.";https://hasimuener.de/checkfox-solar-waermepumpe-einordnung/;1;0;703;0
28;2026-08-05;2026-09-01;2026-07-08;2026-08-04;query_page;current_only;https://hasimuener.de/checkfox-solar-waermepumpe-einordnung/;"checkfox.de seriös";0;1;0,0000;11,00;0;0;;;0;1;;15276;"Checkfox für Solar- und Wärmepumpen-Betriebe: Seriosität, Mechanik und Markteinordnung";post;"Checkfox seriös? Erfahrungen & Kosten für Solar-Betriebe";"Ist Checkfox seriös? Unabhängige Einordnung für Solar- & Wärmepumpen-Betriebe: Portal-Mechanik, Kosten-Logik und die Alternative zu gekauften Leads.";https://hasimuener.de/checkfox-solar-waermepumpe-einordnung/;1;0;703;0
28;2026-08-05;2026-09-01;2026-07-08;2026-08-04;query_page;current_only;https://hasimuener.de/checkfox-solar-waermepumpe-einordnung/;checkfoxpro;0;12;0,0000;8,25;0;0;;;0;12;;15276;"Checkfox für Solar- und Wärmepumpen-Betriebe: Seriosität, Mechanik und Markteinordnung";post;"Checkfox seriös? Erfahrungen & Kosten für Solar-Betriebe";"Ist Checkfox seriös? Unabhängige Einordnung für Solar- & Wärmepumpen-Betriebe: Portal-Mechanik, Kosten-Logik und die Alternative zu gekauften Leads.";https://hasimuener.de/checkfox-solar-waermepumpe-einordnung/;1;0;703;0
28;2026-08-05;2026-09-01;2026-07-08;2026-08-04;query_page;both;https://hasimuener.de/checkfox-solar-waermepumpe-einordnung/;"erfahrungen checkfox";0;1;0,0000;9,00;0;1;0,0000;7,00;0;0;2,00;15276;"Checkfox für Solar- und Wärmepumpen-Betriebe: Seriosität, Mechanik und Markteinordnung";post;"Checkfox seriös? Erfahrungen & Kosten für Solar-Betriebe";"Ist Checkfox seriös? Unabhängige Einordnung für Solar- & Wärmepumpen-Betriebe: Portal-Mechanik, Kosten-Logik und die Alternative zu gekauften Leads.";https://hasimuener.de/checkfox-solar-waermepumpe-einordnung/;1;0;703;0
28;2026-08-05;2026-09-01;2026-07-08;2026-08-04;query_page;both;https://hasimuener.de/checkfox-solar-waermepumpe-einordnung/;"erfahrungen mit checkfox";0;5;0,0000;9,40;0;1;0,0000;9,00;0;4;0,40;15276;"Checkfox für Solar- und Wärmepumpen-Betriebe: Seriosität, Mechanik und Markteinordnung";post;"Checkfox seriös? Erfahrungen & Kosten für Solar-Betriebe";"Ist Checkfox seriös? Unabhängige Einordnung für Solar- & Wärmepumpen-Betriebe: Portal-Mechanik, Kosten-Logik und die Alternative zu gekauften Leads.";https://hasimuener.de/checkfox-solar-waermepumpe-einordnung/;1;0;703;0
28;2026-08-05;2026-09-01;2026-07-08;2026-08-04;query_page;current_only;https://hasimuener.de/checkfox-solar-waermepumpe-einordnung/;erfahrungsberichte;0;2;0,0000;2,50;0;0;;;0;2;;15276;"Checkfox für Solar- und Wärmepumpen-Betriebe: Seriosität, Mechanik und Markteinordnung";post;"Checkfox seriös? Erfahrungen & Kosten für Solar-Betriebe";"Ist Checkfox seriös? Unabhängige Einordnung für Solar- & Wärmepumpen-Betriebe: Portal-Mechanik, Kosten-Logik und die Alternative zu gekauften Leads.";https://hasimuener.de/checkfox-solar-waermepumpe-einordnung/;1;0;703;0
28;2026-08-05;2026-09-01;2026-07-08;2026-08-04;query_page;current_only;https://hasimuener.de/checkfox-solar-waermepumpe-einordnung/;solar;0;1;0,0000;4,00;0;0;;;0;1;;15276;"Checkfox für Solar- und Wärmepumpen-Betriebe: Seriosität, Mechanik und Markteinordnung";post;"Checkfox seriös? Erfahrungen & Kosten für Solar-Betriebe";"Ist Checkfox seriös? Unabhängige Einordnung für Solar- & Wärmepumpen-Betriebe: Portal-Mechanik, Kosten-Logik und die Alternative zu gekauften Leads.";https://hasimuener.de/checkfox-solar-waermepumpe-einordnung/;1;0;703;0
28;2026-08-05;2026-09-01;2026-07-08;2026-08-04;query_page;both;https://hasimuener.de/checkfox-solar-waermepumpe-einordnung/;"was ist checkfox";0;20;0,0000;9,50;0;7;0,0000;10,29;0;13;-0,79;15276;"Checkfox für Solar- und Wärmepumpen-Betriebe: Seriosität, Mechanik und Markteinordnung";post;"Checkfox seriös? Erfahrungen & Kosten für Solar-Betriebe";"Ist Checkfox seriös? Unabhängige Einordnung für Solar- & Wärmepumpen-Betriebe: Portal-Mechanik, Kosten-Logik und die Alternative zu gekauften Leads.";https://hasimuener.de/checkfox-solar-waermepumpe-einordnung/;1;0;703;0
28;2026-08-05;2026-09-01;2026-07-08;2026-08-04;query_page;current_only;https://hasimuener.de/checkfox-solar-waermepumpe-einordnung/;"was ist checkfox seriös";0;6;0,0000;7,33;0;0;;;0;6;;15276;"Checkfox für Solar- und Wärmepumpen-Betriebe: Seriosität, Mechanik und Markteinordnung";post;"Checkfox seriös? Erfahrungen & Kosten für Solar-Betriebe";"Ist Checkfox seriös? Unabhängige Einordnung für Solar- & Wärmepumpen-Betriebe: Portal-Mechanik, Kosten-Logik und die Alternative zu gekauften Leads.";https://hasimuener.de/checkfox-solar-waermepumpe-einordnung/;1;0;703;0
28;2026-08-05;2026-09-01;2026-07-08;2026-08-04;query_page;both;https://hasimuener.de/checkfox-solar-waermepumpe-einordnung/;"wer ist checkfox";0;6;0,0000;9,33;0;2;0,0000;10,00;0;4;-0,67;15276;"Checkfox für Solar- und Wärmepumpen-Betriebe: Seriosität, Mechanik und Markteinordnung";post;"Checkfox seriös? Erfahrungen & Kosten für Solar-Betriebe";"Ist Checkfox seriös? Unabhängige Einordnung für Solar- & Wärmepumpen-Betriebe: Portal-Mechanik, Kosten-Logik und die Alternative zu gekauften Leads.";https://hasimuener.de/checkfox-solar-waermepumpe-einordnung/;1;0;703;0
28;2026-08-05;2026-09-01;2026-07-08;2026-08-04;query_page;both;https://hasimuener.de/design-ist-mehr-als-aesthetik/;"ästhetik und funktionalität im design verbinden";0;22;0,0000;16,55;0;2;0,0000;18,50;0;20;-1,95;13492;"Design ist kein Geschmack. Es ist Architektur.";post;"Design ist mehr als Ästhetik – Bedeutung, Wirkung & Praxis";"Warum Design Erwartungen, Verhalten und Vertrauen prägt – digital wie physisch. Geschichte, Psychologie, Semiotik, Ethik & Business-Impact.";https://hasimuener.de/design-ist-mehr-als-aesthetik/;1;0;2161;0
28;2026-08-05;2026-09-01;2026-07-08;2026-08-04;query_page;current_only;https://hasimuener.de/design-ist-mehr-als-aesthetik/;"ästhetisch orientiertes design";0;5;0,0000;20,00;0;0;;;0;5;;13492;"Design ist kein Geschmack. Es ist Architektur.";post;"Design ist mehr als Ästhetik – Bedeutung, Wirkung & Praxis";"Warum Design Erwartungen, Verhalten und Vertrauen prägt – digital wie physisch. Geschichte, Psychologie, Semiotik, Ethik & Business-Impact.";https://hasimuener.de/design-ist-mehr-als-aesthetik/;1;0;2161;0
28;2026-08-05;2026-09-01;2026-07-08;2026-08-04;query_page;current_only;https://hasimuener.de/e3-new-energy/;"e3 new energy wärmepumpe erfahrungen";0;1;0,0000;18,00;0;0;;;0;1;;0;"Legacy Redirect";legacy_redirect;;;https://hasimuener.de/case-study-solar-leadgenerierung/;0;0;0;0
28;2026-08-05;2026-09-01;2026-07-08;2026-08-04;query_page;current_only;https://hasimuener.de/ergebnisse/;"seo weener";0;1;0,0000;91,00;0;0;;;0;1;;14883;Ergebnisse;page;"Ergebnisse & Case Studies | WordPress, SEO, CRO";"Ergebnisse aus WordPress-, SEO-, Tracking- und CRO-Projekten: Case Study eines PV-Installationsbetriebs, Systemlogik und konkrete nächste Schritte.";https://hasimuener.de/ergebnisse/;1;0;233;0
28;2026-08-05;2026-09-01;2026-07-08;2026-08-04;query_page;current_only;https://hasimuener.de/glossar/canonical-url/;"canonical url";0;1;0,0000;37,00;0;0;;;0;1;;14959;"Canonical URL";glossary_term;"Canonical URL: Definition und typische Fehler | Haşim Üner";"Canonical URL erklärt: Was der Tag bewirkt, wo häufige Fehler liegen und warum technische SEO mehr ist als nur ein einzelner Head-Tag.";https://hasimuener.de/glossar/canonical-url/;1;0;357;0
28;2026-08-05;2026-09-01;2026-07-08;2026-08-04;query_page;both;https://hasimuener.de/kunden-gewinnen-solarteure/;"einfachsolar portal";0;2;0,0000;83,50;0;1;0,0000;71,00;0;1;12,50;15202;"Kunden gewinnen für Solarteure – ohne Portal-Leads";page;"Kunden gewinnen für Solarteure – ohne Portal-Leads";"Wie Solarteure & Wärmepumpen-Anbieter systematisch Kunden gewinnen – ohne DAA, Aroundhome oder Check24. Case Study: über 85 % niedrigerer CPL.";https://hasimuener.de/kunden-gewinnen-solarteure/;1;0;817;0
28;2026-08-05;2026-09-01;2026-07-08;2026-08-04;query_page;current_only;https://hasimuener.de/lead-funnel-solar/;"solar funnels";0;2;0,0000;62,50;0;0;;;0;2;;15201;"Lead-Funnel Solar – Pillar-Page";page;"Lead-Funnel Solar & Wärmepumpe – Aufbau für B2B-Marketing";"Lead-Funnel-Architektur für Photovoltaik- und Wärmepumpen-Anbieter: vom Erstkontakt zur qualifizierten Anfrage. Vorqualifizierung, Lead-Scoring, CRM-Übergabe.";https://hasimuener.de/lead-funnel-solar/;1;0;687;0
28;2026-08-05;2026-09-01;2026-07-08;2026-08-04;query_page;both;https://hasimuener.de/lead-funnel-solar/;"solar lead funnels";0;6;0,0000;77,17;0;8;0,0000;74,50;0;-2;2,67;15201;"Lead-Funnel Solar – Pillar-Page";page;"Lead-Funnel Solar & Wärmepumpe – Aufbau für B2B-Marketing";"Lead-Funnel-Architektur für Photovoltaik- und Wärmepumpen-Anbieter: vom Erstkontakt zur qualifizierten Anfrage. Vorqualifizierung, Lead-Scoring, CRM-Übergabe.";https://hasimuener.de/lead-funnel-solar/;1;0;687;0
28;2026-08-05;2026-09-01;2026-07-08;2026-08-04;query_page;current_only;https://hasimuener.de/qualifizierte-pv-anfragen/;"deine photovoltaik leads";0;2;0,0000;64,00;0;0;;;0;2;;15205;"Qualifizierte PV-Anfragen – Vier Merkmale für hochwertige Leads";page;"Qualifizierte PV-Anfragen: 4 Merkmale guter Solar-Leads";"Vier Merkmale einer qualifizierten Photovoltaik-Anfrage: Intent, Exklusivität, Vorqualifizierung, Echtzeit — mit Praxisbezug aus einer Case Study.";https://hasimuener.de/qualifizierte-pv-anfragen/;1;0;744;0
28;2026-08-05;2026-09-01;2026-07-08;2026-08-04;query_page;both;https://hasimuener.de/qualifizierte-pv-anfragen/;"pv projektanfragen";0;1;0,0000;61,00;0;1;0,0000;59,00;0;0;2,00;15205;"Qualifizierte PV-Anfragen – Vier Merkmale für hochwertige Leads";page;"Qualifizierte PV-Anfragen: 4 Merkmale guter Solar-Leads";"Vier Merkmale einer qualifizierten Photovoltaik-Anfrage: Intent, Exklusivität, Vorqualifizierung, Echtzeit — mit Praxisbezug aus einer Case Study.";https://hasimuener.de/qualifizierte-pv-anfragen/;1;0;744;0
28;2026-08-05;2026-09-01;2026-07-08;2026-08-04;query_page;current_only;https://hasimuener.de/qualifizierte-pv-anfragen/;"qualifizierte anfragen";0;2;0,0000;50,50;0;0;;;0;2;;15205;"Qualifizierte PV-Anfragen – Vier Merkmale für hochwertige Leads";page;"Qualifizierte PV-Anfragen: 4 Merkmale guter Solar-Leads";"Vier Merkmale einer qualifizierten Photovoltaik-Anfrage: Intent, Exklusivität, Vorqualifizierung, Echtzeit — mit Praxisbezug aus einer Case Study.";https://hasimuener.de/qualifizierte-pv-anfragen/;1;0;744;0
28;2026-08-05;2026-09-01;2026-07-08;2026-08-04;query_page;current_only;https://hasimuener.de/qualifizierte-pv-anfragen/;"qualifizierte energie leads";0;1;0,0000;59,00;0;0;;;0;1;;15205;"Qualifizierte PV-Anfragen – Vier Merkmale für hochwertige Leads";page;"Qualifizierte PV-Anfragen: 4 Merkmale guter Solar-Leads";"Vier Merkmale einer qualifizierten Photovoltaik-Anfrage: Intent, Exklusivität, Vorqualifizierung, Echtzeit — mit Praxisbezug aus einer Case Study.";https://hasimuener.de/qualifizierte-pv-anfragen/;1;0;744;0
28;2026-08-05;2026-09-01;2026-07-08;2026-08-04;query_page;both;https://hasimuener.de/qualifizierte-pv-anfragen/;"qualifizierte pv leads";0;1;0,0000;48,00;0;1;0,0000;66,00;0;0;-18,00;15205;"Qualifizierte PV-Anfragen – Vier Merkmale für hochwertige Leads";page;"Qualifizierte PV-Anfragen: 4 Merkmale guter Solar-Leads";"Vier Merkmale einer qualifizierten Photovoltaik-Anfrage: Intent, Exklusivität, Vorqualifizierung, Echtzeit — mit Praxisbezug aus einer Case Study.";https://hasimuener.de/qualifizierte-pv-anfragen/;1;0;744;0
28;2026-08-05;2026-09-01;2026-07-08;2026-08-04;query_page;both;https://hasimuener.de/server-side-tracking-b2b/;"agentur server side tracking";0;6;0,0000;96,00;0;4;0,0000;34,75;0;2;61,25;15198;"Server-Side Tracking für B2B-Leadgenerierung";page;"Server-Side Tracking einrichten lassen | GA4, Ads & Consent";"Server-Side Tracking für GA4, Google Ads und Meta CAPI: geprüft, eingerichtet, parallel getestet und dokumentiert. Setup ab 1.290 € netto.";https://hasimuener.de/server-side-tracking-b2b/;1;0;2150;0
28;2026-08-05;2026-09-01;2026-07-08;2026-08-04;query_page;both;https://hasimuener.de/server-side-tracking-b2b/;"beratung serverside tracking";0;2;0,0000;91,50;0;1;0,0000;98,00;0;1;-6,50;15198;"Server-Side Tracking für B2B-Leadgenerierung";page;"Server-Side Tracking einrichten lassen | GA4, Ads & Consent";"Server-Side Tracking für GA4, Google Ads und Meta CAPI: geprüft, eingerichtet, parallel getestet und dokumentiert. Setup ab 1.290 € netto.";https://hasimuener.de/server-side-tracking-b2b/;1;0;2150;0
28;2026-08-05;2026-09-01;2026-07-08;2026-08-04;query_page;current_only;https://hasimuener.de/server-side-tracking-b2b/;"google analytics server side tracking";0;2;0,0000;76,50;0;0;;;0;2;;15198;"Server-Side Tracking für B2B-Leadgenerierung";page;"Server-Side Tracking einrichten lassen | GA4, Ads & Consent";"Server-Side Tracking für GA4, Google Ads und Meta CAPI: geprüft, eingerichtet, parallel getestet und dokumentiert. Setup ab 1.290 € netto.";https://hasimuener.de/server-side-tracking-b2b/;1;0;2150;0
28;2026-08-05;2026-09-01;2026-07-08;2026-08-04;query_page;current_only;https://hasimuener.de/server-side-tracking-b2b/;"meldet sich";0;1;0,0000;10,00;0;0;;;0;1;;15198;"Server-Side Tracking für B2B-Leadgenerierung";page;"Server-Side Tracking einrichten lassen | GA4, Ads & Consent";"Server-Side Tracking für GA4, Google Ads und Meta CAPI: geprüft, eingerichtet, parallel getestet und dokumentiert. Setup ab 1.290 € netto.";https://hasimuener.de/server-side-tracking-b2b/;1;0;2150;0
28;2026-08-05;2026-09-01;2026-07-08;2026-08-04;query_page;current_only;https://hasimuener.de/server-side-tracking-b2b/;"server side conversion tracking";0;2;0,0000;81,50;0;0;;;0;2;;15198;"Server-Side Tracking für B2B-Leadgenerierung";page;"Server-Side Tracking einrichten lassen | GA4, Ads & Consent";"Server-Side Tracking für GA4, Google Ads und Meta CAPI: geprüft, eingerichtet, parallel getestet und dokumentiert. Setup ab 1.290 € netto.";https://hasimuener.de/server-side-tracking-b2b/;1;0;2150;0
28;2026-08-05;2026-09-01;2026-07-08;2026-08-04;query_page;current_only;https://hasimuener.de/server-side-tracking-b2b/;"server side hosting";0;12;0,0000;78,17;0;0;;;0;12;;15198;"Server-Side Tracking für B2B-Leadgenerierung";page;"Server-Side Tracking einrichten lassen | GA4, Ads & Consent";"Server-Side Tracking für GA4, Google Ads und Meta CAPI: geprüft, eingerichtet, parallel getestet und dokumentiert. Setup ab 1.290 € netto.";https://hasimuener.de/server-side-tracking-b2b/;1;0;2150;0
28;2026-08-05;2026-09-01;2026-07-08;2026-08-04;query_page;both;https://hasimuener.de/server-side-tracking-b2b/;"server side tracking agentur";0;83;0,0000;86,75;0;112;0,0000;52,58;0;-29;34,17;15198;"Server-Side Tracking für B2B-Leadgenerierung";page;"Server-Side Tracking einrichten lassen | GA4, Ads & Consent";"Server-Side Tracking für GA4, Google Ads und Meta CAPI: geprüft, eingerichtet, parallel getestet und dokumentiert. Setup ab 1.290 € netto.";https://hasimuener.de/server-side-tracking-b2b/;1;0;2150;0
28;2026-08-05;2026-09-01;2026-07-08;2026-08-04;query_page;both;https://hasimuener.de/server-side-tracking-b2b/;"server side tracking anbieter";0;1;0,0000;73,00;0;5;0,0000;71,20;0;-4;1,80;15198;"Server-Side Tracking für B2B-Leadgenerierung";page;"Server-Side Tracking einrichten lassen | GA4, Ads & Consent";"Server-Side Tracking für GA4, Google Ads und Meta CAPI: geprüft, eingerichtet, parallel getestet und dokumentiert. Setup ab 1.290 € netto.";https://hasimuener.de/server-side-tracking-b2b/;1;0;2150;0
28;2026-08-05;2026-09-01;2026-07-08;2026-08-04;query_page;both;https://hasimuener.de/server-side-tracking-b2b/;"server side tracking dsgvo";0;3;0,0000;76,33;0;9;0,0000;64,22;0;-6;12,11;15198;"Server-Side Tracking für B2B-Leadgenerierung";page;"Server-Side Tracking einrichten lassen | GA4, Ads & Consent";"Server-Side Tracking für GA4, Google Ads und Meta CAPI: geprüft, eingerichtet, parallel getestet und dokumentiert. Setup ab 1.290 € netto.";https://hasimuener.de/server-side-tracking-b2b/;1;0;2150;0
28;2026-08-05;2026-09-01;2026-07-08;2026-08-04;query_page;current_only;https://hasimuener.de/server-side-tracking-b2b/;"server side tracking einrichten";0;4;0,0000;78,00;0;0;;;0;4;;15198;"Server-Side Tracking für B2B-Leadgenerierung";page;"Server-Side Tracking einrichten lassen | GA4, Ads & Consent";"Server-Side Tracking für GA4, Google Ads und Meta CAPI: geprüft, eingerichtet, parallel getestet und dokumentiert. Setup ab 1.290 € netto.";https://hasimuener.de/server-side-tracking-b2b/;1;0;2150;0
28;2026-08-05;2026-09-01;2026-07-08;2026-08-04;query_page;current_only;https://hasimuener.de/server-side-tracking-b2b/;"server side tracking einrichtung";0;8;0,0000;83,00;0;0;;;0;8;;15198;"Server-Side Tracking für B2B-Leadgenerierung";page;"Server-Side Tracking einrichten lassen | GA4, Ads & Consent";"Server-Side Tracking für GA4, Google Ads und Meta CAPI: geprüft, eingerichtet, parallel getestet und dokumentiert. Setup ab 1.290 € netto.";https://hasimuener.de/server-side-tracking-b2b/;1;0;2150;0
28;2026-08-05;2026-09-01;2026-07-08;2026-08-04;query_page;current_only;https://hasimuener.de/server-side-tracking-b2b/;"server side tracking formular";0;6;0,0000;87,00;0;0;;;0;6;;15198;"Server-Side Tracking für B2B-Leadgenerierung";page;"Server-Side Tracking einrichten lassen | GA4, Ads & Consent";"Server-Side Tracking für GA4, Google Ads und Meta CAPI: geprüft, eingerichtet, parallel getestet und dokumentiert. Setup ab 1.290 € netto.";https://hasimuener.de/server-side-tracking-b2b/;1;0;2150;0
28;2026-08-05;2026-09-01;2026-07-08;2026-08-04;query_page;current_only;https://hasimuener.de/server-side-tracking-b2b/;"server side tracking ga4";0;4;0,0000;70,00;0;0;;;0;4;;15198;"Server-Side Tracking für B2B-Leadgenerierung";page;"Server-Side Tracking einrichten lassen | GA4, Ads & Consent";"Server-Side Tracking für GA4, Google Ads und Meta CAPI: geprüft, eingerichtet, parallel getestet und dokumentiert. Setup ab 1.290 € netto.";https://hasimuener.de/server-side-tracking-b2b/;1;0;2150;0
28;2026-08-05;2026-09-01;2026-07-08;2026-08-04;query_page;current_only;https://hasimuener.de/server-side-tracking-b2b/;"server side tracking kosten";0;9;0,0000;70,56;0;0;;;0;9;;15198;"Server-Side Tracking für B2B-Leadgenerierung";page;"Server-Side Tracking einrichten lassen | GA4, Ads & Consent";"Server-Side Tracking für GA4, Google Ads und Meta CAPI: geprüft, eingerichtet, parallel getestet und dokumentiert. Setup ab 1.290 € netto.";https://hasimuener.de/server-side-tracking-b2b/;1;0;2150;0
28;2026-08-05;2026-09-01;2026-07-08;2026-08-04;query_page;both;https://hasimuener.de/server-side-tracking-b2b/;"server side tracking regensburg";0;12;0,0000;56,58;0;34;0,0000;61,53;0;-22;-4,95;15198;"Server-Side Tracking für B2B-Leadgenerierung";page;"Server-Side Tracking einrichten lassen | GA4, Ads & Consent";"Server-Side Tracking für GA4, Google Ads und Meta CAPI: geprüft, eingerichtet, parallel getestet und dokumentiert. Setup ab 1.290 € netto.";https://hasimuener.de/server-side-tracking-b2b/;1;0;2150;0
28;2026-08-05;2026-09-01;2026-07-08;2026-08-04;query_page;current_only;https://hasimuener.de/server-side-tracking-b2b/;"server side tracking wordpress";0;14;0,0000;51,64;0;0;;;0;14;;15198;"Server-Side Tracking für B2B-Leadgenerierung";page;"Server-Side Tracking einrichten lassen | GA4, Ads & Consent";"Server-Side Tracking für GA4, Google Ads und Meta CAPI: geprüft, eingerichtet, parallel getestet und dokumentiert. Setup ab 1.290 € netto.";https://hasimuener.de/server-side-tracking-b2b/;1;0;2150;0
28;2026-08-05;2026-09-01;2026-07-08;2026-08-04;query_page;both;https://hasimuener.de/server-side-tracking-b2b/;"serverside tracking agentur";0;10;0,0000;84,50;0;24;0,0000;60,33;0;-14;24,17;15198;"Server-Side Tracking für B2B-Leadgenerierung";page;"Server-Side Tracking einrichten lassen | GA4, Ads & Consent";"Server-Side Tracking für GA4, Google Ads und Meta CAPI: geprüft, eingerichtet, parallel getestet und dokumentiert. Setup ab 1.290 € netto.";https://hasimuener.de/server-side-tracking-b2b/;1;0;2150;0
28;2026-08-05;2026-09-01;2026-07-08;2026-08-04;query_page;current_only;https://hasimuener.de/solar-leads-kaufen-alternative/;"checkfox erfahrungen";0;1;0,0000;43,00;0;0;;;0;1;;15197;"Solar Leads kaufen – Alternative: eigenes Anfrage-System";page;"Photovoltaik & Solar Leads kaufen? Alternative ohne Portale";"Photovoltaik-, PV- oder Solar-Leads kaufen — oder eigene Anfragen aufbauen? Portal-Leads gehen an mehrere Betriebe. Case Study: über 85 % niedrigerer CPL.";https://hasimuener.de/solar-leads-kaufen-alternative/;1;0;1152;0
28;2026-08-05;2026-09-01;2026-07-08;2026-08-04;query_page;both;https://hasimuener.de/solar-leads-kaufen-alternative/;"leads kaufen photovoltaik";0;30;0,0000;48,20;0;11;0,0000;43,73;0;19;4,47;15197;"Solar Leads kaufen – Alternative: eigenes Anfrage-System";page;"Photovoltaik & Solar Leads kaufen? Alternative ohne Portale";"Photovoltaik-, PV- oder Solar-Leads kaufen — oder eigene Anfragen aufbauen? Portal-Leads gehen an mehrere Betriebe. Case Study: über 85 % niedrigerer CPL.";https://hasimuener.de/solar-leads-kaufen-alternative/;1;0;1152;0
28;2026-08-05;2026-09-01;2026-07-08;2026-08-04;query_page;both;https://hasimuener.de/solar-leads-kaufen-alternative/;"photovoltaik leads kaufen";0;1;0,0000;46,00;0;6;0,0000;42,00;0;-5;4,00;15197;"Solar Leads kaufen – Alternative: eigenes Anfrage-System";page;"Photovoltaik & Solar Leads kaufen? Alternative ohne Portale";"Photovoltaik-, PV- oder Solar-Leads kaufen — oder eigene Anfragen aufbauen? Portal-Leads gehen an mehrere Betriebe. Case Study: über 85 % niedrigerer CPL.";https://hasimuener.de/solar-leads-kaufen-alternative/;1;0;1152;0
28;2026-08-05;2026-09-01;2026-07-08;2026-08-04;query_page;both;https://hasimuener.de/solar-leads-kaufen-alternative/;"pv leads kaufen";0;6;0,0000;48,67;0;5;0,0000;42,20;0;1;6,47;15197;"Solar Leads kaufen – Alternative: eigenes Anfrage-System";page;"Photovoltaik & Solar Leads kaufen? Alternative ohne Portale";"Photovoltaik-, PV- oder Solar-Leads kaufen — oder eigene Anfragen aufbauen? Portal-Leads gehen an mehrere Betriebe. Case Study: über 85 % niedrigerer CPL.";https://hasimuener.de/solar-leads-kaufen-alternative/;1;0;1152;0
28;2026-08-05;2026-09-01;2026-07-08;2026-08-04;query_page;both;https://hasimuener.de/solar-leads-kaufen-alternative/;"solar leads kaufen";0;25;0,0000;40,64;0;7;0,0000;33,14;0;18;7,50;15197;"Solar Leads kaufen – Alternative: eigenes Anfrage-System";page;"Photovoltaik & Solar Leads kaufen? Alternative ohne Portale";"Photovoltaik-, PV- oder Solar-Leads kaufen — oder eigene Anfragen aufbauen? Portal-Leads gehen an mehrere Betriebe. Case Study: über 85 % niedrigerer CPL.";https://hasimuener.de/solar-leads-kaufen-alternative/;1;0;1152;0
28;2026-08-05;2026-09-01;2026-07-08;2026-08-04;query_page;both;https://hasimuener.de/solar-leads-kaufen-alternative/;"wärmepumpen leads";0;4;0,0000;58,50;0;26;0,0000;58,58;0;-22;-0,08;15197;"Solar Leads kaufen – Alternative: eigenes Anfrage-System";page;"Photovoltaik & Solar Leads kaufen? Alternative ohne Portale";"Photovoltaik-, PV- oder Solar-Leads kaufen — oder eigene Anfragen aufbauen? Portal-Leads gehen an mehrere Betriebe. Case Study: über 85 % niedrigerer CPL.";https://hasimuener.de/solar-leads-kaufen-alternative/;1;0;1152;0
28;2026-08-05;2026-09-01;2026-07-08;2026-08-04;query_page;both;https://hasimuener.de/solar-leads-kosten-studie/;"photovoltaik leads kaufen kosten";0;1;0,0000;18,00;0;1;0,0000;11,00;0;0;7,00;15255;"Was kosten Solar-Leads? Marktstudie DACH";page;"Solar-Leads Kosten 2026: CPL, CPO & Portal-Vergleich";"Was kosten Solar-Leads wirklich? Marktstudie mit Photovoltaik- und Wärmepumpen-CPL, Cost-per-Order, Portal-Modellen, Methodik und Case-Study-Benchmark.";https://hasimuener.de/solar-leads-kosten-studie/;1;0;921;0
28;2026-08-05;2026-09-01;2026-07-08;2026-08-04;query_page;current_only;https://hasimuener.de/waermepumpen-leads/;"checkfox erfahrungen";0;1;0,0000;23,00;0;0;;;0;1;;15272;"Wärmepumpen Leads – Alternative: eigenes Anfrage-System";page;"Wärmepumpen Leads kaufen? Alternative ohne Portale";"Wärmepumpen-Leads kaufen oder eigene Anfragen aufbauen? Portal-Leads gehen an mehrere Betriebe und schließen selten ab. Case Study: über 85 % weniger CPL.";https://hasimuener.de/waermepumpen-leads/;1;0;1174;0
28;2026-08-05;2026-09-01;2026-07-08;2026-08-04;query_page;both;https://hasimuener.de/waermepumpen-leads/;"wärmepumpen leads";0;62;0,0000;35,87;0;52;0,0000;31,50;0;10;4,37;15272;"Wärmepumpen Leads – Alternative: eigenes Anfrage-System";page;"Wärmepumpen Leads kaufen? Alternative ohne Portale";"Wärmepumpen-Leads kaufen oder eigene Anfragen aufbauen? Portal-Leads gehen an mehrere Betriebe und schließen selten ab. Case Study: über 85 % weniger CPL.";https://hasimuener.de/waermepumpen-leads/;1;0;1174;0
28;2026-08-05;2026-09-01;2026-07-08;2026-08-04;query_page;both;https://hasimuener.de/waermepumpen-leads/;"wärmepumpen leads kaufen";0;28;0,0000;29,32;0;13;0,0000;28,85;0;15;0,48;15272;"Wärmepumpen Leads – Alternative: eigenes Anfrage-System";page;"Wärmepumpen Leads kaufen? Alternative ohne Portale";"Wärmepumpen-Leads kaufen oder eigene Anfragen aufbauen? Portal-Leads gehen an mehrere Betriebe und schließen selten ab. Case Study: über 85 % weniger CPL.";https://hasimuener.de/waermepumpen-leads/;1;0;1174;0
28;2026-08-05;2026-09-01;2026-07-08;2026-08-04;query_page;current_only;https://hasimuener.de/wgos-assets/tracking-audit/;"tracking auditor";0;1;0,0000;23,00;0;0;;;0;1;;14863;"Tracking Audit";wgos_asset;"Tracking Audit - WGOS Asset | Haşim Üner";"Tracking Audit für B2B-Websites: Messfehler finden, Datenqualität absichern und die Basis für Reporting und Optimierung legen.";https://hasimuener.de/wgos-assets/tracking-audit/;0;1;449;0
28;2026-08-05;2026-09-01;2026-07-08;2026-08-04;query_page;current_only;https://hasimuener.de/whitelabel-retainer/;"retainer agentur";0;29;0,0000;53,90;0;0;;;0;29;;14885;"Whitelabel &amp; Retainer";page;"White-Label-Partner für Agenturen: WordPress, SEO, Tracking";"White-Label-Partner für Agenturen: WordPress, technisches SEO, Tracking und CRO unter eurem Namen. Einstieg über ein Erstprojekt mit fixem Scope und Festpreis.";https://hasimuener.de/whitelabel-retainer/;1;0;2064;0
28;2026-08-05;2026-09-01;2026-07-08;2026-08-04;query_page;both;https://hasimuener.de/wordpress-agentur-hannover/;"agentur wordpress hannover";0;8;0,0000;34,50;0;5;0,0000;35,60;0;3;-1,10;10777;"WordPress Agentur Hannover";page;"WordPress Agentur Hannover: SEO, Tracking & CRO";"WordPress Agentur Hannover für messbare B2B-Anfragen: technisches SEO, Server-Side Tracking, CRO. Erst Projektprüfung, dann Umsetzung. CPL-Case: 150 € → 22 €.";https://hasimuener.de/wordpress-agentur-hannover/;1;0;632;0
28;2026-08-05;2026-09-01;2026-07-08;2026-08-04;query_page;both;https://hasimuener.de/wordpress-agentur-hannover/;"woocommerce agentur hannover";0;40;0,0000;29,00;0;47;0,0000;31,17;0;-7;-2,17;10777;"WordPress Agentur Hannover";page;"WordPress Agentur Hannover: SEO, Tracking & CRO";"WordPress Agentur Hannover für messbare B2B-Anfragen: technisches SEO, Server-Side Tracking, CRO. Erst Projektprüfung, dann Umsetzung. CPL-Case: 150 € → 22 €.";https://hasimuener.de/wordpress-agentur-hannover/;1;0;632;1
28;2026-08-05;2026-09-01;2026-07-08;2026-08-04;query_page;both;https://hasimuener.de/wordpress-agentur-hannover/;"wordpress agentur hannover";0;133;0,0000;33,74;0;172;0,0000;33,63;0;-39;0,10;10777;"WordPress Agentur Hannover";page;"WordPress Agentur Hannover: SEO, Tracking & CRO";"WordPress Agentur Hannover für messbare B2B-Anfragen: technisches SEO, Server-Side Tracking, CRO. Erst Projektprüfung, dann Umsetzung. CPL-Case: 150 € → 22 €.";https://hasimuener.de/wordpress-agentur-hannover/;1;0;632;0
28;2026-08-05;2026-09-01;2026-07-08;2026-08-04;query_page;both;https://hasimuener.de/wordpress-agentur-hannover/;"wordpress agentur niedersachsen";0;3;0,0000;62,00;0;18;0,0000;74,28;0;-15;-12,28;10777;"WordPress Agentur Hannover";page;"WordPress Agentur Hannover: SEO, Tracking & CRO";"WordPress Agentur Hannover für messbare B2B-Anfragen: technisches SEO, Server-Side Tracking, CRO. Erst Projektprüfung, dann Umsetzung. CPL-Case: 150 € → 22 €.";https://hasimuener.de/wordpress-agentur-hannover/;1;0;632;0
28;2026-08-05;2026-09-01;2026-07-08;2026-08-04;query_page;both;https://hasimuener.de/wordpress-agentur-hannover/;"wordpress agenturen hannover";0;5;0,0000;36,00;0;3;0,0000;34,33;0;2;1,67;10777;"WordPress Agentur Hannover";page;"WordPress Agentur Hannover: SEO, Tracking & CRO";"WordPress Agentur Hannover für messbare B2B-Anfragen: technisches SEO, Server-Side Tracking, CRO. Erst Projektprüfung, dann Umsetzung. CPL-Case: 150 € → 22 €.";https://hasimuener.de/wordpress-agentur-hannover/;1;0;632;0
28;2026-08-05;2026-09-01;2026-07-08;2026-08-04;query_page;both;https://hasimuener.de/wordpress-agentur-hannover/;"wordpress freelancer hannover";0;8;0,0000;71,50;0;12;0,0000;75,92;0;-4;-4,42;10777;"WordPress Agentur Hannover";page;"WordPress Agentur Hannover: SEO, Tracking & CRO";"WordPress Agentur Hannover für messbare B2B-Anfragen: technisches SEO, Server-Side Tracking, CRO. Erst Projektprüfung, dann Umsetzung. CPL-Case: 150 € → 22 €.";https://hasimuener.de/wordpress-agentur-hannover/;1;0;632;0
28;2026-08-05;2026-09-01;2026-07-08;2026-08-04;query_page;both;https://hasimuener.de/wordpress-agentur-hannover/;"wordpress hannover";0;27;0,0000;47,07;0;58;0,0000;48,03;0;-31;-0,96;10777;"WordPress Agentur Hannover";page;"WordPress Agentur Hannover: SEO, Tracking & CRO";"WordPress Agentur Hannover für messbare B2B-Anfragen: technisches SEO, Server-Side Tracking, CRO. Erst Projektprüfung, dann Umsetzung. CPL-Case: 150 € → 22 €.";https://hasimuener.de/wordpress-agentur-hannover/;1;0;632;0
28;2026-08-05;2026-09-01;2026-07-08;2026-08-04;query_page;both;https://hasimuener.de/wordpress-agentur-hannover/;"wordpress seo hannover";0;10;0,0000;24,40;0;7;0,0000;27,86;0;3;-3,46;10777;"WordPress Agentur Hannover";page;"WordPress Agentur Hannover: SEO, Tracking & CRO";"WordPress Agentur Hannover für messbare B2B-Anfragen: technisches SEO, Server-Side Tracking, CRO. Erst Projektprüfung, dann Umsetzung. CPL-Case: 150 € → 22 €.";https://hasimuener.de/wordpress-agentur-hannover/;1;0;632;0
28;2026-08-05;2026-09-01;2026-07-08;2026-08-04;query_page;both;https://hasimuener.de/wordpress-agentur-hannover/;"wordpress suchmaschinenoptimierung hannover";0;11;0,0000;23,73;0;5;0,0000;26,40;0;6;-2,67;10777;"WordPress Agentur Hannover";page;"WordPress Agentur Hannover: SEO, Tracking & CRO";"WordPress Agentur Hannover für messbare B2B-Anfragen: technisches SEO, Server-Side Tracking, CRO. Erst Projektprüfung, dann Umsetzung. CPL-Case: 150 € → 22 €.";https://hasimuener.de/wordpress-agentur-hannover/;1;0;632;0
28;2026-08-05;2026-09-01;2026-07-08;2026-08-04;query_page;current_only;https://hasimuener.de/wordpress-freelancer-hannover/;"wordpress freelancer hannover";0;2;0,0000;18,00;0;0;;;0;2;;15296;"wordpress freelancer hannover";page;"wordpress freelancer hannover";;https://hasimuener.de/wordpress-freelancer-hannover/;1;0;1150;0
28;2026-08-05;2026-09-01;2026-07-08;2026-08-04;query_page;previous_only;https://hasimuener.de/b2b-solar-leads/;"b2b photovoltaik";0;0;;;1;3;0,3333;8,67;-1;-3;;15199;"B2B Solar Leads – gewerbliche Photovoltaik-Anfrage-Systeme";page;"PV-Termine B2B: qualifizierte Gewerbe-PV-Anfragen";"PV-Termine B2B für Gewerbe-PV: Projektwert, Technik und Buying-Center vorqualifizieren. Eigener Anfrageweg statt Termine ohne Projektsubstanz.";https://hasimuener.de/b2b-solar-leads/;1;0;1416;0
28;2026-08-05;2026-09-01;2026-07-08;2026-08-04;query_page;previous_only;https://hasimuener.de/;hasim;0;0;;;0;1;0,0000;8,00;0;-1;;11953;"WordPress-Architektur &amp; Performance Marketing (B2B) · Hannover &amp; DACH";front_page;"WordPress, Tracking & Conversion | Haşim Üner";"WordPress-Entwicklung, technisches SEO, Tracking und Conversion aus Pattensen bei Hannover. Für direkte Projekte, Agenturen und Solar-/Wärmepumpen-Anbieter.";https://hasimuener.de/;1;0;495;0
28;2026-08-05;2026-09-01;2026-07-08;2026-08-04;query_page;previous_only;https://hasimuener.de/aroundhome-solar-einordnung/;"around home kosten";0;0;;;0;3;0,0000;9,33;0;-3;;15206;"Aroundhome Erfahrungen für Handwerker: Kosten und Einordnung des Vergleichsportal-Modells";post;"Aroundhome Kosten für Handwerker: Lohnt sich das?";"Was kostet Aroundhome für Handwerker? Rechnen Sie Kosten pro Auftrag mit eigenen Zahlen und prüfen Sie Vertrag, Erfahrungen und Portal-Fit.";https://hasimuener.de/aroundhome-solar-einordnung/;1;0;1083;0
28;2026-08-05;2026-09-01;2026-07-08;2026-08-04;query_page;previous_only;https://hasimuener.de/aroundhome-solar-einordnung/;"aroundhome bewertung";0;0;;;0;1;0,0000;35,00;0;-1;;15206;"Aroundhome Erfahrungen für Handwerker: Kosten und Einordnung des Vergleichsportal-Modells";post;"Aroundhome Kosten für Handwerker: Lohnt sich das?";"Was kostet Aroundhome für Handwerker? Rechnen Sie Kosten pro Auftrag mit eigenen Zahlen und prüfen Sie Vertrag, Erfahrungen und Portal-Fit.";https://hasimuener.de/aroundhome-solar-einordnung/;1;0;1083;0
28;2026-08-05;2026-09-01;2026-07-08;2026-08-04;query_page;previous_only;https://hasimuener.de/aroundhome-solar-einordnung/;"aroundhome erfahrungen";0;0;;;0;1;0,0000;33,00;0;-1;;15206;"Aroundhome Erfahrungen für Handwerker: Kosten und Einordnung des Vergleichsportal-Modells";post;"Aroundhome Kosten für Handwerker: Lohnt sich das?";"Was kostet Aroundhome für Handwerker? Rechnen Sie Kosten pro Auftrag mit eigenen Zahlen und prüfen Sie Vertrag, Erfahrungen und Portal-Fit.";https://hasimuener.de/aroundhome-solar-einordnung/;1;0;1083;0
28;2026-08-05;2026-09-01;2026-07-08;2026-08-04;query_page;previous_only;https://hasimuener.de/aroundhome-solar-einordnung/;"welche alternativen gibt es zu myhammer?";0;0;;;0;1;0,0000;19,00;0;-1;;15206;"Aroundhome Erfahrungen für Handwerker: Kosten und Einordnung des Vergleichsportal-Modells";post;"Aroundhome Kosten für Handwerker: Lohnt sich das?";"Was kostet Aroundhome für Handwerker? Rechnen Sie Kosten pro Auftrag mit eigenen Zahlen und prüfen Sie Vertrag, Erfahrungen und Portal-Fit.";https://hasimuener.de/aroundhome-solar-einordnung/;1;0;1083;0
28;2026-08-05;2026-09-01;2026-07-08;2026-08-04;query_page;previous_only;https://hasimuener.de/aroundhome-solar-einordnung/;"wie funktioniert aroundhome?";0;0;;;0;1;0,0000;12,00;0;-1;;15206;"Aroundhome Erfahrungen für Handwerker: Kosten und Einordnung des Vergleichsportal-Modells";post;"Aroundhome Kosten für Handwerker: Lohnt sich das?";"Was kostet Aroundhome für Handwerker? Rechnen Sie Kosten pro Auftrag mit eigenen Zahlen und prüfen Sie Vertrag, Erfahrungen und Portal-Fit.";https://hasimuener.de/aroundhome-solar-einordnung/;1;0;1083;0
28;2026-08-05;2026-09-01;2026-07-08;2026-08-04;query_page;previous_only;https://hasimuener.de/aroundhome-solar-einordnung/;"wie funktioniert der service von aroundhome zur vermittlung von handwerksbetrieben?";0;0;;;0;1;0,0000;11,00;0;-1;;15206;"Aroundhome Erfahrungen für Handwerker: Kosten und Einordnung des Vergleichsportal-Modells";post;"Aroundhome Kosten für Handwerker: Lohnt sich das?";"Was kostet Aroundhome für Handwerker? Rechnen Sie Kosten pro Auftrag mit eigenen Zahlen und prüfen Sie Vertrag, Erfahrungen und Portal-Fit.";https://hasimuener.de/aroundhome-solar-einordnung/;1;0;1083;0
28;2026-08-05;2026-09-01;2026-07-08;2026-08-04;query_page;previous_only;https://hasimuener.de/b2b-solar-leads/;"energieberater leads";0;0;;;0;8;0,0000;51,88;0;-8;;15199;"B2B Solar Leads – gewerbliche Photovoltaik-Anfrage-Systeme";page;"PV-Termine B2B: qualifizierte Gewerbe-PV-Anfragen";"PV-Termine B2B für Gewerbe-PV: Projektwert, Technik und Buying-Center vorqualifizieren. Eigener Anfrageweg statt Termine ohne Projektsubstanz.";https://hasimuener.de/b2b-solar-leads/;1;0;1416;0
28;2026-08-05;2026-09-01;2026-07-08;2026-08-04;query_page;previous_only;https://hasimuener.de/b2b-solar-leads/;"energieberatung leads";0;0;;;0;2;0,0000;42,50;0;-2;;15199;"B2B Solar Leads – gewerbliche Photovoltaik-Anfrage-Systeme";page;"PV-Termine B2B: qualifizierte Gewerbe-PV-Anfragen";"PV-Termine B2B für Gewerbe-PV: Projektwert, Technik und Buying-Center vorqualifizieren. Eigener Anfrageweg statt Termine ohne Projektsubstanz.";https://hasimuener.de/b2b-solar-leads/;1;0;1416;0
28;2026-08-05;2026-09-01;2026-07-08;2026-08-04;query_page;previous_only;https://hasimuener.de/b2b-solar-leads/;"energieprojekte b2b deutschland";0;0;;;0;2;0,0000;56,50;0;-2;;15199;"B2B Solar Leads – gewerbliche Photovoltaik-Anfrage-Systeme";page;"PV-Termine B2B: qualifizierte Gewerbe-PV-Anfragen";"PV-Termine B2B für Gewerbe-PV: Projektwert, Technik und Buying-Center vorqualifizieren. Eigener Anfrageweg statt Termine ohne Projektsubstanz.";https://hasimuener.de/b2b-solar-leads/;1;0;1416;0
28;2026-08-05;2026-09-01;2026-07-08;2026-08-04;query_page;previous_only;https://hasimuener.de/b2b-solar-leads/;"leadgenerator solar";0;0;;;0;2;0,0000;71,50;0;-2;;15199;"B2B Solar Leads – gewerbliche Photovoltaik-Anfrage-Systeme";page;"PV-Termine B2B: qualifizierte Gewerbe-PV-Anfragen";"PV-Termine B2B für Gewerbe-PV: Projektwert, Technik und Buying-Center vorqualifizieren. Eigener Anfrageweg statt Termine ohne Projektsubstanz.";https://hasimuener.de/b2b-solar-leads/;1;0;1416;0
28;2026-08-05;2026-09-01;2026-07-08;2026-08-04;query_page;previous_only;https://hasimuener.de/b2b-solar-leads/;"leadgenerierung solar";0;0;;;0;1;0,0000;31,00;0;-1;;15199;"B2B Solar Leads – gewerbliche Photovoltaik-Anfrage-Systeme";page;"PV-Termine B2B: qualifizierte Gewerbe-PV-Anfragen";"PV-Termine B2B für Gewerbe-PV: Projektwert, Technik und Buying-Center vorqualifizieren. Eigener Anfrageweg statt Termine ohne Projektsubstanz.";https://hasimuener.de/b2b-solar-leads/;1;0;1416;0
28;2026-08-05;2026-09-01;2026-07-08;2026-08-04;query_page;previous_only;https://hasimuener.de/b2b-solar-leads/;"pv aufträge";0;0;;;0;1;0,0000;57,00;0;-1;;15199;"B2B Solar Leads – gewerbliche Photovoltaik-Anfrage-Systeme";page;"PV-Termine B2B: qualifizierte Gewerbe-PV-Anfragen";"PV-Termine B2B für Gewerbe-PV: Projektwert, Technik und Buying-Center vorqualifizieren. Eigener Anfrageweg statt Termine ohne Projektsubstanz.";https://hasimuener.de/b2b-solar-leads/;1;0;1416;0
28;2026-08-05;2026-09-01;2026-07-08;2026-08-04;query_page;previous_only;https://hasimuener.de/b2b-solar-leads/;"pv droben";0;0;;;0;2;0,0000;44,00;0;-2;;15199;"B2B Solar Leads – gewerbliche Photovoltaik-Anfrage-Systeme";page;"PV-Termine B2B: qualifizierte Gewerbe-PV-Anfragen";"PV-Termine B2B für Gewerbe-PV: Projektwert, Technik und Buying-Center vorqualifizieren. Eigener Anfrageweg statt Termine ohne Projektsubstanz.";https://hasimuener.de/b2b-solar-leads/;1;0;1416;0
28;2026-08-05;2026-09-01;2026-07-08;2026-08-04;query_page;previous_only;https://hasimuener.de/b2b-solar-leads/;"qualifizierte energie leads";0;0;;;0;2;0,0000;44,00;0;-2;;15199;"B2B Solar Leads – gewerbliche Photovoltaik-Anfrage-Systeme";page;"PV-Termine B2B: qualifizierte Gewerbe-PV-Anfragen";"PV-Termine B2B für Gewerbe-PV: Projektwert, Technik und Buying-Center vorqualifizieren. Eigener Anfrageweg statt Termine ohne Projektsubstanz.";https://hasimuener.de/b2b-solar-leads/;1;0;1416;0
28;2026-08-05;2026-09-01;2026-07-08;2026-08-04;query_page;previous_only;https://hasimuener.de/b2b-solar-leads/;"solar pv leads";0;0;;;0;8;0,0000;77,75;0;-8;;15199;"B2B Solar Leads – gewerbliche Photovoltaik-Anfrage-Systeme";page;"PV-Termine B2B: qualifizierte Gewerbe-PV-Anfragen";"PV-Termine B2B für Gewerbe-PV: Projektwert, Technik und Buying-Center vorqualifizieren. Eigener Anfrageweg statt Termine ohne Projektsubstanz.";https://hasimuener.de/b2b-solar-leads/;1;0;1416;0
28;2026-08-05;2026-09-01;2026-07-08;2026-08-04;query_page;previous_only;https://hasimuener.de/b2b-solar-leads/;"vertrieb von photovoltaikmodulen";0;0;;;0;1;0,0000;90,00;0;-1;;15199;"B2B Solar Leads – gewerbliche Photovoltaik-Anfrage-Systeme";page;"PV-Termine B2B: qualifizierte Gewerbe-PV-Anfragen";"PV-Termine B2B für Gewerbe-PV: Projektwert, Technik und Buying-Center vorqualifizieren. Eigener Anfrageweg statt Termine ohne Projektsubstanz.";https://hasimuener.de/b2b-solar-leads/;1;0;1416;0
28;2026-08-05;2026-09-01;2026-07-08;2026-08-04;query_page;previous_only;https://hasimuener.de/checkfox-solar-waermepumpe-einordnung/;"checkfox pro";0;0;;;0;1;0,0000;11,00;0;-1;;15276;"Checkfox für Solar- und Wärmepumpen-Betriebe: Seriosität, Mechanik und Markteinordnung";post;"Checkfox seriös? Erfahrungen & Kosten für Solar-Betriebe";"Ist Checkfox seriös? Unabhängige Einordnung für Solar- & Wärmepumpen-Betriebe: Portal-Mechanik, Kosten-Logik und die Alternative zu gekauften Leads.";https://hasimuener.de/checkfox-solar-waermepumpe-einordnung/;1;0;703;0
28;2026-08-05;2026-09-01;2026-07-08;2026-08-04;query_page;previous_only;https://hasimuener.de/checkfox-solar-waermepumpe-einordnung/;wärmepumpe;0;0;;;0;1;0,0000;15,00;0;-1;;15276;"Checkfox für Solar- und Wärmepumpen-Betriebe: Seriosität, Mechanik und Markteinordnung";post;"Checkfox seriös? Erfahrungen & Kosten für Solar-Betriebe";"Ist Checkfox seriös? Unabhängige Einordnung für Solar- & Wärmepumpen-Betriebe: Portal-Mechanik, Kosten-Logik und die Alternative zu gekauften Leads.";https://hasimuener.de/checkfox-solar-waermepumpe-einordnung/;1;0;703;0
28;2026-08-05;2026-09-01;2026-07-08;2026-08-04;query_page;previous_only;https://hasimuener.de/e3-new-energy/;"e3 new energy";0;0;;;0;2;0,0000;38,00;0;-2;;0;"Legacy Redirect";legacy_redirect;;;https://hasimuener.de/case-study-solar-leadgenerierung/;0;0;0;0
28;2026-08-05;2026-09-01;2026-07-08;2026-08-04;query_page;previous_only;https://hasimuener.de/e3-new-energy/;"e3 new energy gmbh";0;0;;;0;1;0,0000;40,00;0;-1;;0;"Legacy Redirect";legacy_redirect;;;https://hasimuener.de/case-study-solar-leadgenerierung/;0;0;0;0
28;2026-08-05;2026-09-01;2026-07-08;2026-08-04;query_page;previous_only;https://hasimuener.de/e3-new-energy/;"rezensionen für e3 new energy";0;0;;;0;1;0,0000;20,00;0;-1;;0;"Legacy Redirect";legacy_redirect;;;https://hasimuener.de/case-study-solar-leadgenerierung/;0;0;0;0
28;2026-08-05;2026-09-01;2026-07-08;2026-08-04;query_page;previous_only;https://hasimuener.de/eigene-leadgenerierung-vs-portale/;"vergleich der führenden agenturen für digitale leadgenerierung im solarhandwerk";0;0;;;0;1;0,0000;9,00;0;-1;;15200;"Eigene Leadgenerierung vs. Portal-Leads – Vergleich";page;"Portal-Leads vs. eigenes System: TCO-Vergleich Solar/SHK";"24-Monats-TCO: Portal-Leads (DAA, Aroundhome, Check24) vs. eigenes Anfragesystem. Case Study: über 85 % niedrigerer CPL in 6 Monaten.";https://hasimuener.de/eigene-leadgenerierung-vs-portale/;1;0;940;0
28;2026-08-05;2026-09-01;2026-07-08;2026-08-04;query_page;previous_only;https://hasimuener.de/ga4-tracking-setup/;"ga4 setup agentur";0;0;;;0;1;0,0000;62,00;0;-1;;13183;"GA4 &amp; Tracking Setup: Die Wahrheit hinter Ihren Daten";page;"GA4 Tracking Setup | WGOS-Cluster von Haşim Üner";"GA4 Tracking Setup als WGOS-Cluster: Tracking Audit, Event-Blueprint, Consent und serverseitige Messung für belastbare Daten.";https://hasimuener.de/ga4-tracking-setup/;1;0;669;0
28;2026-08-05;2026-09-01;2026-07-08;2026-08-04;query_page;previous_only;https://hasimuener.de/kunden-gewinnen-solarteure/;"seo für solarteure";0;0;;;0;13;0,0000;43,08;0;-13;;15202;"Kunden gewinnen für Solarteure – ohne Portal-Leads";page;"Kunden gewinnen für Solarteure – ohne Portal-Leads";"Wie Solarteure & Wärmepumpen-Anbieter systematisch Kunden gewinnen – ohne DAA, Aroundhome oder Check24. Case Study: über 85 % niedrigerer CPL.";https://hasimuener.de/kunden-gewinnen-solarteure/;1;0;817;0
28;2026-08-05;2026-09-01;2026-07-08;2026-08-04;query_page;previous_only;https://hasimuener.de/server-side-tracking-b2b/;"agentur serverside tracking";0;0;;;0;1;0,0000;50,00;0;-1;;15198;"Server-Side Tracking für B2B-Leadgenerierung";page;"Server-Side Tracking einrichten lassen | GA4, Ads & Consent";"Server-Side Tracking für GA4, Google Ads und Meta CAPI: geprüft, eingerichtet, parallel getestet und dokumentiert. Setup ab 1.290 € netto.";https://hasimuener.de/server-side-tracking-b2b/;1;0;2150;0
28;2026-08-05;2026-09-01;2026-07-08;2026-08-04;query_page;previous_only;https://hasimuener.de/server-side-tracking-b2b/;"dsgvo kann beim serverseitigen tracking";0;0;;;0;3;0,0000;80,00;0;-3;;15198;"Server-Side Tracking für B2B-Leadgenerierung";page;"Server-Side Tracking einrichten lassen | GA4, Ads & Consent";"Server-Side Tracking für GA4, Google Ads und Meta CAPI: geprüft, eingerichtet, parallel getestet und dokumentiert. Setup ab 1.290 € netto.";https://hasimuener.de/server-side-tracking-b2b/;1;0;2150;0
28;2026-08-05;2026-09-01;2026-07-08;2026-08-04;query_page;previous_only;https://hasimuener.de/server-side-tracking-b2b/;"elevar server side tracking";0;0;;;0;3;0,0000;51,67;0;-3;;15198;"Server-Side Tracking für B2B-Leadgenerierung";page;"Server-Side Tracking einrichten lassen | GA4, Ads & Consent";"Server-Side Tracking für GA4, Google Ads und Meta CAPI: geprüft, eingerichtet, parallel getestet und dokumentiert. Setup ab 1.290 € netto.";https://hasimuener.de/server-side-tracking-b2b/;1;0;2150;0
28;2026-08-05;2026-09-01;2026-07-08;2026-08-04;query_page;previous_only;https://hasimuener.de/server-side-tracking-b2b/;"server side tracking agency";0;0;;;0;2;0,0000;88,50;0;-2;;15198;"Server-Side Tracking für B2B-Leadgenerierung";page;"Server-Side Tracking einrichten lassen | GA4, Ads & Consent";"Server-Side Tracking für GA4, Google Ads und Meta CAPI: geprüft, eingerichtet, parallel getestet und dokumentiert. Setup ab 1.290 € netto.";https://hasimuener.de/server-side-tracking-b2b/;1;0;2150;0
28;2026-08-05;2026-09-01;2026-07-08;2026-08-04;query_page;previous_only;https://hasimuener.de/server-side-tracking-b2b/;"server side tracking agentur münchen";0;0;;;0;2;0,0000;74,50;0;-2;;15198;"Server-Side Tracking für B2B-Leadgenerierung";page;"Server-Side Tracking einrichten lassen | GA4, Ads & Consent";"Server-Side Tracking für GA4, Google Ads und Meta CAPI: geprüft, eingerichtet, parallel getestet und dokumentiert. Setup ab 1.290 € netto.";https://hasimuener.de/server-side-tracking-b2b/;1;0;2150;0
28;2026-08-05;2026-09-01;2026-07-08;2026-08-04;query_page;previous_only;https://hasimuener.de/server-side-tracking-b2b/;"server side tracking beratung";0;0;;;0;1;0,0000;95,00;0;-1;;15198;"Server-Side Tracking für B2B-Leadgenerierung";page;"Server-Side Tracking einrichten lassen | GA4, Ads & Consent";"Server-Side Tracking für GA4, Google Ads und Meta CAPI: geprüft, eingerichtet, parallel getestet und dokumentiert. Setup ab 1.290 € netto.";https://hasimuener.de/server-side-tracking-b2b/;1;0;2150;0
28;2026-08-05;2026-09-01;2026-07-08;2026-08-04;query_page;previous_only;https://hasimuener.de/server-side-tracking-b2b/;"server-side tracking agentur";0;0;;;0;1;0,0000;50,00;0;-1;;15198;"Server-Side Tracking für B2B-Leadgenerierung";page;"Server-Side Tracking einrichten lassen | GA4, Ads & Consent";"Server-Side Tracking für GA4, Google Ads und Meta CAPI: geprüft, eingerichtet, parallel getestet und dokumentiert. Setup ab 1.290 € netto.";https://hasimuener.de/server-side-tracking-b2b/;1;0;2150;0
28;2026-08-05;2026-09-01;2026-07-08;2026-08-04;query_page;previous_only;https://hasimuener.de/server-side-tracking-b2b/;"server-side tracking dsgvo";0;0;;;0;7;0,0000;61,14;0;-7;;15198;"Server-Side Tracking für B2B-Leadgenerierung";page;"Server-Side Tracking einrichten lassen | GA4, Ads & Consent";"Server-Side Tracking für GA4, Google Ads und Meta CAPI: geprüft, eingerichtet, parallel getestet und dokumentiert. Setup ab 1.290 € netto.";https://hasimuener.de/server-side-tracking-b2b/;1;0;2150;0
28;2026-08-05;2026-09-01;2026-07-08;2026-08-04;query_page;previous_only;https://hasimuener.de/server-side-tracking-b2b/;"serverseitiges tracking agentur";0;0;;;0;2;0,0000;91,50;0;-2;;15198;"Server-Side Tracking für B2B-Leadgenerierung";page;"Server-Side Tracking einrichten lassen | GA4, Ads & Consent";"Server-Side Tracking für GA4, Google Ads und Meta CAPI: geprüft, eingerichtet, parallel getestet und dokumentiert. Setup ab 1.290 € netto.";https://hasimuener.de/server-side-tracking-b2b/;1;0;2150;0
28;2026-08-05;2026-09-01;2026-07-08;2026-08-04;query_page;previous_only;https://hasimuener.de/server-side-tracking-b2b/;"serverseitiges tracking dsgvo";0;0;;;0;2;0,0000;84,50;0;-2;;15198;"Server-Side Tracking für B2B-Leadgenerierung";page;"Server-Side Tracking einrichten lassen | GA4, Ads & Consent";"Server-Side Tracking für GA4, Google Ads und Meta CAPI: geprüft, eingerichtet, parallel getestet und dokumentiert. Setup ab 1.290 € netto.";https://hasimuener.de/server-side-tracking-b2b/;1;0;2150;0
28;2026-08-05;2026-09-01;2026-07-08;2026-08-04;query_page;previous_only;https://hasimuener.de/server-side-tracking-b2b/;"serverseitiges tracking und dsgvo";0;0;;;0;2;0,0000;84,00;0;-2;;15198;"Server-Side Tracking für B2B-Leadgenerierung";page;"Server-Side Tracking einrichten lassen | GA4, Ads & Consent";"Server-Side Tracking für GA4, Google Ads und Meta CAPI: geprüft, eingerichtet, parallel getestet und dokumentiert. Setup ab 1.290 € netto.";https://hasimuener.de/server-side-tracking-b2b/;1;0;2150;0
28;2026-08-05;2026-09-01;2026-07-08;2026-08-04;query_page;previous_only;https://hasimuener.de/server-side-tracking-b2b/;"serverside tracking beratung";0;0;;;0;1;0,0000;96,00;0;-1;;15198;"Server-Side Tracking für B2B-Leadgenerierung";page;"Server-Side Tracking einrichten lassen | GA4, Ads & Consent";"Server-Side Tracking für GA4, Google Ads und Meta CAPI: geprüft, eingerichtet, parallel getestet und dokumentiert. Setup ab 1.290 € netto.";https://hasimuener.de/server-side-tracking-b2b/;1;0;2150;0
28;2026-08-05;2026-09-01;2026-07-08;2026-08-04;query_page;previous_only;https://hasimuener.de/server-side-tracking-gtm/;"serverseitiges tagging gtm";0;0;;;0;1;0,0000;92,00;0;-1;;13426;"Server-Side Tracking mit GTM: Warum deutsche B2B-Unternehmen jetzt umstellen müssen";post;"Server-Side Tracking mit GTM | Setup, DSGVO &amp; Vorteile";"Server-Side Tracking gibt Ihnen die volle Kontrolle über Ihre Marketingdaten. Setup, DSGVO-Konformität &amp; messbare Vorteile für B2B-Unternehmen erklärt.";https://hasimuener.de/server-side-tracking-gtm/;1;0;2224;0
28;2026-08-05;2026-09-01;2026-07-08;2026-08-04;query_page;previous_only;https://hasimuener.de/solar-leads-kaufen-alternative/;"check24 wärmepumpe";0;0;;;0;2;0,0000;5,00;0;-2;;15197;"Solar Leads kaufen – Alternative: eigenes Anfrage-System";page;"Photovoltaik & Solar Leads kaufen? Alternative ohne Portale";"Photovoltaik-, PV- oder Solar-Leads kaufen — oder eigene Anfragen aufbauen? Portal-Leads gehen an mehrere Betriebe. Case Study: über 85 % niedrigerer CPL.";https://hasimuener.de/solar-leads-kaufen-alternative/;1;0;1152;0
28;2026-08-05;2026-09-01;2026-07-08;2026-08-04;query_page;previous_only;https://hasimuener.de/solar-leads-kaufen-alternative/;"leadgenerator solar";0;0;;;0;1;0,0000;59,00;0;-1;;15197;"Solar Leads kaufen – Alternative: eigenes Anfrage-System";page;"Photovoltaik & Solar Leads kaufen? Alternative ohne Portale";"Photovoltaik-, PV- oder Solar-Leads kaufen — oder eigene Anfragen aufbauen? Portal-Leads gehen an mehrere Betriebe. Case Study: über 85 % niedrigerer CPL.";https://hasimuener.de/solar-leads-kaufen-alternative/;1;0;1152;0
28;2026-08-05;2026-09-01;2026-07-08;2026-08-04;query_page;previous_only;https://hasimuener.de/solar-leads-kaufen-alternative/;"pvpro alternative";0;0;;;0;1;0,0000;28,00;0;-1;;15197;"Solar Leads kaufen – Alternative: eigenes Anfrage-System";page;"Photovoltaik & Solar Leads kaufen? Alternative ohne Portale";"Photovoltaik-, PV- oder Solar-Leads kaufen — oder eigene Anfragen aufbauen? Portal-Leads gehen an mehrere Betriebe. Case Study: über 85 % niedrigerer CPL.";https://hasimuener.de/solar-leads-kaufen-alternative/;1;0;1152;0
28;2026-08-05;2026-09-01;2026-07-08;2026-08-04;query_page;previous_only;https://hasimuener.de/solar-leads-kaufen-alternative/;"wattfox leads kaufen";0;0;;;0;2;0,0000;18,00;0;-2;;15197;"Solar Leads kaufen – Alternative: eigenes Anfrage-System";page;"Photovoltaik & Solar Leads kaufen? Alternative ohne Portale";"Photovoltaik-, PV- oder Solar-Leads kaufen — oder eigene Anfragen aufbauen? Portal-Leads gehen an mehrere Betriebe. Case Study: über 85 % niedrigerer CPL.";https://hasimuener.de/solar-leads-kaufen-alternative/;1;0;1152;0
28;2026-08-05;2026-09-01;2026-07-08;2026-08-04;query_page;previous_only;https://hasimuener.de/solar-leads-kaufen-lohnt-sich/;"leadgenerierung photovoltaik";0;0;;;0;3;0,0000;73,67;0;-3;;15265;"Solar-Leads kaufen: Warum die billigen Anfragen am Ende die teuersten sind";post;"Solar-Leads kaufen: Lohnt sich das für Ihren Betrieb?";"Gekaufte Solar-Leads wirken günstig. Warum die billigen Anfragen am Ende die teuersten sind – und wie Sie an eigene Anfragen kommen, die abschließen.";https://hasimuener.de/solar-leads-kaufen-lohnt-sich/;1;0;2978;0
28;2026-08-05;2026-09-01;2026-07-08;2026-08-04;query_page;previous_only;https://hasimuener.de/solar-leads-kaufen-lohnt-sich/;"leads solar";0;0;;;0;1;0,0000;42,00;0;-1;;15265;"Solar-Leads kaufen: Warum die billigen Anfragen am Ende die teuersten sind";post;"Solar-Leads kaufen: Lohnt sich das für Ihren Betrieb?";"Gekaufte Solar-Leads wirken günstig. Warum die billigen Anfragen am Ende die teuersten sind – und wie Sie an eigene Anfragen kommen, die abschließen.";https://hasimuener.de/solar-leads-kaufen-lohnt-sich/;1;0;2978;0
28;2026-08-05;2026-09-01;2026-07-08;2026-08-04;query_page;previous_only;https://hasimuener.de/solar-leads-kaufen-lohnt-sich/;"solar leads";0;0;;;0;1;0,0000;45,00;0;-1;;15265;"Solar-Leads kaufen: Warum die billigen Anfragen am Ende die teuersten sind";post;"Solar-Leads kaufen: Lohnt sich das für Ihren Betrieb?";"Gekaufte Solar-Leads wirken günstig. Warum die billigen Anfragen am Ende die teuersten sind – und wie Sie an eigene Anfragen kommen, die abschließen.";https://hasimuener.de/solar-leads-kaufen-lohnt-sich/;1;0;2978;0
28;2026-08-05;2026-09-01;2026-07-08;2026-08-04;query_page;previous_only;https://hasimuener.de/solar-leads-kaufen-lohnt-sich/;"wärmepumpen leads";0;0;;;0;1;0,0000;85,00;0;-1;;15265;"Solar-Leads kaufen: Warum die billigen Anfragen am Ende die teuersten sind";post;"Solar-Leads kaufen: Lohnt sich das für Ihren Betrieb?";"Gekaufte Solar-Leads wirken günstig. Warum die billigen Anfragen am Ende die teuersten sind – und wie Sie an eigene Anfragen kommen, die abschließen.";https://hasimuener.de/solar-leads-kaufen-lohnt-sich/;1;0;2978;0
28;2026-08-05;2026-09-01;2026-07-08;2026-08-04;query_page;previous_only;https://hasimuener.de/solar-leads-kosten-studie/;"wärmepumpen leads";0;0;;;0;2;0,0000;74,00;0;-2;;15255;"Was kosten Solar-Leads? Marktstudie DACH";page;"Solar-Leads Kosten 2026: CPL, CPO & Portal-Vergleich";"Was kosten Solar-Leads wirklich? Marktstudie mit Photovoltaik- und Wärmepumpen-CPL, Cost-per-Order, Portal-Modellen, Methodik und Case-Study-Benchmark.";https://hasimuener.de/solar-leads-kosten-studie/;1;0;921;0
28;2026-08-05;2026-09-01;2026-07-08;2026-08-04;query_page;previous_only;https://hasimuener.de/waermepumpen-leads/;"gebäudetyp e";0;0;;;0;2;0,0000;17,50;0;-2;;15272;"Wärmepumpen Leads – Alternative: eigenes Anfrage-System";page;"Wärmepumpen Leads kaufen? Alternative ohne Portale";"Wärmepumpen-Leads kaufen oder eigene Anfragen aufbauen? Portal-Leads gehen an mehrere Betriebe und schließen selten ab. Case Study: über 85 % weniger CPL.";https://hasimuener.de/waermepumpen-leads/;1;0;1174;0
28;2026-08-05;2026-09-01;2026-07-08;2026-08-04;query_page;previous_only;https://hasimuener.de/waermepumpen-leads/;"top anbieter leadgenerierung elektriker shk-betriebe vergleich";0;0;;;0;2;0,0000;9,00;0;-2;;15272;"Wärmepumpen Leads – Alternative: eigenes Anfrage-System";page;"Wärmepumpen Leads kaufen? Alternative ohne Portale";"Wärmepumpen-Leads kaufen oder eigene Anfragen aufbauen? Portal-Leads gehen an mehrere Betriebe und schließen selten ab. Case Study: über 85 % weniger CPL.";https://hasimuener.de/waermepumpen-leads/;1;0;1174;0
28;2026-08-05;2026-09-01;2026-07-08;2026-08-04;query_page;previous_only;https://hasimuener.de/wordpress-agentur-hannover/;"wordpress entwicklung hannover";0;0;;;0;1;0,0000;54,00;0;-1;;10777;"WordPress Agentur Hannover";page;"WordPress Agentur Hannover: SEO, Tracking & CRO";"WordPress Agentur Hannover für messbare B2B-Anfragen: technisches SEO, Server-Side Tracking, CRO. Erst Projektprüfung, dann Umsetzung. CPL-Case: 150 € → 22 €.";https://hasimuener.de/wordpress-agentur-hannover/;1;0;632;0
28;2026-08-05;2026-09-01;2026-07-08;2026-08-04;query_page;previous_only;https://hasimuener.de/wordpress-agentur-hannover/;"wordpress experte hannover";0;0;;;0;1;0,0000;43,00;0;-1;;10777;"WordPress Agentur Hannover";page;"WordPress Agentur Hannover: SEO, Tracking & CRO";"WordPress Agentur Hannover für messbare B2B-Anfragen: technisches SEO, Server-Side Tracking, CRO. Erst Projektprüfung, dann Umsetzung. CPL-Case: 150 € → 22 €.";https://hasimuener.de/wordpress-agentur-hannover/;1;0;632;0
28;2026-08-05;2026-09-01;2026-07-08;2026-08-04;query_page;previous_only;https://hasimuener.de/wordpress-agentur-hannover/;"wordpress wartungsvertrag hannover";0;0;;;0;2;0,0000;59,50;0;-2;;10777;"WordPress Agentur Hannover";page;"WordPress Agentur Hannover: SEO, Tracking & CRO";"WordPress Agentur Hannover für messbare B2B-Anfragen: technisches SEO, Server-Side Tracking, CRO. Erst Projektprüfung, dann Umsetzung. CPL-Case: 150 € → 22 €.";https://hasimuener.de/wordpress-agentur-hannover/;1;0;632;0
28;2026-08-05;2026-09-01;2026-07-08;2026-08-04;query_page;previous_only;https://hasimuener.de/wordpress-agentur-hannover/;"wordpress website hannover";0;0;;;0;6;0,0000;56,50;0;-6;;10777;"WordPress Agentur Hannover";page;"WordPress Agentur Hannover: SEO, Tracking & CRO";"WordPress Agentur Hannover für messbare B2B-Anfragen: technisches SEO, Server-Side Tracking, CRO. Erst Projektprüfung, dann Umsetzung. CPL-Case: 150 € → 22 €.";https://hasimuener.de/wordpress-agentur-hannover/;1;0;632;0
28;2026-08-05;2026-09-01;2026-07-08;2026-08-04;page_total;both;https://hasimuener.de/checkfox-solar-waermepumpe-einordnung/;;10;1457;0,0069;8,37;5;668;0,0075;8,55;5;789;-0,18;15276;"Checkfox für Solar- und Wärmepumpen-Betriebe: Seriosität, Mechanik und Markteinordnung";post;"Checkfox seriös? Erfahrungen & Kosten für Solar-Betriebe";"Ist Checkfox seriös? Unabhängige Einordnung für Solar- & Wärmepumpen-Betriebe: Portal-Mechanik, Kosten-Logik und die Alternative zu gekauften Leads.";https://hasimuener.de/checkfox-solar-waermepumpe-einordnung/;1;0;703;0
28;2026-08-05;2026-09-01;2026-07-08;2026-08-04;page_total;both;https://hasimuener.de/;;3;25;0,1200;2,44;3;65;0,0462;5,11;0;-40;-2,67;11953;"WordPress-Architektur &amp; Performance Marketing (B2B) · Hannover &amp; DACH";front_page;"WordPress, Tracking & Conversion | Haşim Üner";"WordPress-Entwicklung, technisches SEO, Tracking und Conversion aus Pattensen bei Hannover. Für direkte Projekte, Agenturen und Solar-/Wärmepumpen-Anbieter.";https://hasimuener.de/;1;0;495;0
28;2026-08-05;2026-09-01;2026-07-08;2026-08-04;page_total;both;https://hasimuener.de/aroundhome-solar-einordnung/;;3;191;0,0157;8,17;0;181;0,0000;10,30;3;10;-2,13;15206;"Aroundhome Erfahrungen für Handwerker: Kosten und Einordnung des Vergleichsportal-Modells";post;"Aroundhome Kosten für Handwerker: Lohnt sich das?";"Was kostet Aroundhome für Handwerker? Rechnen Sie Kosten pro Auftrag mit eigenen Zahlen und prüfen Sie Vertrag, Erfahrungen und Portal-Fit.";https://hasimuener.de/aroundhome-solar-einordnung/;1;0;1083;0
28;2026-08-05;2026-09-01;2026-07-08;2026-08-04;page_total;both;https://hasimuener.de/uber-mich/;;1;18;0,0556;8,33;0;57;0,0000;4,68;1;-39;3,65;0;"Legacy Redirect";legacy_redirect;;;https://hasimuener.de/hasim-uener/;0;0;0;0
28;2026-08-05;2026-09-01;2026-07-08;2026-08-04;page_total;both;https://hasimuener.de/waermepumpen-leads/;;1;124;0,0081;28,86;2;134;0,0149;21,13;-1;-10;7,73;15272;"Wärmepumpen Leads – Alternative: eigenes Anfrage-System";page;"Wärmepumpen Leads kaufen? Alternative ohne Portale";"Wärmepumpen-Leads kaufen oder eigene Anfragen aufbauen? Portal-Leads gehen an mehrere Betriebe und schließen selten ab. Case Study: über 85 % weniger CPL.";https://hasimuener.de/waermepumpen-leads/;1;0;1174;0
28;2026-08-05;2026-09-01;2026-07-08;2026-08-04;page_total;both;https://hasimuener.de/b2b-solar-leads/;;0;505;0,0000;47,89;6;587;0,0102;35,59;-6;-82;12,30;15199;"B2B Solar Leads – gewerbliche Photovoltaik-Anfrage-Systeme";page;"PV-Termine B2B: qualifizierte Gewerbe-PV-Anfragen";"PV-Termine B2B für Gewerbe-PV: Projektwert, Technik und Buying-Center vorqualifizieren. Eigener Anfrageweg statt Termine ohne Projektsubstanz.";https://hasimuener.de/b2b-solar-leads/;1;0;1416;0
28;2026-08-05;2026-09-01;2026-07-08;2026-08-04;page_total;both;https://hasimuener.de/blog/;;0;5;0,0000;6,00;0;3;0,0000;5,67;0;2;0,33;12687;Blog;blog_index;"Blog: WordPress, Tracking, SEO & Conversion | Haşim Üner";"Analysen zu WordPress, technischem SEO, Tracking, Conversion und Performance. Dazu Praxiswissen zu Anfragesystemen für Solar und Wärmepumpe.";https://hasimuener.de/blog/;1;0;415;0
28;2026-08-05;2026-09-01;2026-07-08;2026-08-04;page_total;both;https://hasimuener.de/category/markteinordnung/;;0;1;0,0000;11,00;0;4;0,0000;3,75;0;-3;7,25;0;;;;;;0;0;0;0
28;2026-08-05;2026-09-01;2026-07-08;2026-08-04;page_total;both;https://hasimuener.de/category/solar-waermepumpen-anfrage-systeme/;;0;2;0,0000;5,50;0;4;0,0000;5,75;0;-2;-0,25;0;;;;;;0;0;0;0
28;2026-08-05;2026-09-01;2026-07-08;2026-08-04;page_total;both;https://hasimuener.de/cost-per-lead-photovoltaik/;;0;2;0,0000;26,00;0;9;0,0000;6,33;0;-7;19,67;15204;"Cost per Lead Photovoltaik – Was Solar-Anfragen wirklich kosten";page;"Cost per Lead Photovoltaik: Was Solar-Anfragen wirklich kosten";"CPL-Rechnung für Photovoltaik- und Wärmepumpen-Anbieter: Portal-Leads vs. eigenes System. Case Study: über 85 % weniger Kosten pro Anfrage in 6 Monaten.";https://hasimuener.de/cost-per-lead-photovoltaik/;1;0;763;0
28;2026-08-05;2026-09-01;2026-07-08;2026-08-04;page_total;both;https://hasimuener.de/daa-photovoltaik-leads-einordnung/;;0;11;0,0000;5,09;0;8;0,0000;8,00;0;3;-2,91;15208;"DAA Photovoltaik Leads: Markteinordnung des Branchen-Portal-Modells";post;"DAA Leads: Erfahrungen, Kosten & Einordnung für Solarteure";"DAA Leads aus Solarteur-Sicht: Spezialisierung, Verteilungslogik, Kosten pro Auftrag und die Alternative durch eigene Anfrage-Systeme.";https://hasimuener.de/daa-photovoltaik-leads-einordnung/;1;0;683;0
28;2026-08-05;2026-09-01;2026-07-08;2026-08-04;page_total;both;https://hasimuener.de/design-ist-mehr-als-aesthetik/;;0;30;0,0000;16,17;1;13;0,0769;6,77;-1;17;9,40;13492;"Design ist kein Geschmack. Es ist Architektur.";post;"Design ist mehr als Ästhetik – Bedeutung, Wirkung & Praxis";"Warum Design Erwartungen, Verhalten und Vertrauen prägt – digital wie physisch. Geschichte, Psychologie, Semiotik, Ethik & Business-Impact.";https://hasimuener.de/design-ist-mehr-als-aesthetik/;1;0;2161;0
28;2026-08-05;2026-09-01;2026-07-08;2026-08-04;page_total;both;https://hasimuener.de/e3-new-energy/;;0;3;0,0000;10,67;0;19;0,0000;12,79;0;-16;-2,12;0;"Legacy Redirect";legacy_redirect;;;https://hasimuener.de/case-study-solar-leadgenerierung/;0;0;0;0
28;2026-08-05;2026-09-01;2026-07-08;2026-08-04;page_total;both;https://hasimuener.de/ergebnisse/;;0;6;0,0000;20,33;0;4;0,0000;4,00;0;2;16,33;14883;Ergebnisse;page;"Ergebnisse & Case Studies | WordPress, SEO, CRO";"Ergebnisse aus WordPress-, SEO-, Tracking- und CRO-Projekten: Case Study eines PV-Installationsbetriebs, Systemlogik und konkrete nächste Schritte.";https://hasimuener.de/ergebnisse/;1;0;233;0
28;2026-08-05;2026-09-01;2026-07-08;2026-08-04;page_total;current_only;https://hasimuener.de/glossar/;;0;1;0,0000;2,00;0;0;;;0;1;;14954;Glossar;page;"Glossar fuer SEO, Tracking und CRO | Haşim Üner";"Glossar fuer SEO, Tracking, Performance und Conversion: definitorische Begriffe mit sauberer Bruecke zu den passenden Primary URLs.";https://hasimuener.de/glossar/;1;0;574;0
28;2026-08-05;2026-09-01;2026-07-08;2026-08-04;page_total;current_only;https://hasimuener.de/glossar/canonical-url/;;0;1;0,0000;37,00;0;0;;;0;1;;14959;"Canonical URL";glossary_term;"Canonical URL: Definition und typische Fehler | Haşim Üner";"Canonical URL erklärt: Was der Tag bewirkt, wo häufige Fehler liegen und warum technische SEO mehr ist als nur ein einzelner Head-Tag.";https://hasimuener.de/glossar/canonical-url/;1;0;357;0
28;2026-08-05;2026-09-01;2026-07-08;2026-08-04;page_total;both;https://hasimuener.de/kontakt/;;0;12;0,0000;8,83;0;13;0,0000;5,54;0;-1;3,29;3660;Kontakt;page;"Kontakt & Projektanfrage | Haşim Üner";"Projekt oder Frage kurz einordnen: ein Formular, händisch geprüfte Rückmeldung innerhalb von 24 Stunden werktags. Kein Pflicht-Call, kein Vertriebsteam.";https://hasimuener.de/kontakt/;1;0;218;0
28;2026-08-05;2026-09-01;2026-07-08;2026-08-04;page_total;both;https://hasimuener.de/kunden-gewinnen-solarteure/;;0;11;0,0000;31,18;0;27;0,0000;30,22;0;-16;0,96;15202;"Kunden gewinnen für Solarteure – ohne Portal-Leads";page;"Kunden gewinnen für Solarteure – ohne Portal-Leads";"Wie Solarteure & Wärmepumpen-Anbieter systematisch Kunden gewinnen – ohne DAA, Aroundhome oder Check24. Case Study: über 85 % niedrigerer CPL.";https://hasimuener.de/kunden-gewinnen-solarteure/;1;0;817;0
28;2026-08-05;2026-09-01;2026-07-08;2026-08-04;page_total;both;https://hasimuener.de/lead-funnel-solar/;;0;13;0,0000;57,08;0;21;0,0000;34,62;0;-8;22,46;15201;"Lead-Funnel Solar – Pillar-Page";page;"Lead-Funnel Solar & Wärmepumpe – Aufbau für B2B-Marketing";"Lead-Funnel-Architektur für Photovoltaik- und Wärmepumpen-Anbieter: vom Erstkontakt zur qualifizierten Anfrage. Vorqualifizierung, Lead-Scoring, CRM-Übergabe.";https://hasimuener.de/lead-funnel-solar/;1;0;687;0
28;2026-08-05;2026-09-01;2026-07-08;2026-08-04;page_total;both;https://hasimuener.de/qualifizierte-pv-anfragen/;;0;17;0,0000;39,47;0;8;0,0000;25,38;0;9;14,10;15205;"Qualifizierte PV-Anfragen – Vier Merkmale für hochwertige Leads";page;"Qualifizierte PV-Anfragen: 4 Merkmale guter Solar-Leads";"Vier Merkmale einer qualifizierten Photovoltaik-Anfrage: Intent, Exklusivität, Vorqualifizierung, Echtzeit — mit Praxisbezug aus einer Case Study.";https://hasimuener.de/qualifizierte-pv-anfragen/;1;0;744;0
28;2026-08-05;2026-09-01;2026-07-08;2026-08-04;page_total;both;https://hasimuener.de/server-side-tracking-b2b/;;0;190;0,0000;79,16;0;231;0,0000;57,88;0;-41;21,28;15198;"Server-Side Tracking für B2B-Leadgenerierung";page;"Server-Side Tracking einrichten lassen | GA4, Ads & Consent";"Server-Side Tracking für GA4, Google Ads und Meta CAPI: geprüft, eingerichtet, parallel getestet und dokumentiert. Setup ab 1.290 € netto.";https://hasimuener.de/server-side-tracking-b2b/;1;0;2150;0
28;2026-08-05;2026-09-01;2026-07-08;2026-08-04;page_total;both;https://hasimuener.de/solar-leads-kaufen-alternative/;;0;83;0,0000;40,20;0;111;0,0000;32,21;0;-28;8,00;15197;"Solar Leads kaufen – Alternative: eigenes Anfrage-System";page;"Photovoltaik & Solar Leads kaufen? Alternative ohne Portale";"Photovoltaik-, PV- oder Solar-Leads kaufen — oder eigene Anfragen aufbauen? Portal-Leads gehen an mehrere Betriebe. Case Study: über 85 % niedrigerer CPL.";https://hasimuener.de/solar-leads-kaufen-alternative/;1;0;1152;0
28;2026-08-05;2026-09-01;2026-07-08;2026-08-04;page_total;both;https://hasimuener.de/solar-leads-kaufen-lohnt-sich/;;0;17;0,0000;3,35;0;34;0,0000;19,44;0;-17;-16,09;15265;"Solar-Leads kaufen: Warum die billigen Anfragen am Ende die teuersten sind";post;"Solar-Leads kaufen: Lohnt sich das für Ihren Betrieb?";"Gekaufte Solar-Leads wirken günstig. Warum die billigen Anfragen am Ende die teuersten sind – und wie Sie an eigene Anfragen kommen, die abschließen.";https://hasimuener.de/solar-leads-kaufen-lohnt-sich/;1;0;2978;0
28;2026-08-05;2026-09-01;2026-07-08;2026-08-04;page_total;both;https://hasimuener.de/solar-leads-kosten-studie/;;0;32;0,0000;11,91;1;68;0,0147;10,09;-1;-36;1,82;15255;"Was kosten Solar-Leads? Marktstudie DACH";page;"Solar-Leads Kosten 2026: CPL, CPO & Portal-Vergleich";"Was kosten Solar-Leads wirklich? Marktstudie mit Photovoltaik- und Wärmepumpen-CPL, Cost-per-Order, Portal-Modellen, Methodik und Case-Study-Benchmark.";https://hasimuener.de/solar-leads-kosten-studie/;1;0;921;0
28;2026-08-05;2026-09-01;2026-07-08;2026-08-04;page_total;both;https://hasimuener.de/solar-waermepumpen-leadgenerierung/;;0;19;0,0000;7,11;0;23;0,0000;13,52;0;-4;-6,42;15048;"Leadgenerierung für Solar- und Wärmepumpen-Anbieter";page;"Leadgenerierung Photovoltaik & Wärmepumpe ohne Portale";"Leadgenerierung für Photovoltaik und Wärmepumpe: eigene qualifizierte Anfragen statt geteilter Portal-Leads. Marktcheck plus Case Study: über 85 % weniger CPL.";https://hasimuener.de/solar-waermepumpen-leadgenerierung/;1;0;2792;0
28;2026-08-05;2026-09-01;2026-07-08;2026-08-04;page_total;current_only;https://hasimuener.de/stack-agentur/;;0;16;0,0000;2,13;0;0;;;0;16;;15232;"Stack Agentur";page;"Stack Agentur";;https://hasimuener.de/stack-agentur/;1;0;677;0
28;2026-08-05;2026-09-01;2026-07-08;2026-08-04;page_total;current_only;https://hasimuener.de/stack-solar/;;0;31;0,0000;1,06;0;0;;;0;31;;15230;"Stack Solar";page;"Stack Solar";"Technischer Unterbau eigener Anfragesysteme: Frontend, Tracking, CRM und Vorqualifizierung für Solar- und Wärmepumpen-Anbieter.";https://hasimuener.de/stack-solar/;1;0;785;0
28;2026-08-05;2026-09-01;2026-07-08;2026-08-04;page_total;both;https://hasimuener.de/wattfox-solar-leads-einordnung/;;0;23;0,0000;7,83;0;11;0,0000;9,27;0;12;-1,45;15207;"Wattfox Erfahrungen für Solarteure: Leads, Kosten und Markteinordnung";post;"Wattfox Erfahrungen & Kosten: Einordnung für Solarteure";"Wattfox aus Anbietersicht: was Erfahrungs-Suchen beantworten müssen, wie die Lead-Kosten-Logik funktioniert und wann eigene Anfrage-Systeme stärker sind.";https://hasimuener.de/wattfox-solar-leads-einordnung/;1;0;858;0
28;2026-08-05;2026-09-01;2026-07-08;2026-08-04;page_total;current_only;https://hasimuener.de/wgos-assets/llm-workflow-automatisierung/;;0;4;0,0000;8,25;0;0;;;0;4;;15040;"LLM-Workflow-Automatisierung (n8n)";wgos_asset;"LLM-Workflow-Automatisierung mit n8n – WGOS Asset | Haşim Üner";"Geschäftsprozesse mit KI-Schritten automatisieren: Zusammenfassungen, Klassifikation, Routing – server-seitig auf n8n. 20 Credits.";https://hasimuener.de/wgos-assets/llm-workflow-automatisierung/;0;1;480;0
28;2026-08-05;2026-09-01;2026-07-08;2026-08-04;page_total;current_only;https://hasimuener.de/wgos-assets/tracking-audit/;;0;1;0,0000;23,00;0;0;;;0;1;;14863;"Tracking Audit";wgos_asset;"Tracking Audit - WGOS Asset | Haşim Üner";"Tracking Audit für B2B-Websites: Messfehler finden, Datenqualität absichern und die Basis für Reporting und Optimierung legen.";https://hasimuener.de/wgos-assets/tracking-audit/;0;1;449;0
28;2026-08-05;2026-09-01;2026-07-08;2026-08-04;page_total;current_only;https://hasimuener.de/whitelabel-retainer/;;0;31;0,0000;50,77;0;0;;;0;31;;14885;"Whitelabel &amp; Retainer";page;"White-Label-Partner für Agenturen: WordPress, SEO, Tracking";"White-Label-Partner für Agenturen: WordPress, technisches SEO, Tracking und CRO unter eurem Namen. Einstieg über ein Erstprojekt mit fixem Scope und Festpreis.";https://hasimuener.de/whitelabel-retainer/;1;0;2064;0
28;2026-08-05;2026-09-01;2026-07-08;2026-08-04;page_total;both;https://hasimuener.de/wordpress-agentur-hannover/;;0;257;0,0000;34,41;0;358;0,0000;38,79;0;-101;-4,38;10777;"WordPress Agentur Hannover";page;"WordPress Agentur Hannover: SEO, Tracking & CRO";"WordPress Agentur Hannover für messbare B2B-Anfragen: technisches SEO, Server-Side Tracking, CRO. Erst Projektprüfung, dann Umsetzung. CPL-Case: 150 € → 22 €.";https://hasimuener.de/wordpress-agentur-hannover/;1;0;632;0
28;2026-08-05;2026-09-01;2026-07-08;2026-08-04;page_total;current_only;https://hasimuener.de/wordpress-freelancer-hannover/;;0;5;0,0000;9,00;0;0;;;0;5;;15296;"wordpress freelancer hannover";page;"wordpress freelancer hannover";;https://hasimuener.de/wordpress-freelancer-hannover/;1;0;1150;0
28;2026-08-05;2026-09-01;2026-07-08;2026-08-04;page_total;both;https://hasimuener.de/wordpress-ttfb-google-ads-ladezeit/;;0;6;0,0000;2,50;0;1;0,0000;39,00;0;5;-36,50;15226;"WordPress TTFB unter 200 ms: Wie Server-Antwortzeit den Google-Ads-Qualitätsfaktor entscheidet";post;"WordPress TTFB & Google Ads: Server-Antwortzeit senken";"TTFB über 600 ms zerlegt Ihren Qualitätsfaktor, treibt den CPC und kostet Conversions. Welche Hebel wirklich wirken — und welche nur Aufwand erzeugen.";https://hasimuener.de/wordpress-ttfb-google-ads-ladezeit/;1;0;1393;0
28;2026-08-05;2026-09-01;2026-07-08;2026-08-04;page_total;previous_only;https://hasimuener.de/core-web-vitals-wachstum-seo-und-roas/;;0;0;;;0;1;0,0000;7,00;0;-1;;13414;"Performance ist Profit: Warum Core Web Vitals Wachstum, SEO und ROAS treiben";post;"Performance ist Profit: Warum Core Web Vitals Wachstum, SEO und ROAS treiben";"Core Web Vitals sind kein Technik-Detail, sondern ein Umsatzhebel: Schnellere Ladezeiten verbessern Rankings, Conversion und ROAS. So nutzen Sie Performance strategisch.""";https://hasimuener.de/core-web-vitals-wachstum-seo-und-roas/;1;0;824;0
28;2026-08-05;2026-09-01;2026-07-08;2026-08-04;page_total;previous_only;https://hasimuener.de/eigene-leadgenerierung-vs-portale/;;0;0;;;0;7;0,0000;6,14;0;-7;;15200;"Eigene Leadgenerierung vs. Portal-Leads – Vergleich";page;"Portal-Leads vs. eigenes System: TCO-Vergleich Solar/SHK";"24-Monats-TCO: Portal-Leads (DAA, Aroundhome, Check24) vs. eigenes Anfragesystem. Case Study: über 85 % niedrigerer CPL in 6 Monaten.";https://hasimuener.de/eigene-leadgenerierung-vs-portale/;1;0;940;0
28;2026-08-05;2026-09-01;2026-07-08;2026-08-04;page_total;previous_only;https://hasimuener.de/ga4-tracking-setup/;;0;0;;;0;1;0,0000;62,00;0;-1;;13183;"GA4 &amp; Tracking Setup: Die Wahrheit hinter Ihren Daten";page;"GA4 Tracking Setup | WGOS-Cluster von Haşim Üner";"GA4 Tracking Setup als WGOS-Cluster: Tracking Audit, Event-Blueprint, Consent und serverseitige Messung für belastbare Daten.";https://hasimuener.de/ga4-tracking-setup/;1;0;669;0
28;2026-08-05;2026-09-01;2026-07-08;2026-08-04;page_total;previous_only;https://hasimuener.de/leadfluss-pv-leads-einordnung/;;0;0;;;0;2;0,0000;4,50;0;-2;;15209;"Leadfluss für Solarteure: Markteinordnung des regionalen Videomarketing-Modells";post;"Leadfluss PV-Leads: Markteinordnung";"Leadfluss PV-Leads: regionales Videomarketing, Eigenmarken-Effekt, Ownership-Frage und wirtschaftliche Einordnung.";https://hasimuener.de/leadfluss-pv-leads-einordnung/;1;0;587;0
28;2026-08-05;2026-09-01;2026-07-08;2026-08-04;page_total;previous_only;https://hasimuener.de/photovoltaik-leads-kaufen-alternative/;;0;0;;;0;1;0,0000;4,00;0;-1;;0;"Legacy Redirect";legacy_redirect;;;https://hasimuener.de/solar-waermepumpen-leadgenerierung/;0;0;0;0
28;2026-08-05;2026-09-01;2026-07-08;2026-08-04;page_total;previous_only;https://hasimuener.de/server-side-tracking-gtm/;;0;0;;;0;1;0,0000;92,00;0;-1;;13426;"Server-Side Tracking mit GTM: Warum deutsche B2B-Unternehmen jetzt umstellen müssen";post;"Server-Side Tracking mit GTM | Setup, DSGVO &amp; Vorteile";"Server-Side Tracking gibt Ihnen die volle Kontrolle über Ihre Marketingdaten. Setup, DSGVO-Konformität &amp; messbare Vorteile für B2B-Unternehmen erklärt.";https://hasimuener.de/server-side-tracking-gtm/;1;0;2224;0
28;2026-08-05;2026-09-01;2026-07-08;2026-08-04;page_total;previous_only;https://hasimuener.de/wgos-assets/consent-mode-v2/;;0;0;;;0;1;0,0000;10,00;0;-1;;14858;"Consent Mode v2";wgos_asset;"Consent Mode v2 - WGOS Asset | Haşim Üner";"Consent Mode v2 für WordPress und GTM: Datenschutz sauber umsetzen, Signalverluste einordnen und Datenqualität verbessern.";https://hasimuener.de/wgos-assets/consent-mode-v2/;0;1;445;0
28;2026-08-05;2026-09-01;2026-07-08;2026-08-04;page_total;previous_only;https://hasimuener.de/wgos-assets/plugin-audit/;;0;0;;;0;1;0,0000;7,00;0;-1;;14896;"Plugin Audit &#038; Bereinigung";wgos_asset;"Plugin Audit - WGOS Asset | Haşim Üner";"Plugin Audit für WordPress: unnötige Erweiterungen erkennen, Risiko senken und Performance wie Wartbarkeit verbessern.";https://hasimuener.de/wgos-assets/plugin-audit/;0;1;415;0
28;2026-08-05;2026-09-01;2026-07-08;2026-08-04;page_total;previous_only;https://hasimuener.de/wgos-assets/wettbewerbs-analyse/;;0;0;;;0;4;0,0000;6,75;0;-4;;14890;"Wettbewerbs-Analyse (Digital)";wgos_asset;"Wettbewerbs-Analyse - WGOS Asset | Haşim Üner";"Digitale Wettbewerbs-Analyse für B2B-Websites: Muster erkennen, Differenzierung schärfen und Content- sowie Conversion-Chancen ableiten.";https://hasimuener.de/wgos-assets/wettbewerbs-analyse/;0;1;438;0
