range_days;current_start;current_end;previous_start;previous_end;row_scope;period_presence;page;query;clicks;impressions;ctr;position;previous_clicks;previous_impressions;previous_ctr;previous_position;delta_clicks;delta_impressions;delta_position;post_id;post_title;page_type;seo_title;seo_description;canonical;in_sitemap;noindex;word_count;non_target_query
90;2026-06-25;2026-09-22;2026-03-27;2026-06-24;query_page;current_only;https://hasimuener.de/checkfox-solar-waermepumpe-einordnung/;"checkfox erfahrungen";6;556;0,0108;8,21;0;0;;;6;556;;15276;"Checkfox für Solar- und Wärmepumpen-Betriebe: Seriosität, Mechanik und Markteinordnung";post;"Checkfox seriös? Erfahrungen & Kosten für Solar-Betriebe";"Ist Checkfox seriös? Unabhängige Einordnung für Solar- & Wärmepumpen-Betriebe: Portal-Mechanik, Kosten-Logik und die Alternative zu gekauften Leads.";https://hasimuener.de/checkfox-solar-waermepumpe-einordnung/hasim/;1;0;703;0
90;2026-06-25;2026-09-22;2026-03-27;2026-06-24;query_page;current_only;https://hasimuener.de/aroundhome-solar-einordnung/;"aroundhome erfahrungen handwerker";1;1;1,0000;1,00;0;0;;;1;1;;15206;"Aroundhome Erfahrungen für Handwerker: Kosten und Einordnung des Vergleichsportal-Modells";post;"Aroundhome Kosten für Handwerker: Lohnt sich das?";"Was kostet Aroundhome für Handwerker? Rechnen Sie Kosten pro Auftrag mit eigenen Zahlen und prüfen Sie Vertrag, Erfahrungen und Portal-Fit.";https://hasimuener.de/aroundhome-solar-einordnung/hasim/;1;0;1083;0
90;2026-06-25;2026-09-22;2026-03-27;2026-06-24;query_page;current_only;https://hasimuener.de/aroundhome-solar-einordnung/;"aroundhome kosten für handwerker";1;43;0,0233;6,19;0;0;;;1;43;;15206;"Aroundhome Erfahrungen für Handwerker: Kosten und Einordnung des Vergleichsportal-Modells";post;"Aroundhome Kosten für Handwerker: Lohnt sich das?";"Was kostet Aroundhome für Handwerker? Rechnen Sie Kosten pro Auftrag mit eigenen Zahlen und prüfen Sie Vertrag, Erfahrungen und Portal-Fit.";https://hasimuener.de/aroundhome-solar-einordnung/hasim/;1;0;1083;0
90;2026-06-25;2026-09-22;2026-03-27;2026-06-24;query_page;both;https://hasimuener.de/b2b-solar-leads/;"b2b photovoltaik";1;3;0,3333;8,67;0;5;0,0000;25,40;1;-2;-16,73;15199;"B2B Solar Leads – gewerbliche Photovoltaik-Anfrage-Systeme";page;"PV-Termine B2B: qualifizierte Gewerbe-PV-Anfragen";"PV-Termine B2B für Gewerbe-PV: Projektwert, Technik und Buying-Center vorqualifizieren. Eigener Anfrageweg statt Termine ohne Projektsubstanz.";https://hasimuener.de/b2b-solar-leads/;1;0;1423;0
90;2026-06-25;2026-09-22;2026-03-27;2026-06-24;query_page;current_only;https://hasimuener.de/checkfox-solar-waermepumpe-einordnung/;"checkfox leads";1;2;0,5000;11,50;0;0;;;1;2;;15276;"Checkfox für Solar- und Wärmepumpen-Betriebe: Seriosität, Mechanik und Markteinordnung";post;"Checkfox seriös? Erfahrungen & Kosten für Solar-Betriebe";"Ist Checkfox seriös? Unabhängige Einordnung für Solar- & Wärmepumpen-Betriebe: Portal-Mechanik, Kosten-Logik und die Alternative zu gekauften Leads.";https://hasimuener.de/checkfox-solar-waermepumpe-einordnung/hasim/;1;0;703;0
90;2026-06-25;2026-09-22;2026-03-27;2026-06-24;query_page;current_only;https://hasimuener.de/checkfox-solar-waermepumpe-einordnung/;"checkfox solar erfahrungen";1;44;0,0227;7,02;0;0;;;1;44;;15276;"Checkfox für Solar- und Wärmepumpen-Betriebe: Seriosität, Mechanik und Markteinordnung";post;"Checkfox seriös? Erfahrungen & Kosten für Solar-Betriebe";"Ist Checkfox seriös? Unabhängige Einordnung für Solar- & Wärmepumpen-Betriebe: Portal-Mechanik, Kosten-Logik und die Alternative zu gekauften Leads.";https://hasimuener.de/checkfox-solar-waermepumpe-einordnung/hasim/;1;0;703;0
90;2026-06-25;2026-09-22;2026-03-27;2026-06-24;query_page;current_only;https://hasimuener.de/checkfox-solar-waermepumpe-einordnung/;"ist checkfox seriös";1;76;0,0132;6,70;0;0;;;1;76;;15276;"Checkfox für Solar- und Wärmepumpen-Betriebe: Seriosität, Mechanik und Markteinordnung";post;"Checkfox seriös? Erfahrungen & Kosten für Solar-Betriebe";"Ist Checkfox seriös? Unabhängige Einordnung für Solar- & Wärmepumpen-Betriebe: Portal-Mechanik, Kosten-Logik und die Alternative zu gekauften Leads.";https://hasimuener.de/checkfox-solar-waermepumpe-einordnung/hasim/;1;0;703;0
90;2026-06-25;2026-09-22;2026-03-27;2026-06-24;query_page;current_only;https://hasimuener.de/checkfox-solar-waermepumpe-einordnung/;"was ist checkfox seriös";1;15;0,0667;6,80;0;0;;;1;15;;15276;"Checkfox für Solar- und Wärmepumpen-Betriebe: Seriosität, Mechanik und Markteinordnung";post;"Checkfox seriös? Erfahrungen & Kosten für Solar-Betriebe";"Ist Checkfox seriös? Unabhängige Einordnung für Solar- & Wärmepumpen-Betriebe: Portal-Mechanik, Kosten-Logik und die Alternative zu gekauften Leads.";https://hasimuener.de/checkfox-solar-waermepumpe-einordnung/hasim/;1;0;703;0
90;2026-06-25;2026-09-22;2026-03-27;2026-06-24;query_page;current_only;https://hasimuener.de/solar-leads-kaufen-alternative/;wattfox;1;4;0,2500;25,25;0;0;;;1;4;;15197;"Solar Leads kaufen – Alternative: eigenes Anfrage-System";page;"Photovoltaik & Solar Leads kaufen? Alternative ohne Portale";"Photovoltaik-, PV- oder Solar-Leads kaufen — oder eigene Anfragen aufbauen? Portal-Leads gehen an mehrere Betriebe. Case Study: über 85 % niedrigerer CPL.";https://hasimuener.de/solar-leads-kaufen-alternative/;1;0;1149;0
90;2026-06-25;2026-09-22;2026-03-27;2026-06-24;query_page;both;https://hasimuener.de/wordpress-agentur-hannover/;"wordpress agentur hannover";1;591;0,0017;27,21;1;617;0,0016;26,01;0;-26;1,21;10777;"WordPress Agentur Hannover";page;"WordPress Agentur Hannover: SEO, Tracking & CRO";"WordPress Agentur Hannover für messbare B2B-Anfragen: technisches SEO, Server-Side Tracking, CRO. Erst Projektprüfung, dann Umsetzung. CPL-Case: 150 € → 22 €.";https://hasimuener.de/wordpress-agentur-hannover/;1;0;632;0
90;2026-06-25;2026-09-22;2026-03-27;2026-06-24;query_page;both;https://hasimuener.de/;hasim;0;1;0,0000;8,00;0;20;0,0000;16,65;0;-19;-8,65;11953;"WordPress-Architektur &amp; Performance Marketing (B2B) · Hannover &amp; DACH";front_page;"WordPress Freelancer für Unternehmen | Haşim Üner, Hannover";"WordPress-Websites, technisches SEO und Tracking bis ins CRM. Direkt vom Entwickler aus Pattensen bei Hannover, Projekte ab 3.400 € netto.";https://hasimuener.de/;1;0;1611;0
90;2026-06-25;2026-09-22;2026-03-27;2026-06-24;query_page;current_only;https://hasimuener.de/;"pattensen unternehmen";0;1;0,0000;160,00;0;0;;;0;1;;11953;"WordPress-Architektur &amp; Performance Marketing (B2B) · Hannover &amp; DACH";front_page;"WordPress Freelancer für Unternehmen | Haşim Üner, Hannover";"WordPress-Websites, technisches SEO und Tracking bis ins CRM. Direkt vom Entwickler aus Pattensen bei Hannover, Projekte ab 3.400 € netto.";https://hasimuener.de/;1;0;1611;0
90;2026-06-25;2026-09-22;2026-03-27;2026-06-24;query_page;both;https://hasimuener.de/;"seo pattensen";0;5;0,0000;12,80;0;13;0,0000;21,38;0;-8;-8,58;11953;"WordPress-Architektur &amp; Performance Marketing (B2B) · Hannover &amp; DACH";front_page;"WordPress Freelancer für Unternehmen | Haşim Üner, Hannover";"WordPress-Websites, technisches SEO und Tracking bis ins CRM. Direkt vom Entwickler aus Pattensen bei Hannover, Projekte ab 3.400 € netto.";https://hasimuener.de/;1;0;1611;0
90;2026-06-25;2026-09-22;2026-03-27;2026-06-24;query_page;current_only;https://hasimuener.de/aroundhome-solar-einordnung/;"around home kosten";0;3;0,0000;9,33;0;0;;;0;3;;15206;"Aroundhome Erfahrungen für Handwerker: Kosten und Einordnung des Vergleichsportal-Modells";post;"Aroundhome Kosten für Handwerker: Lohnt sich das?";"Was kostet Aroundhome für Handwerker? Rechnen Sie Kosten pro Auftrag mit eigenen Zahlen und prüfen Sie Vertrag, Erfahrungen und Portal-Fit.";https://hasimuener.de/aroundhome-solar-einordnung/hasim/;1;0;1083;0
90;2026-06-25;2026-09-22;2026-03-27;2026-06-24;query_page;current_only;https://hasimuener.de/aroundhome-solar-einordnung/;aroundhome;0;1;0,0000;3,00;0;0;;;0;1;;15206;"Aroundhome Erfahrungen für Handwerker: Kosten und Einordnung des Vergleichsportal-Modells";post;"Aroundhome Kosten für Handwerker: Lohnt sich das?";"Was kostet Aroundhome für Handwerker? Rechnen Sie Kosten pro Auftrag mit eigenen Zahlen und prüfen Sie Vertrag, Erfahrungen und Portal-Fit.";https://hasimuener.de/aroundhome-solar-einordnung/hasim/;1;0;1083;0
90;2026-06-25;2026-09-22;2026-03-27;2026-06-24;query_page;current_only;https://hasimuener.de/aroundhome-solar-einordnung/;"aroundhome alternative";0;1;0,0000;19,00;0;0;;;0;1;;15206;"Aroundhome Erfahrungen für Handwerker: Kosten und Einordnung des Vergleichsportal-Modells";post;"Aroundhome Kosten für Handwerker: Lohnt sich das?";"Was kostet Aroundhome für Handwerker? Rechnen Sie Kosten pro Auftrag mit eigenen Zahlen und prüfen Sie Vertrag, Erfahrungen und Portal-Fit.";https://hasimuener.de/aroundhome-solar-einordnung/hasim/;1;0;1083;0
90;2026-06-25;2026-09-22;2026-03-27;2026-06-24;query_page;current_only;https://hasimuener.de/aroundhome-solar-einordnung/;"aroundhome bewertung";0;1;0,0000;35,00;0;0;;;0;1;;15206;"Aroundhome Erfahrungen für Handwerker: Kosten und Einordnung des Vergleichsportal-Modells";post;"Aroundhome Kosten für Handwerker: Lohnt sich das?";"Was kostet Aroundhome für Handwerker? Rechnen Sie Kosten pro Auftrag mit eigenen Zahlen und prüfen Sie Vertrag, Erfahrungen und Portal-Fit.";https://hasimuener.de/aroundhome-solar-einordnung/hasim/;1;0;1083;0
90;2026-06-25;2026-09-22;2026-03-27;2026-06-24;query_page;current_only;https://hasimuener.de/aroundhome-solar-einordnung/;"aroundhome erfahrungen";0;1;0,0000;33,00;0;0;;;0;1;;15206;"Aroundhome Erfahrungen für Handwerker: Kosten und Einordnung des Vergleichsportal-Modells";post;"Aroundhome Kosten für Handwerker: Lohnt sich das?";"Was kostet Aroundhome für Handwerker? Rechnen Sie Kosten pro Auftrag mit eigenen Zahlen und prüfen Sie Vertrag, Erfahrungen und Portal-Fit.";https://hasimuener.de/aroundhome-solar-einordnung/hasim/;1;0;1083;0
90;2026-06-25;2026-09-22;2026-03-27;2026-06-24;query_page;current_only;https://hasimuener.de/aroundhome-solar-einordnung/;"aroundhome kosten";0;80;0,0000;7,60;0;0;;;0;80;;15206;"Aroundhome Erfahrungen für Handwerker: Kosten und Einordnung des Vergleichsportal-Modells";post;"Aroundhome Kosten für Handwerker: Lohnt sich das?";"Was kostet Aroundhome für Handwerker? Rechnen Sie Kosten pro Auftrag mit eigenen Zahlen und prüfen Sie Vertrag, Erfahrungen und Portal-Fit.";https://hasimuener.de/aroundhome-solar-einordnung/hasim/;1;0;1083;0
90;2026-06-25;2026-09-22;2026-03-27;2026-06-24;query_page;current_only;https://hasimuener.de/aroundhome-solar-einordnung/;"aroundhome leads kaufen";0;17;0,0000;16,76;0;0;;;0;17;;15206;"Aroundhome Erfahrungen für Handwerker: Kosten und Einordnung des Vergleichsportal-Modells";post;"Aroundhome Kosten für Handwerker: Lohnt sich das?";"Was kostet Aroundhome für Handwerker? Rechnen Sie Kosten pro Auftrag mit eigenen Zahlen und prüfen Sie Vertrag, Erfahrungen und Portal-Fit.";https://hasimuener.de/aroundhome-solar-einordnung/hasim/;1;0;1083;0
90;2026-06-25;2026-09-22;2026-03-27;2026-06-24;query_page;current_only;https://hasimuener.de/aroundhome-solar-einordnung/;"aroundhome leads kosten";0;21;0,0000;14,19;0;0;;;0;21;;15206;"Aroundhome Erfahrungen für Handwerker: Kosten und Einordnung des Vergleichsportal-Modells";post;"Aroundhome Kosten für Handwerker: Lohnt sich das?";"Was kostet Aroundhome für Handwerker? Rechnen Sie Kosten pro Auftrag mit eigenen Zahlen und prüfen Sie Vertrag, Erfahrungen und Portal-Fit.";https://hasimuener.de/aroundhome-solar-einordnung/hasim/;1;0;1083;0
90;2026-06-25;2026-09-22;2026-03-27;2026-06-24;query_page;current_only;https://hasimuener.de/aroundhome-solar-einordnung/;"aroundhome login";0;6;0,0000;10,17;0;0;;;0;6;;15206;"Aroundhome Erfahrungen für Handwerker: Kosten und Einordnung des Vergleichsportal-Modells";post;"Aroundhome Kosten für Handwerker: Lohnt sich das?";"Was kostet Aroundhome für Handwerker? Rechnen Sie Kosten pro Auftrag mit eigenen Zahlen und prüfen Sie Vertrag, Erfahrungen und Portal-Fit.";https://hasimuener.de/aroundhome-solar-einordnung/hasim/;1;0;1083;0
90;2026-06-25;2026-09-22;2026-03-27;2026-06-24;query_page;current_only;https://hasimuener.de/aroundhome-solar-einordnung/;"aroundhome pv";0;2;0,0000;12,00;0;0;;;0;2;;15206;"Aroundhome Erfahrungen für Handwerker: Kosten und Einordnung des Vergleichsportal-Modells";post;"Aroundhome Kosten für Handwerker: Lohnt sich das?";"Was kostet Aroundhome für Handwerker? Rechnen Sie Kosten pro Auftrag mit eigenen Zahlen und prüfen Sie Vertrag, Erfahrungen und Portal-Fit.";https://hasimuener.de/aroundhome-solar-einordnung/hasim/;1;0;1083;0
90;2026-06-25;2026-09-22;2026-03-27;2026-06-24;query_page;current_only;https://hasimuener.de/aroundhome-solar-einordnung/;"aroundhome solar";0;8;0,0000;13,25;0;0;;;0;8;;15206;"Aroundhome Erfahrungen für Handwerker: Kosten und Einordnung des Vergleichsportal-Modells";post;"Aroundhome Kosten für Handwerker: Lohnt sich das?";"Was kostet Aroundhome für Handwerker? Rechnen Sie Kosten pro Auftrag mit eigenen Zahlen und prüfen Sie Vertrag, Erfahrungen und Portal-Fit.";https://hasimuener.de/aroundhome-solar-einordnung/hasim/;1;0;1083;0
90;2026-06-25;2026-09-22;2026-03-27;2026-06-24;query_page;current_only;https://hasimuener.de/aroundhome-solar-einordnung/;"aroundhome solar erfahrungen";0;15;0,0000;8,73;0;0;;;0;15;;15206;"Aroundhome Erfahrungen für Handwerker: Kosten und Einordnung des Vergleichsportal-Modells";post;"Aroundhome Kosten für Handwerker: Lohnt sich das?";"Was kostet Aroundhome für Handwerker? Rechnen Sie Kosten pro Auftrag mit eigenen Zahlen und prüfen Sie Vertrag, Erfahrungen und Portal-Fit.";https://hasimuener.de/aroundhome-solar-einordnung/hasim/;1;0;1083;0
90;2026-06-25;2026-09-22;2026-03-27;2026-06-24;query_page;current_only;https://hasimuener.de/aroundhome-solar-einordnung/;"aroundhome solaranlage";0;25;0,0000;14,00;0;0;;;0;25;;15206;"Aroundhome Erfahrungen für Handwerker: Kosten und Einordnung des Vergleichsportal-Modells";post;"Aroundhome Kosten für Handwerker: Lohnt sich das?";"Was kostet Aroundhome für Handwerker? Rechnen Sie Kosten pro Auftrag mit eigenen Zahlen und prüfen Sie Vertrag, Erfahrungen und Portal-Fit.";https://hasimuener.de/aroundhome-solar-einordnung/hasim/;1;0;1083;0
90;2026-06-25;2026-09-22;2026-03-27;2026-06-24;query_page;current_only;https://hasimuener.de/aroundhome-solar-einordnung/;"aroundhome wp";0;6;0,0000;7,67;0;0;;;0;6;;15206;"Aroundhome Erfahrungen für Handwerker: Kosten und Einordnung des Vergleichsportal-Modells";post;"Aroundhome Kosten für Handwerker: Lohnt sich das?";"Was kostet Aroundhome für Handwerker? Rechnen Sie Kosten pro Auftrag mit eigenen Zahlen und prüfen Sie Vertrag, Erfahrungen und Portal-Fit.";https://hasimuener.de/aroundhome-solar-einordnung/hasim/;1;0;1083;0
90;2026-06-25;2026-09-22;2026-03-27;2026-06-24;query_page;current_only;https://hasimuener.de/aroundhome-solar-einordnung/;"gibt es plattformen wie aroundhome für heimwerker?";0;1;0,0000;10,00;0;0;;;0;1;;15206;"Aroundhome Erfahrungen für Handwerker: Kosten und Einordnung des Vergleichsportal-Modells";post;"Aroundhome Kosten für Handwerker: Lohnt sich das?";"Was kostet Aroundhome für Handwerker? Rechnen Sie Kosten pro Auftrag mit eigenen Zahlen und prüfen Sie Vertrag, Erfahrungen und Portal-Fit.";https://hasimuener.de/aroundhome-solar-einordnung/hasim/;1;0;1083;0
90;2026-06-25;2026-09-22;2026-03-27;2026-06-24;query_page;current_only;https://hasimuener.de/aroundhome-solar-einordnung/;"welche alternativen gibt es zu myhammer?";0;1;0,0000;19,00;0;0;;;0;1;;15206;"Aroundhome Erfahrungen für Handwerker: Kosten und Einordnung des Vergleichsportal-Modells";post;"Aroundhome Kosten für Handwerker: Lohnt sich das?";"Was kostet Aroundhome für Handwerker? Rechnen Sie Kosten pro Auftrag mit eigenen Zahlen und prüfen Sie Vertrag, Erfahrungen und Portal-Fit.";https://hasimuener.de/aroundhome-solar-einordnung/hasim/;1;0;1083;0
90;2026-06-25;2026-09-22;2026-03-27;2026-06-24;query_page;current_only;https://hasimuener.de/aroundhome-solar-einordnung/;"welche vorteile bietet aroundhome für handwerksbetriebe oder dienstleister?";0;8;0,0000;6,00;0;0;;;0;8;;15206;"Aroundhome Erfahrungen für Handwerker: Kosten und Einordnung des Vergleichsportal-Modells";post;"Aroundhome Kosten für Handwerker: Lohnt sich das?";"Was kostet Aroundhome für Handwerker? Rechnen Sie Kosten pro Auftrag mit eigenen Zahlen und prüfen Sie Vertrag, Erfahrungen und Portal-Fit.";https://hasimuener.de/aroundhome-solar-einordnung/hasim/;1;0;1083;0
90;2026-06-25;2026-09-22;2026-03-27;2026-06-24;query_page;current_only;https://hasimuener.de/aroundhome-solar-einordnung/;"wie funktioniert aroundhome?";0;1;0,0000;12,00;0;0;;;0;1;;15206;"Aroundhome Erfahrungen für Handwerker: Kosten und Einordnung des Vergleichsportal-Modells";post;"Aroundhome Kosten für Handwerker: Lohnt sich das?";"Was kostet Aroundhome für Handwerker? Rechnen Sie Kosten pro Auftrag mit eigenen Zahlen und prüfen Sie Vertrag, Erfahrungen und Portal-Fit.";https://hasimuener.de/aroundhome-solar-einordnung/hasim/;1;0;1083;0
90;2026-06-25;2026-09-22;2026-03-27;2026-06-24;query_page;current_only;https://hasimuener.de/aroundhome-solar-einordnung/;"wie funktioniert der service von aroundhome zur vermittlung von handwerksbetrieben?";0;1;0,0000;11,00;0;0;;;0;1;;15206;"Aroundhome Erfahrungen für Handwerker: Kosten und Einordnung des Vergleichsportal-Modells";post;"Aroundhome Kosten für Handwerker: Lohnt sich das?";"Was kostet Aroundhome für Handwerker? Rechnen Sie Kosten pro Auftrag mit eigenen Zahlen und prüfen Sie Vertrag, Erfahrungen und Portal-Fit.";https://hasimuener.de/aroundhome-solar-einordnung/hasim/;1;0;1083;0
90;2026-06-25;2026-09-22;2026-03-27;2026-06-24;query_page;current_only;https://hasimuener.de/b2b-solar-leads/;"b2b leads energie";0;7;0,0000;40,86;0;0;;;0;7;;15199;"B2B Solar Leads – gewerbliche Photovoltaik-Anfrage-Systeme";page;"PV-Termine B2B: qualifizierte Gewerbe-PV-Anfragen";"PV-Termine B2B für Gewerbe-PV: Projektwert, Technik und Buying-Center vorqualifizieren. Eigener Anfrageweg statt Termine ohne Projektsubstanz.";https://hasimuener.de/b2b-solar-leads/;1;0;1423;0
90;2026-06-25;2026-09-22;2026-03-27;2026-06-24;query_page;both;https://hasimuener.de/b2b-solar-leads/;"b2b photovoltaik handel";0;11;0,0000;42,45;0;3;0,0000;44,00;0;8;-1,55;15199;"B2B Solar Leads – gewerbliche Photovoltaik-Anfrage-Systeme";page;"PV-Termine B2B: qualifizierte Gewerbe-PV-Anfragen";"PV-Termine B2B für Gewerbe-PV: Projektwert, Technik und Buying-Center vorqualifizieren. Eigener Anfrageweg statt Termine ohne Projektsubstanz.";https://hasimuener.de/b2b-solar-leads/;1;0;1423;0
90;2026-06-25;2026-09-22;2026-03-27;2026-06-24;query_page;both;https://hasimuener.de/b2b-solar-leads/;"b2b-handel photovoltaik";0;9;0,0000;38,00;0;1;0,0000;47,00;0;8;-9,00;15199;"B2B Solar Leads – gewerbliche Photovoltaik-Anfrage-Systeme";page;"PV-Termine B2B: qualifizierte Gewerbe-PV-Anfragen";"PV-Termine B2B für Gewerbe-PV: Projektwert, Technik und Buying-Center vorqualifizieren. Eigener Anfrageweg statt Termine ohne Projektsubstanz.";https://hasimuener.de/b2b-solar-leads/;1;0;1423;0
90;2026-06-25;2026-09-22;2026-03-27;2026-06-24;query_page;both;https://hasimuener.de/b2b-solar-leads/;"b2b-handel pv";0;8;0,0000;41,88;0;4;0,0000;23,25;0;4;18,63;15199;"B2B Solar Leads – gewerbliche Photovoltaik-Anfrage-Systeme";page;"PV-Termine B2B: qualifizierte Gewerbe-PV-Anfragen";"PV-Termine B2B für Gewerbe-PV: Projektwert, Technik und Buying-Center vorqualifizieren. Eigener Anfrageweg statt Termine ohne Projektsubstanz.";https://hasimuener.de/b2b-solar-leads/;1;0;1423;0
90;2026-06-25;2026-09-22;2026-03-27;2026-06-24;query_page;both;https://hasimuener.de/b2b-solar-leads/;"b2b-handel solar";0;4;0,0000;52,25;0;1;0,0000;67,00;0;3;-14,75;15199;"B2B Solar Leads – gewerbliche Photovoltaik-Anfrage-Systeme";page;"PV-Termine B2B: qualifizierte Gewerbe-PV-Anfragen";"PV-Termine B2B für Gewerbe-PV: Projektwert, Technik und Buying-Center vorqualifizieren. Eigener Anfrageweg statt Termine ohne Projektsubstanz.";https://hasimuener.de/b2b-solar-leads/;1;0;1423;0
90;2026-06-25;2026-09-22;2026-03-27;2026-06-24;query_page;current_only;https://hasimuener.de/b2b-solar-leads/;"buy solar leads";0;1;0,0000;67,00;0;0;;;0;1;;15199;"B2B Solar Leads – gewerbliche Photovoltaik-Anfrage-Systeme";page;"PV-Termine B2B: qualifizierte Gewerbe-PV-Anfragen";"PV-Termine B2B für Gewerbe-PV: Projektwert, Technik und Buying-Center vorqualifizieren. Eigener Anfrageweg statt Termine ohne Projektsubstanz.";https://hasimuener.de/b2b-solar-leads/;1;0;1423;0
90;2026-06-25;2026-09-22;2026-03-27;2026-06-24;query_page;both;https://hasimuener.de/b2b-solar-leads/;"energie leads b2b";0;27;0,0000;26,30;0;4;0,0000;16,50;0;23;9,80;15199;"B2B Solar Leads – gewerbliche Photovoltaik-Anfrage-Systeme";page;"PV-Termine B2B: qualifizierte Gewerbe-PV-Anfragen";"PV-Termine B2B für Gewerbe-PV: Projektwert, Technik und Buying-Center vorqualifizieren. Eigener Anfrageweg statt Termine ohne Projektsubstanz.";https://hasimuener.de/b2b-solar-leads/;1;0;1423;0
90;2026-06-25;2026-09-22;2026-03-27;2026-06-24;query_page;current_only;https://hasimuener.de/b2b-solar-leads/;"energieberater leads";0;8;0,0000;51,88;0;0;;;0;8;;15199;"B2B Solar Leads – gewerbliche Photovoltaik-Anfrage-Systeme";page;"PV-Termine B2B: qualifizierte Gewerbe-PV-Anfragen";"PV-Termine B2B für Gewerbe-PV: Projektwert, Technik und Buying-Center vorqualifizieren. Eigener Anfrageweg statt Termine ohne Projektsubstanz.";https://hasimuener.de/b2b-solar-leads/;1;0;1423;0
90;2026-06-25;2026-09-22;2026-03-27;2026-06-24;query_page;current_only;https://hasimuener.de/b2b-solar-leads/;"energieberatung leads";0;2;0,0000;42,50;0;0;;;0;2;;15199;"B2B Solar Leads – gewerbliche Photovoltaik-Anfrage-Systeme";page;"PV-Termine B2B: qualifizierte Gewerbe-PV-Anfragen";"PV-Termine B2B für Gewerbe-PV: Projektwert, Technik und Buying-Center vorqualifizieren. Eigener Anfrageweg statt Termine ohne Projektsubstanz.";https://hasimuener.de/b2b-solar-leads/;1;0;1423;0
90;2026-06-25;2026-09-22;2026-03-27;2026-06-24;query_page;both;https://hasimuener.de/b2b-solar-leads/;"energieprojekte b2b deutschland";0;2;0,0000;56,50;0;1;0,0000;96,00;0;1;-39,50;15199;"B2B Solar Leads – gewerbliche Photovoltaik-Anfrage-Systeme";page;"PV-Termine B2B: qualifizierte Gewerbe-PV-Anfragen";"PV-Termine B2B für Gewerbe-PV: Projektwert, Technik und Buying-Center vorqualifizieren. Eigener Anfrageweg statt Termine ohne Projektsubstanz.";https://hasimuener.de/b2b-solar-leads/;1;0;1423;0
90;2026-06-25;2026-09-22;2026-03-27;2026-06-24;query_page;current_only;https://hasimuener.de/b2b-solar-leads/;"leadgenerator solar";0;2;0,0000;71,50;0;0;;;0;2;;15199;"B2B Solar Leads – gewerbliche Photovoltaik-Anfrage-Systeme";page;"PV-Termine B2B: qualifizierte Gewerbe-PV-Anfragen";"PV-Termine B2B für Gewerbe-PV: Projektwert, Technik und Buying-Center vorqualifizieren. Eigener Anfrageweg statt Termine ohne Projektsubstanz.";https://hasimuener.de/b2b-solar-leads/;1;0;1423;0
90;2026-06-25;2026-09-22;2026-03-27;2026-06-24;query_page;both;https://hasimuener.de/b2b-solar-leads/;"leadgenerierung photovoltaik";0;97;0,0000;49,00;0;26;0,0000;73,62;0;71;-24,62;15199;"B2B Solar Leads – gewerbliche Photovoltaik-Anfrage-Systeme";page;"PV-Termine B2B: qualifizierte Gewerbe-PV-Anfragen";"PV-Termine B2B für Gewerbe-PV: Projektwert, Technik und Buying-Center vorqualifizieren. Eigener Anfrageweg statt Termine ohne Projektsubstanz.";https://hasimuener.de/b2b-solar-leads/;1;0;1423;0
90;2026-06-25;2026-09-22;2026-03-27;2026-06-24;query_page;both;https://hasimuener.de/b2b-solar-leads/;"leadgenerierung solar";0;1;0,0000;31,00;0;5;0,0000;47,80;0;-4;-16,80;15199;"B2B Solar Leads – gewerbliche Photovoltaik-Anfrage-Systeme";page;"PV-Termine B2B: qualifizierte Gewerbe-PV-Anfragen";"PV-Termine B2B für Gewerbe-PV: Projektwert, Technik und Buying-Center vorqualifizieren. Eigener Anfrageweg statt Termine ohne Projektsubstanz.";https://hasimuener.de/b2b-solar-leads/;1;0;1423;0
90;2026-06-25;2026-09-22;2026-03-27;2026-06-24;query_page;current_only;https://hasimuener.de/b2b-solar-leads/;"leads kaufen photovoltaik";0;34;0,0000;75,79;0;0;;;0;34;;15199;"B2B Solar Leads – gewerbliche Photovoltaik-Anfrage-Systeme";page;"PV-Termine B2B: qualifizierte Gewerbe-PV-Anfragen";"PV-Termine B2B für Gewerbe-PV: Projektwert, Technik und Buying-Center vorqualifizieren. Eigener Anfrageweg statt Termine ohne Projektsubstanz.";https://hasimuener.de/b2b-solar-leads/;1;0;1423;0
90;2026-06-25;2026-09-22;2026-03-27;2026-06-24;query_page;current_only;https://hasimuener.de/b2b-solar-leads/;"leads photovoltaik";0;5;0,0000;53,80;0;0;;;0;5;;15199;"B2B Solar Leads – gewerbliche Photovoltaik-Anfrage-Systeme";page;"PV-Termine B2B: qualifizierte Gewerbe-PV-Anfragen";"PV-Termine B2B für Gewerbe-PV: Projektwert, Technik und Buying-Center vorqualifizieren. Eigener Anfrageweg statt Termine ohne Projektsubstanz.";https://hasimuener.de/b2b-solar-leads/;1;0;1423;0
90;2026-06-25;2026-09-22;2026-03-27;2026-06-24;query_page;current_only;https://hasimuener.de/b2b-solar-leads/;"leads solar";0;10;0,0000;52,60;0;0;;;0;10;;15199;"B2B Solar Leads – gewerbliche Photovoltaik-Anfrage-Systeme";page;"PV-Termine B2B: qualifizierte Gewerbe-PV-Anfragen";"PV-Termine B2B für Gewerbe-PV: Projektwert, Technik und Buying-Center vorqualifizieren. Eigener Anfrageweg statt Termine ohne Projektsubstanz.";https://hasimuener.de/b2b-solar-leads/;1;0;1423;0
90;2026-06-25;2026-09-22;2026-03-27;2026-06-24;query_page;current_only;https://hasimuener.de/b2b-solar-leads/;"photovoltaik anfragen";0;1;0,0000;21,00;0;0;;;0;1;;15199;"B2B Solar Leads – gewerbliche Photovoltaik-Anfrage-Systeme";page;"PV-Termine B2B: qualifizierte Gewerbe-PV-Anfragen";"PV-Termine B2B für Gewerbe-PV: Projektwert, Technik und Buying-Center vorqualifizieren. Eigener Anfrageweg statt Termine ohne Projektsubstanz.";https://hasimuener.de/b2b-solar-leads/;1;0;1423;0
90;2026-06-25;2026-09-22;2026-03-27;2026-06-24;query_page;both;https://hasimuener.de/b2b-solar-leads/;"photovoltaik b2b";0;15;0,0000;35,40;0;10;0,0000;44,40;0;5;-9,00;15199;"B2B Solar Leads – gewerbliche Photovoltaik-Anfrage-Systeme";page;"PV-Termine B2B: qualifizierte Gewerbe-PV-Anfragen";"PV-Termine B2B für Gewerbe-PV: Projektwert, Technik und Buying-Center vorqualifizieren. Eigener Anfrageweg statt Termine ohne Projektsubstanz.";https://hasimuener.de/b2b-solar-leads/;1;0;1423;0
90;2026-06-25;2026-09-22;2026-03-27;2026-06-24;query_page;both;https://hasimuener.de/b2b-solar-leads/;"photovoltaik b2b lösung";0;190;0,0000;54,48;0;86;0,0000;50,26;0;104;4,22;15199;"B2B Solar Leads – gewerbliche Photovoltaik-Anfrage-Systeme";page;"PV-Termine B2B: qualifizierte Gewerbe-PV-Anfragen";"PV-Termine B2B für Gewerbe-PV: Projektwert, Technik und Buying-Center vorqualifizieren. Eigener Anfrageweg statt Termine ohne Projektsubstanz.";https://hasimuener.de/b2b-solar-leads/;1;0;1423;0
90;2026-06-25;2026-09-22;2026-03-27;2026-06-24;query_page;current_only;https://hasimuener.de/b2b-solar-leads/;"photovoltaik leads";0;106;0,0000;55,50;0;0;;;0;106;;15199;"B2B Solar Leads – gewerbliche Photovoltaik-Anfrage-Systeme";page;"PV-Termine B2B: qualifizierte Gewerbe-PV-Anfragen";"PV-Termine B2B für Gewerbe-PV: Projektwert, Technik und Buying-Center vorqualifizieren. Eigener Anfrageweg statt Termine ohne Projektsubstanz.";https://hasimuener.de/b2b-solar-leads/;1;0;1423;0
90;2026-06-25;2026-09-22;2026-03-27;2026-06-24;query_page;both;https://hasimuener.de/b2b-solar-leads/;"photovoltaik leads gewerbe";0;17;0,0000;21,00;0;3;0,0000;18,67;0;14;2,33;15199;"B2B Solar Leads – gewerbliche Photovoltaik-Anfrage-Systeme";page;"PV-Termine B2B: qualifizierte Gewerbe-PV-Anfragen";"PV-Termine B2B für Gewerbe-PV: Projektwert, Technik und Buying-Center vorqualifizieren. Eigener Anfrageweg statt Termine ohne Projektsubstanz.";https://hasimuener.de/b2b-solar-leads/;1;0;1423;0
90;2026-06-25;2026-09-22;2026-03-27;2026-06-24;query_page;current_only;https://hasimuener.de/b2b-solar-leads/;"photovoltaik leads kaufen";0;26;0,0000;58,81;0;0;;;0;26;;15199;"B2B Solar Leads – gewerbliche Photovoltaik-Anfrage-Systeme";page;"PV-Termine B2B: qualifizierte Gewerbe-PV-Anfragen";"PV-Termine B2B für Gewerbe-PV: Projektwert, Technik und Buying-Center vorqualifizieren. Eigener Anfrageweg statt Termine ohne Projektsubstanz.";https://hasimuener.de/b2b-solar-leads/;1;0;1423;0
90;2026-06-25;2026-09-22;2026-03-27;2026-06-24;query_page;current_only;https://hasimuener.de/b2b-solar-leads/;"photovoltaik marketing";0;3;0,0000;73,33;0;0;;;0;3;;15199;"B2B Solar Leads – gewerbliche Photovoltaik-Anfrage-Systeme";page;"PV-Termine B2B: qualifizierte Gewerbe-PV-Anfragen";"PV-Termine B2B für Gewerbe-PV: Projektwert, Technik und Buying-Center vorqualifizieren. Eigener Anfrageweg statt Termine ohne Projektsubstanz.";https://hasimuener.de/b2b-solar-leads/;1;0;1423;0
90;2026-06-25;2026-09-22;2026-03-27;2026-06-24;query_page;current_only;https://hasimuener.de/b2b-solar-leads/;"photovoltaik termine gewerbe";0;3;0,0000;51,67;0;0;;;0;3;;15199;"B2B Solar Leads – gewerbliche Photovoltaik-Anfrage-Systeme";page;"PV-Termine B2B: qualifizierte Gewerbe-PV-Anfragen";"PV-Termine B2B für Gewerbe-PV: Projektwert, Technik und Buying-Center vorqualifizieren. Eigener Anfrageweg statt Termine ohne Projektsubstanz.";https://hasimuener.de/b2b-solar-leads/;1;0;1423;0
90;2026-06-25;2026-09-22;2026-03-27;2026-06-24;query_page;current_only;https://hasimuener.de/b2b-solar-leads/;photovoltaik-leads;0;3;0,0000;56,00;0;0;;;0;3;;15199;"B2B Solar Leads – gewerbliche Photovoltaik-Anfrage-Systeme";page;"PV-Termine B2B: qualifizierte Gewerbe-PV-Anfragen";"PV-Termine B2B für Gewerbe-PV: Projektwert, Technik und Buying-Center vorqualifizieren. Eigener Anfrageweg statt Termine ohne Projektsubstanz.";https://hasimuener.de/b2b-solar-leads/;1;0;1423;0
90;2026-06-25;2026-09-22;2026-03-27;2026-06-24;query_page;current_only;https://hasimuener.de/b2b-solar-leads/;"pv aufträge";0;1;0,0000;57,00;0;0;;;0;1;;15199;"B2B Solar Leads – gewerbliche Photovoltaik-Anfrage-Systeme";page;"PV-Termine B2B: qualifizierte Gewerbe-PV-Anfragen";"PV-Termine B2B für Gewerbe-PV: Projektwert, Technik und Buying-Center vorqualifizieren. Eigener Anfrageweg statt Termine ohne Projektsubstanz.";https://hasimuener.de/b2b-solar-leads/;1;0;1423;0
90;2026-06-25;2026-09-22;2026-03-27;2026-06-24;query_page;current_only;https://hasimuener.de/b2b-solar-leads/;"pv business deutschland";0;9;0,0000;86,33;0;0;;;0;9;;15199;"B2B Solar Leads – gewerbliche Photovoltaik-Anfrage-Systeme";page;"PV-Termine B2B: qualifizierte Gewerbe-PV-Anfragen";"PV-Termine B2B für Gewerbe-PV: Projektwert, Technik und Buying-Center vorqualifizieren. Eigener Anfrageweg statt Termine ohne Projektsubstanz.";https://hasimuener.de/b2b-solar-leads/;1;0;1423;0
90;2026-06-25;2026-09-22;2026-03-27;2026-06-24;query_page;current_only;https://hasimuener.de/b2b-solar-leads/;"pv droben";0;2;0,0000;44,00;0;0;;;0;2;;15199;"B2B Solar Leads – gewerbliche Photovoltaik-Anfrage-Systeme";page;"PV-Termine B2B: qualifizierte Gewerbe-PV-Anfragen";"PV-Termine B2B für Gewerbe-PV: Projektwert, Technik und Buying-Center vorqualifizieren. Eigener Anfrageweg statt Termine ohne Projektsubstanz.";https://hasimuener.de/b2b-solar-leads/;1;0;1423;0
90;2026-06-25;2026-09-22;2026-03-27;2026-06-24;query_page;both;https://hasimuener.de/b2b-solar-leads/;"pv epc unternehmensverkauf";0;3;0,0000;98,67;0;1;0,0000;98,00;0;2;0,67;15199;"B2B Solar Leads – gewerbliche Photovoltaik-Anfrage-Systeme";page;"PV-Termine B2B: qualifizierte Gewerbe-PV-Anfragen";"PV-Termine B2B für Gewerbe-PV: Projektwert, Technik und Buying-Center vorqualifizieren. Eigener Anfrageweg statt Termine ohne Projektsubstanz.";https://hasimuener.de/b2b-solar-leads/;1;0;1423;0
90;2026-06-25;2026-09-22;2026-03-27;2026-06-24;query_page;current_only;https://hasimuener.de/b2b-solar-leads/;"pv lead";0;3;0,0000;48,33;0;0;;;0;3;;15199;"B2B Solar Leads – gewerbliche Photovoltaik-Anfrage-Systeme";page;"PV-Termine B2B: qualifizierte Gewerbe-PV-Anfragen";"PV-Termine B2B für Gewerbe-PV: Projektwert, Technik und Buying-Center vorqualifizieren. Eigener Anfrageweg statt Termine ohne Projektsubstanz.";https://hasimuener.de/b2b-solar-leads/;1;0;1423;0
90;2026-06-25;2026-09-22;2026-03-27;2026-06-24;query_page;current_only;https://hasimuener.de/b2b-solar-leads/;"pv leads";0;32;0,0000;51,69;0;0;;;0;32;;15199;"B2B Solar Leads – gewerbliche Photovoltaik-Anfrage-Systeme";page;"PV-Termine B2B: qualifizierte Gewerbe-PV-Anfragen";"PV-Termine B2B für Gewerbe-PV: Projektwert, Technik und Buying-Center vorqualifizieren. Eigener Anfrageweg statt Termine ohne Projektsubstanz.";https://hasimuener.de/b2b-solar-leads/;1;0;1423;0
90;2026-06-25;2026-09-22;2026-03-27;2026-06-24;query_page;both;https://hasimuener.de/b2b-solar-leads/;"pv leads generieren";0;1;0,0000;68,00;0;1;0,0000;65,00;0;0;3,00;15199;"B2B Solar Leads – gewerbliche Photovoltaik-Anfrage-Systeme";page;"PV-Termine B2B: qualifizierte Gewerbe-PV-Anfragen";"PV-Termine B2B für Gewerbe-PV: Projektwert, Technik und Buying-Center vorqualifizieren. Eigener Anfrageweg statt Termine ohne Projektsubstanz.";https://hasimuener.de/b2b-solar-leads/;1;0;1423;0
90;2026-06-25;2026-09-22;2026-03-27;2026-06-24;query_page;both;https://hasimuener.de/b2b-solar-leads/;"pv leads gewerbe";0;90;0,0000;17,53;0;4;0,0000;19,50;0;86;-1,97;15199;"B2B Solar Leads – gewerbliche Photovoltaik-Anfrage-Systeme";page;"PV-Termine B2B: qualifizierte Gewerbe-PV-Anfragen";"PV-Termine B2B für Gewerbe-PV: Projektwert, Technik und Buying-Center vorqualifizieren. Eigener Anfrageweg statt Termine ohne Projektsubstanz.";https://hasimuener.de/b2b-solar-leads/;1;0;1423;0
90;2026-06-25;2026-09-22;2026-03-27;2026-06-24;query_page;current_only;https://hasimuener.de/b2b-solar-leads/;"pv leads kaufen";0;14;0,0000;66,43;0;0;;;0;14;;15199;"B2B Solar Leads – gewerbliche Photovoltaik-Anfrage-Systeme";page;"PV-Termine B2B: qualifizierte Gewerbe-PV-Anfragen";"PV-Termine B2B für Gewerbe-PV: Projektwert, Technik und Buying-Center vorqualifizieren. Eigener Anfrageweg statt Termine ohne Projektsubstanz.";https://hasimuener.de/b2b-solar-leads/;1;0;1423;0
90;2026-06-25;2026-09-22;2026-03-27;2026-06-24;query_page;current_only;https://hasimuener.de/b2b-solar-leads/;"pv projektanfragen";0;3;0,0000;75,00;0;0;;;0;3;;15199;"B2B Solar Leads – gewerbliche Photovoltaik-Anfrage-Systeme";page;"PV-Termine B2B: qualifizierte Gewerbe-PV-Anfragen";"PV-Termine B2B für Gewerbe-PV: Projektwert, Technik und Buying-Center vorqualifizieren. Eigener Anfrageweg statt Termine ohne Projektsubstanz.";https://hasimuener.de/b2b-solar-leads/;1;0;1423;0
90;2026-06-25;2026-09-22;2026-03-27;2026-06-24;query_page;both;https://hasimuener.de/b2b-solar-leads/;"pv termine b2b";0;175;0,0000;5,78;0;71;0,0000;9,41;0;104;-3,63;15199;"B2B Solar Leads – gewerbliche Photovoltaik-Anfrage-Systeme";page;"PV-Termine B2B: qualifizierte Gewerbe-PV-Anfragen";"PV-Termine B2B für Gewerbe-PV: Projektwert, Technik und Buying-Center vorqualifizieren. Eigener Anfrageweg statt Termine ohne Projektsubstanz.";https://hasimuener.de/b2b-solar-leads/;1;0;1423;0
90;2026-06-25;2026-09-22;2026-03-27;2026-06-24;query_page;current_only;https://hasimuener.de/b2b-solar-leads/;pv-leads;0;3;0,0000;50,67;0;0;;;0;3;;15199;"B2B Solar Leads – gewerbliche Photovoltaik-Anfrage-Systeme";page;"PV-Termine B2B: qualifizierte Gewerbe-PV-Anfragen";"PV-Termine B2B für Gewerbe-PV: Projektwert, Technik und Buying-Center vorqualifizieren. Eigener Anfrageweg statt Termine ohne Projektsubstanz.";https://hasimuener.de/b2b-solar-leads/;1;0;1423;0
90;2026-06-25;2026-09-22;2026-03-27;2026-06-24;query_page;current_only;https://hasimuener.de/b2b-solar-leads/;"pvb vertrieb";0;2;0,0000;64,50;0;0;;;0;2;;15199;"B2B Solar Leads – gewerbliche Photovoltaik-Anfrage-Systeme";page;"PV-Termine B2B: qualifizierte Gewerbe-PV-Anfragen";"PV-Termine B2B für Gewerbe-PV: Projektwert, Technik und Buying-Center vorqualifizieren. Eigener Anfrageweg statt Termine ohne Projektsubstanz.";https://hasimuener.de/b2b-solar-leads/;1;0;1423;0
90;2026-06-25;2026-09-22;2026-03-27;2026-06-24;query_page;current_only;https://hasimuener.de/b2b-solar-leads/;"qualifizierte energie leads";0;2;0,0000;44,00;0;0;;;0;2;;15199;"B2B Solar Leads – gewerbliche Photovoltaik-Anfrage-Systeme";page;"PV-Termine B2B: qualifizierte Gewerbe-PV-Anfragen";"PV-Termine B2B für Gewerbe-PV: Projektwert, Technik und Buying-Center vorqualifizieren. Eigener Anfrageweg statt Termine ohne Projektsubstanz.";https://hasimuener.de/b2b-solar-leads/;1;0;1423;0
90;2026-06-25;2026-09-22;2026-03-27;2026-06-24;query_page;current_only;https://hasimuener.de/b2b-solar-leads/;"qualifizierte pv leads";0;4;0,0000;57,25;0;0;;;0;4;;15199;"B2B Solar Leads – gewerbliche Photovoltaik-Anfrage-Systeme";page;"PV-Termine B2B: qualifizierte Gewerbe-PV-Anfragen";"PV-Termine B2B für Gewerbe-PV: Projektwert, Technik und Buying-Center vorqualifizieren. Eigener Anfrageweg statt Termine ohne Projektsubstanz.";https://hasimuener.de/b2b-solar-leads/;1;0;1423;0
90;2026-06-25;2026-09-22;2026-03-27;2026-06-24;query_page;current_only;https://hasimuener.de/b2b-solar-leads/;"solar b2b";0;23;0,0000;54,13;0;0;;;0;23;;15199;"B2B Solar Leads – gewerbliche Photovoltaik-Anfrage-Systeme";page;"PV-Termine B2B: qualifizierte Gewerbe-PV-Anfragen";"PV-Termine B2B für Gewerbe-PV: Projektwert, Technik und Buying-Center vorqualifizieren. Eigener Anfrageweg statt Termine ohne Projektsubstanz.";https://hasimuener.de/b2b-solar-leads/;1;0;1423;0
90;2026-06-25;2026-09-22;2026-03-27;2026-06-24;query_page;both;https://hasimuener.de/b2b-solar-leads/;"solar lead generation";0;6;0,0000;57,67;0;2;0,0000;58,00;0;4;-0,33;15199;"B2B Solar Leads – gewerbliche Photovoltaik-Anfrage-Systeme";page;"PV-Termine B2B: qualifizierte Gewerbe-PV-Anfragen";"PV-Termine B2B für Gewerbe-PV: Projektwert, Technik und Buying-Center vorqualifizieren. Eigener Anfrageweg statt Termine ohne Projektsubstanz.";https://hasimuener.de/b2b-solar-leads/;1;0;1423;0
90;2026-06-25;2026-09-22;2026-03-27;2026-06-24;query_page;current_only;https://hasimuener.de/b2b-solar-leads/;"solar lead generator";0;2;0,0000;80,00;0;0;;;0;2;;15199;"B2B Solar Leads – gewerbliche Photovoltaik-Anfrage-Systeme";page;"PV-Termine B2B: qualifizierte Gewerbe-PV-Anfragen";"PV-Termine B2B für Gewerbe-PV: Projektwert, Technik und Buying-Center vorqualifizieren. Eigener Anfrageweg statt Termine ohne Projektsubstanz.";https://hasimuener.de/b2b-solar-leads/;1;0;1423;0
90;2026-06-25;2026-09-22;2026-03-27;2026-06-24;query_page;current_only;https://hasimuener.de/b2b-solar-leads/;"solar leads";0;28;0,0000;47,46;0;0;;;0;28;;15199;"B2B Solar Leads – gewerbliche Photovoltaik-Anfrage-Systeme";page;"PV-Termine B2B: qualifizierte Gewerbe-PV-Anfragen";"PV-Termine B2B für Gewerbe-PV: Projektwert, Technik und Buying-Center vorqualifizieren. Eigener Anfrageweg statt Termine ohne Projektsubstanz.";https://hasimuener.de/b2b-solar-leads/;1;0;1423;0
90;2026-06-25;2026-09-22;2026-03-27;2026-06-24;query_page;current_only;https://hasimuener.de/b2b-solar-leads/;"solar leads kaufen";0;40;0,0000;67,55;0;0;;;0;40;;15199;"B2B Solar Leads – gewerbliche Photovoltaik-Anfrage-Systeme";page;"PV-Termine B2B: qualifizierte Gewerbe-PV-Anfragen";"PV-Termine B2B für Gewerbe-PV: Projektwert, Technik und Buying-Center vorqualifizieren. Eigener Anfrageweg statt Termine ohne Projektsubstanz.";https://hasimuener.de/b2b-solar-leads/;1;0;1423;0
90;2026-06-25;2026-09-22;2026-03-27;2026-06-24;query_page;current_only;https://hasimuener.de/b2b-solar-leads/;"solar pv leads";0;8;0,0000;77,75;0;0;;;0;8;;15199;"B2B Solar Leads – gewerbliche Photovoltaik-Anfrage-Systeme";page;"PV-Termine B2B: qualifizierte Gewerbe-PV-Anfragen";"PV-Termine B2B für Gewerbe-PV: Projektwert, Technik und Buying-Center vorqualifizieren. Eigener Anfrageweg statt Termine ohne Projektsubstanz.";https://hasimuener.de/b2b-solar-leads/;1;0;1423;0
90;2026-06-25;2026-09-22;2026-03-27;2026-06-24;query_page;current_only;https://hasimuener.de/b2b-solar-leads/;solarleads;0;2;0,0000;37,50;0;0;;;0;2;;15199;"B2B Solar Leads – gewerbliche Photovoltaik-Anfrage-Systeme";page;"PV-Termine B2B: qualifizierte Gewerbe-PV-Anfragen";"PV-Termine B2B für Gewerbe-PV: Projektwert, Technik und Buying-Center vorqualifizieren. Eigener Anfrageweg statt Termine ohne Projektsubstanz.";https://hasimuener.de/b2b-solar-leads/;1;0;1423;0
90;2026-06-25;2026-09-22;2026-03-27;2026-06-24;query_page;both;https://hasimuener.de/b2b-solar-leads/;"solarstrom b2b";0;9;0,0000;61,11;0;5;0,0000;61,80;0;4;-0,69;15199;"B2B Solar Leads – gewerbliche Photovoltaik-Anfrage-Systeme";page;"PV-Termine B2B: qualifizierte Gewerbe-PV-Anfragen";"PV-Termine B2B für Gewerbe-PV: Projektwert, Technik und Buying-Center vorqualifizieren. Eigener Anfrageweg statt Termine ohne Projektsubstanz.";https://hasimuener.de/b2b-solar-leads/;1;0;1423;0
90;2026-06-25;2026-09-22;2026-03-27;2026-06-24;query_page;current_only;https://hasimuener.de/b2b-solar-leads/;"strom leads gewerbe";0;1;0,0000;54,00;0;0;;;0;1;;15199;"B2B Solar Leads – gewerbliche Photovoltaik-Anfrage-Systeme";page;"PV-Termine B2B: qualifizierte Gewerbe-PV-Anfragen";"PV-Termine B2B für Gewerbe-PV: Projektwert, Technik und Buying-Center vorqualifizieren. Eigener Anfrageweg statt Termine ohne Projektsubstanz.";https://hasimuener.de/b2b-solar-leads/;1;0;1423;0
90;2026-06-25;2026-09-22;2026-03-27;2026-06-24;query_page;current_only;https://hasimuener.de/b2b-solar-leads/;"vertrieb von photovoltaikmodulen";0;1;0,0000;90,00;0;0;;;0;1;;15199;"B2B Solar Leads – gewerbliche Photovoltaik-Anfrage-Systeme";page;"PV-Termine B2B: qualifizierte Gewerbe-PV-Anfragen";"PV-Termine B2B für Gewerbe-PV: Projektwert, Technik und Buying-Center vorqualifizieren. Eigener Anfrageweg statt Termine ohne Projektsubstanz.";https://hasimuener.de/b2b-solar-leads/;1;0;1423;0
90;2026-06-25;2026-09-22;2026-03-27;2026-06-24;query_page;current_only;https://hasimuener.de/checkfox-solar-waermepumpe-einordnung/;"check fox";0;8;0,0000;10,63;0;0;;;0;8;;15276;"Checkfox für Solar- und Wärmepumpen-Betriebe: Seriosität, Mechanik und Markteinordnung";post;"Checkfox seriös? Erfahrungen & Kosten für Solar-Betriebe";"Ist Checkfox seriös? Unabhängige Einordnung für Solar- & Wärmepumpen-Betriebe: Portal-Mechanik, Kosten-Logik und die Alternative zu gekauften Leads.";https://hasimuener.de/checkfox-solar-waermepumpe-einordnung/hasim/;1;0;703;0
90;2026-06-25;2026-09-22;2026-03-27;2026-06-24;query_page;current_only;https://hasimuener.de/checkfox-solar-waermepumpe-einordnung/;"check fox seriös";0;81;0,0000;6,17;0;0;;;0;81;;15276;"Checkfox für Solar- und Wärmepumpen-Betriebe: Seriosität, Mechanik und Markteinordnung";post;"Checkfox seriös? Erfahrungen & Kosten für Solar-Betriebe";"Ist Checkfox seriös? Unabhängige Einordnung für Solar- & Wärmepumpen-Betriebe: Portal-Mechanik, Kosten-Logik und die Alternative zu gekauften Leads.";https://hasimuener.de/checkfox-solar-waermepumpe-einordnung/hasim/;1;0;703;0
90;2026-06-25;2026-09-22;2026-03-27;2026-06-24;query_page;current_only;https://hasimuener.de/checkfox-solar-waermepumpe-einordnung/;checkfox;0;17;0,0000;15,35;0;0;;;0;17;;15276;"Checkfox für Solar- und Wärmepumpen-Betriebe: Seriosität, Mechanik und Markteinordnung";post;"Checkfox seriös? Erfahrungen & Kosten für Solar-Betriebe";"Ist Checkfox seriös? Unabhängige Einordnung für Solar- & Wärmepumpen-Betriebe: Portal-Mechanik, Kosten-Logik und die Alternative zu gekauften Leads.";https://hasimuener.de/checkfox-solar-waermepumpe-einordnung/hasim/;1;0;703;0
90;2026-06-25;2026-09-22;2026-03-27;2026-06-24;query_page;current_only;https://hasimuener.de/checkfox-solar-waermepumpe-einordnung/;"checkfox bewertung";0;69;0,0000;10,62;0;0;;;0;69;;15276;"Checkfox für Solar- und Wärmepumpen-Betriebe: Seriosität, Mechanik und Markteinordnung";post;"Checkfox seriös? Erfahrungen & Kosten für Solar-Betriebe";"Ist Checkfox seriös? Unabhängige Einordnung für Solar- & Wärmepumpen-Betriebe: Portal-Mechanik, Kosten-Logik und die Alternative zu gekauften Leads.";https://hasimuener.de/checkfox-solar-waermepumpe-einordnung/hasim/;1;0;703;0
90;2026-06-25;2026-09-22;2026-03-27;2026-06-24;query_page;current_only;https://hasimuener.de/checkfox-solar-waermepumpe-einordnung/;"checkfox erfahrung";0;91;0,0000;8,01;0;0;;;0;91;;15276;"Checkfox für Solar- und Wärmepumpen-Betriebe: Seriosität, Mechanik und Markteinordnung";post;"Checkfox seriös? Erfahrungen & Kosten für Solar-Betriebe";"Ist Checkfox seriös? Unabhängige Einordnung für Solar- & Wärmepumpen-Betriebe: Portal-Mechanik, Kosten-Logik und die Alternative zu gekauften Leads.";https://hasimuener.de/checkfox-solar-waermepumpe-einordnung/hasim/;1;0;703;0
90;2026-06-25;2026-09-22;2026-03-27;2026-06-24;query_page;current_only;https://hasimuener.de/checkfox-solar-waermepumpe-einordnung/;"checkfox hörgeräte erfahrungen";0;1;0,0000;1,00;0;0;;;0;1;;15276;"Checkfox für Solar- und Wärmepumpen-Betriebe: Seriosität, Mechanik und Markteinordnung";post;"Checkfox seriös? Erfahrungen & Kosten für Solar-Betriebe";"Ist Checkfox seriös? Unabhängige Einordnung für Solar- & Wärmepumpen-Betriebe: Portal-Mechanik, Kosten-Logik und die Alternative zu gekauften Leads.";https://hasimuener.de/checkfox-solar-waermepumpe-einordnung/hasim/;1;0;703;0
90;2026-06-25;2026-09-22;2026-03-27;2026-06-24;query_page;current_only;https://hasimuener.de/checkfox-solar-waermepumpe-einordnung/;"checkfox jobs";0;1;0,0000;50,00;0;0;;;0;1;;15276;"Checkfox für Solar- und Wärmepumpen-Betriebe: Seriosität, Mechanik und Markteinordnung";post;"Checkfox seriös? Erfahrungen & Kosten für Solar-Betriebe";"Ist Checkfox seriös? Unabhängige Einordnung für Solar- & Wärmepumpen-Betriebe: Portal-Mechanik, Kosten-Logik und die Alternative zu gekauften Leads.";https://hasimuener.de/checkfox-solar-waermepumpe-einordnung/hasim/;1;0;703;0
90;2026-06-25;2026-09-22;2026-03-27;2026-06-24;query_page;current_only;https://hasimuener.de/checkfox-solar-waermepumpe-einordnung/;"checkfox photovoltaik";0;11;0,0000;11,45;0;0;;;0;11;;15276;"Checkfox für Solar- und Wärmepumpen-Betriebe: Seriosität, Mechanik und Markteinordnung";post;"Checkfox seriös? Erfahrungen & Kosten für Solar-Betriebe";"Ist Checkfox seriös? Unabhängige Einordnung für Solar- & Wärmepumpen-Betriebe: Portal-Mechanik, Kosten-Logik und die Alternative zu gekauften Leads.";https://hasimuener.de/checkfox-solar-waermepumpe-einordnung/hasim/;1;0;703;0
90;2026-06-25;2026-09-22;2026-03-27;2026-06-24;query_page;current_only;https://hasimuener.de/checkfox-solar-waermepumpe-einordnung/;"checkfox photovoltaik seriös";0;60;0,0000;6,52;0;0;;;0;60;;15276;"Checkfox für Solar- und Wärmepumpen-Betriebe: Seriosität, Mechanik und Markteinordnung";post;"Checkfox seriös? Erfahrungen & Kosten für Solar-Betriebe";"Ist Checkfox seriös? Unabhängige Einordnung für Solar- & Wärmepumpen-Betriebe: Portal-Mechanik, Kosten-Logik und die Alternative zu gekauften Leads.";https://hasimuener.de/checkfox-solar-waermepumpe-einordnung/hasim/;1;0;703;0
90;2026-06-25;2026-09-22;2026-03-27;2026-06-24;query_page;current_only;https://hasimuener.de/checkfox-solar-waermepumpe-einordnung/;"checkfox pro";0;6;0,0000;13,17;0;0;;;0;6;;15276;"Checkfox für Solar- und Wärmepumpen-Betriebe: Seriosität, Mechanik und Markteinordnung";post;"Checkfox seriös? Erfahrungen & Kosten für Solar-Betriebe";"Ist Checkfox seriös? Unabhängige Einordnung für Solar- & Wärmepumpen-Betriebe: Portal-Mechanik, Kosten-Logik und die Alternative zu gekauften Leads.";https://hasimuener.de/checkfox-solar-waermepumpe-einordnung/hasim/;1;0;703;0
90;2026-06-25;2026-09-22;2026-03-27;2026-06-24;query_page;current_only;https://hasimuener.de/checkfox-solar-waermepumpe-einordnung/;"checkfox pro leads";0;17;0,0000;9,71;0;0;;;0;17;;15276;"Checkfox für Solar- und Wärmepumpen-Betriebe: Seriosität, Mechanik und Markteinordnung";post;"Checkfox seriös? Erfahrungen & Kosten für Solar-Betriebe";"Ist Checkfox seriös? Unabhängige Einordnung für Solar- & Wärmepumpen-Betriebe: Portal-Mechanik, Kosten-Logik und die Alternative zu gekauften Leads.";https://hasimuener.de/checkfox-solar-waermepumpe-einordnung/hasim/;1;0;703;0
90;2026-06-25;2026-09-22;2026-03-27;2026-06-24;query_page;current_only;https://hasimuener.de/checkfox-solar-waermepumpe-einordnung/;"checkfox seriös";0;931;0,0000;8,24;0;0;;;0;931;;15276;"Checkfox für Solar- und Wärmepumpen-Betriebe: Seriosität, Mechanik und Markteinordnung";post;"Checkfox seriös? Erfahrungen & Kosten für Solar-Betriebe";"Ist Checkfox seriös? Unabhängige Einordnung für Solar- & Wärmepumpen-Betriebe: Portal-Mechanik, Kosten-Logik und die Alternative zu gekauften Leads.";https://hasimuener.de/checkfox-solar-waermepumpe-einordnung/hasim/;1;0;703;0
90;2026-06-25;2026-09-22;2026-03-27;2026-06-24;query_page;current_only;https://hasimuener.de/checkfox-solar-waermepumpe-einordnung/;"checkfox seriös erfahrungen";0;24;0,0000;7,58;0;0;;;0;24;;15276;"Checkfox für Solar- und Wärmepumpen-Betriebe: Seriosität, Mechanik und Markteinordnung";post;"Checkfox seriös? Erfahrungen & Kosten für Solar-Betriebe";"Ist Checkfox seriös? Unabhängige Einordnung für Solar- & Wärmepumpen-Betriebe: Portal-Mechanik, Kosten-Logik und die Alternative zu gekauften Leads.";https://hasimuener.de/checkfox-solar-waermepumpe-einordnung/hasim/;1;0;703;0
90;2026-06-25;2026-09-22;2026-03-27;2026-06-24;query_page;current_only;https://hasimuener.de/checkfox-solar-waermepumpe-einordnung/;"checkfox service gmbh";0;3;0,0000;25,33;0;0;;;0;3;;15276;"Checkfox für Solar- und Wärmepumpen-Betriebe: Seriosität, Mechanik und Markteinordnung";post;"Checkfox seriös? Erfahrungen & Kosten für Solar-Betriebe";"Ist Checkfox seriös? Unabhängige Einordnung für Solar- & Wärmepumpen-Betriebe: Portal-Mechanik, Kosten-Logik und die Alternative zu gekauften Leads.";https://hasimuener.de/checkfox-solar-waermepumpe-einordnung/hasim/;1;0;703;0
90;2026-06-25;2026-09-22;2026-03-27;2026-06-24;query_page;current_only;https://hasimuener.de/checkfox-solar-waermepumpe-einordnung/;"checkfox service gmbh erfahrungen";0;4;0,0000;9,25;0;0;;;0;4;;15276;"Checkfox für Solar- und Wärmepumpen-Betriebe: Seriosität, Mechanik und Markteinordnung";post;"Checkfox seriös? Erfahrungen & Kosten für Solar-Betriebe";"Ist Checkfox seriös? Unabhängige Einordnung für Solar- & Wärmepumpen-Betriebe: Portal-Mechanik, Kosten-Logik und die Alternative zu gekauften Leads.";https://hasimuener.de/checkfox-solar-waermepumpe-einordnung/hasim/;1;0;703;0
90;2026-06-25;2026-09-22;2026-03-27;2026-06-24;query_page;current_only;https://hasimuener.de/checkfox-solar-waermepumpe-einordnung/;"checkfox solar";0;37;0,0000;9,97;0;0;;;0;37;;15276;"Checkfox für Solar- und Wärmepumpen-Betriebe: Seriosität, Mechanik und Markteinordnung";post;"Checkfox seriös? Erfahrungen & Kosten für Solar-Betriebe";"Ist Checkfox seriös? Unabhängige Einordnung für Solar- & Wärmepumpen-Betriebe: Portal-Mechanik, Kosten-Logik und die Alternative zu gekauften Leads.";https://hasimuener.de/checkfox-solar-waermepumpe-einordnung/hasim/;1;0;703;0
90;2026-06-25;2026-09-22;2026-03-27;2026-06-24;query_page;current_only;https://hasimuener.de/checkfox-solar-waermepumpe-einordnung/;"checkfox solar seriös";0;8;0,0000;5,00;0;0;;;0;8;;15276;"Checkfox für Solar- und Wärmepumpen-Betriebe: Seriosität, Mechanik und Markteinordnung";post;"Checkfox seriös? Erfahrungen & Kosten für Solar-Betriebe";"Ist Checkfox seriös? Unabhängige Einordnung für Solar- & Wärmepumpen-Betriebe: Portal-Mechanik, Kosten-Logik und die Alternative zu gekauften Leads.";https://hasimuener.de/checkfox-solar-waermepumpe-einordnung/hasim/;1;0;703;0
90;2026-06-25;2026-09-22;2026-03-27;2026-06-24;query_page;current_only;https://hasimuener.de/checkfox-solar-waermepumpe-einordnung/;"checkfox solarrechner";0;1;0,0000;11,00;0;0;;;0;1;;15276;"Checkfox für Solar- und Wärmepumpen-Betriebe: Seriosität, Mechanik und Markteinordnung";post;"Checkfox seriös? Erfahrungen & Kosten für Solar-Betriebe";"Ist Checkfox seriös? Unabhängige Einordnung für Solar- & Wärmepumpen-Betriebe: Portal-Mechanik, Kosten-Logik und die Alternative zu gekauften Leads.";https://hasimuener.de/checkfox-solar-waermepumpe-einordnung/hasim/;1;0;703;0
90;2026-06-25;2026-09-22;2026-03-27;2026-06-24;query_page;current_only;https://hasimuener.de/checkfox-solar-waermepumpe-einordnung/;"checkfox wärmepumpe";0;13;0,0000;11,31;0;0;;;0;13;;15276;"Checkfox für Solar- und Wärmepumpen-Betriebe: Seriosität, Mechanik und Markteinordnung";post;"Checkfox seriös? Erfahrungen & Kosten für Solar-Betriebe";"Ist Checkfox seriös? Unabhängige Einordnung für Solar- & Wärmepumpen-Betriebe: Portal-Mechanik, Kosten-Logik und die Alternative zu gekauften Leads.";https://hasimuener.de/checkfox-solar-waermepumpe-einordnung/hasim/;1;0;703;0
90;2026-06-25;2026-09-22;2026-03-27;2026-06-24;query_page;current_only;https://hasimuener.de/checkfox-solar-waermepumpe-einordnung/;"checkfox.de seriös";0;1;0,0000;11,00;0;0;;;0;1;;15276;"Checkfox für Solar- und Wärmepumpen-Betriebe: Seriosität, Mechanik und Markteinordnung";post;"Checkfox seriös? Erfahrungen & Kosten für Solar-Betriebe";"Ist Checkfox seriös? Unabhängige Einordnung für Solar- & Wärmepumpen-Betriebe: Portal-Mechanik, Kosten-Logik und die Alternative zu gekauften Leads.";https://hasimuener.de/checkfox-solar-waermepumpe-einordnung/hasim/;1;0;703;0
90;2026-06-25;2026-09-22;2026-03-27;2026-06-24;query_page;current_only;https://hasimuener.de/checkfox-solar-waermepumpe-einordnung/;checkfoxpro;0;13;0,0000;7,69;0;0;;;0;13;;15276;"Checkfox für Solar- und Wärmepumpen-Betriebe: Seriosität, Mechanik und Markteinordnung";post;"Checkfox seriös? Erfahrungen & Kosten für Solar-Betriebe";"Ist Checkfox seriös? Unabhängige Einordnung für Solar- & Wärmepumpen-Betriebe: Portal-Mechanik, Kosten-Logik und die Alternative zu gekauften Leads.";https://hasimuener.de/checkfox-solar-waermepumpe-einordnung/hasim/;1;0;703;0
90;2026-06-25;2026-09-22;2026-03-27;2026-06-24;query_page;current_only;https://hasimuener.de/checkfox-solar-waermepumpe-einordnung/;"erfahrungen checkfox";0;2;0,0000;8,00;0;0;;;0;2;;15276;"Checkfox für Solar- und Wärmepumpen-Betriebe: Seriosität, Mechanik und Markteinordnung";post;"Checkfox seriös? Erfahrungen & Kosten für Solar-Betriebe";"Ist Checkfox seriös? Unabhängige Einordnung für Solar- & Wärmepumpen-Betriebe: Portal-Mechanik, Kosten-Logik und die Alternative zu gekauften Leads.";https://hasimuener.de/checkfox-solar-waermepumpe-einordnung/hasim/;1;0;703;0
90;2026-06-25;2026-09-22;2026-03-27;2026-06-24;query_page;current_only;https://hasimuener.de/checkfox-solar-waermepumpe-einordnung/;"erfahrungen mit checkfox";0;7;0,0000;9,14;0;0;;;0;7;;15276;"Checkfox für Solar- und Wärmepumpen-Betriebe: Seriosität, Mechanik und Markteinordnung";post;"Checkfox seriös? Erfahrungen & Kosten für Solar-Betriebe";"Ist Checkfox seriös? Unabhängige Einordnung für Solar- & Wärmepumpen-Betriebe: Portal-Mechanik, Kosten-Logik und die Alternative zu gekauften Leads.";https://hasimuener.de/checkfox-solar-waermepumpe-einordnung/hasim/;1;0;703;0
90;2026-06-25;2026-09-22;2026-03-27;2026-06-24;query_page;current_only;https://hasimuener.de/checkfox-solar-waermepumpe-einordnung/;erfahrungsberichte;0;2;0,0000;2,50;0;0;;;0;2;;15276;"Checkfox für Solar- und Wärmepumpen-Betriebe: Seriosität, Mechanik und Markteinordnung";post;"Checkfox seriös? Erfahrungen & Kosten für Solar-Betriebe";"Ist Checkfox seriös? Unabhängige Einordnung für Solar- & Wärmepumpen-Betriebe: Portal-Mechanik, Kosten-Logik und die Alternative zu gekauften Leads.";https://hasimuener.de/checkfox-solar-waermepumpe-einordnung/hasim/;1;0;703;0
90;2026-06-25;2026-09-22;2026-03-27;2026-06-24;query_page;current_only;https://hasimuener.de/checkfox-solar-waermepumpe-einordnung/;"ja, erfahrungen";0;1;0,0000;2,00;0;0;;;0;1;;15276;"Checkfox für Solar- und Wärmepumpen-Betriebe: Seriosität, Mechanik und Markteinordnung";post;"Checkfox seriös? Erfahrungen & Kosten für Solar-Betriebe";"Ist Checkfox seriös? Unabhängige Einordnung für Solar- & Wärmepumpen-Betriebe: Portal-Mechanik, Kosten-Logik und die Alternative zu gekauften Leads.";https://hasimuener.de/checkfox-solar-waermepumpe-einordnung/hasim/;1;0;703;0
90;2026-06-25;2026-09-22;2026-03-27;2026-06-24;query_page;current_only;https://hasimuener.de/checkfox-solar-waermepumpe-einordnung/;photovoltaik;0;1;0,0000;7,00;0;0;;;0;1;;15276;"Checkfox für Solar- und Wärmepumpen-Betriebe: Seriosität, Mechanik und Markteinordnung";post;"Checkfox seriös? Erfahrungen & Kosten für Solar-Betriebe";"Ist Checkfox seriös? Unabhängige Einordnung für Solar- & Wärmepumpen-Betriebe: Portal-Mechanik, Kosten-Logik und die Alternative zu gekauften Leads.";https://hasimuener.de/checkfox-solar-waermepumpe-einordnung/hasim/;1;0;703;0
90;2026-06-25;2026-09-22;2026-03-27;2026-06-24;query_page;current_only;https://hasimuener.de/checkfox-solar-waermepumpe-einordnung/;seriös?;0;1;0,0000;5,00;0;0;;;0;1;;15276;"Checkfox für Solar- und Wärmepumpen-Betriebe: Seriosität, Mechanik und Markteinordnung";post;"Checkfox seriös? Erfahrungen & Kosten für Solar-Betriebe";"Ist Checkfox seriös? Unabhängige Einordnung für Solar- & Wärmepumpen-Betriebe: Portal-Mechanik, Kosten-Logik und die Alternative zu gekauften Leads.";https://hasimuener.de/checkfox-solar-waermepumpe-einordnung/hasim/;1;0;703;0
90;2026-06-25;2026-09-22;2026-03-27;2026-06-24;query_page;current_only;https://hasimuener.de/checkfox-solar-waermepumpe-einordnung/;solar;0;2;0,0000;4,00;0;0;;;0;2;;15276;"Checkfox für Solar- und Wärmepumpen-Betriebe: Seriosität, Mechanik und Markteinordnung";post;"Checkfox seriös? Erfahrungen & Kosten für Solar-Betriebe";"Ist Checkfox seriös? Unabhängige Einordnung für Solar- & Wärmepumpen-Betriebe: Portal-Mechanik, Kosten-Logik und die Alternative zu gekauften Leads.";https://hasimuener.de/checkfox-solar-waermepumpe-einordnung/hasim/;1;0;703;0
90;2026-06-25;2026-09-22;2026-03-27;2026-06-24;query_page;current_only;https://hasimuener.de/checkfox-solar-waermepumpe-einordnung/;"was ist checkfox";0;32;0,0000;9,88;0;0;;;0;32;;15276;"Checkfox für Solar- und Wärmepumpen-Betriebe: Seriosität, Mechanik und Markteinordnung";post;"Checkfox seriös? Erfahrungen & Kosten für Solar-Betriebe";"Ist Checkfox seriös? Unabhängige Einordnung für Solar- & Wärmepumpen-Betriebe: Portal-Mechanik, Kosten-Logik und die Alternative zu gekauften Leads.";https://hasimuener.de/checkfox-solar-waermepumpe-einordnung/hasim/;1;0;703;0
90;2026-06-25;2026-09-22;2026-03-27;2026-06-24;query_page;current_only;https://hasimuener.de/checkfox-solar-waermepumpe-einordnung/;"wer ist checkfox";0;9;0,0000;9,67;0;0;;;0;9;;15276;"Checkfox für Solar- und Wärmepumpen-Betriebe: Seriosität, Mechanik und Markteinordnung";post;"Checkfox seriös? Erfahrungen & Kosten für Solar-Betriebe";"Ist Checkfox seriös? Unabhängige Einordnung für Solar- & Wärmepumpen-Betriebe: Portal-Mechanik, Kosten-Logik und die Alternative zu gekauften Leads.";https://hasimuener.de/checkfox-solar-waermepumpe-einordnung/hasim/;1;0;703;0
90;2026-06-25;2026-09-22;2026-03-27;2026-06-24;query_page;current_only;https://hasimuener.de/checkfox-solar-waermepumpe-einordnung/;wärmepumpe;0;1;0,0000;15,00;0;0;;;0;1;;15276;"Checkfox für Solar- und Wärmepumpen-Betriebe: Seriosität, Mechanik und Markteinordnung";post;"Checkfox seriös? Erfahrungen & Kosten für Solar-Betriebe";"Ist Checkfox seriös? Unabhängige Einordnung für Solar- & Wärmepumpen-Betriebe: Portal-Mechanik, Kosten-Logik und die Alternative zu gekauften Leads.";https://hasimuener.de/checkfox-solar-waermepumpe-einordnung/hasim/;1;0;703;0
90;2026-06-25;2026-09-22;2026-03-27;2026-06-24;query_page;current_only;https://hasimuener.de/checkfox-solar-waermepumpe-einordnung/hasim/;"check fox seriös";0;3;0,0000;6,33;0;0;;;0;3;;15276;"Checkfox für Solar- und Wärmepumpen-Betriebe: Seriosität, Mechanik und Markteinordnung";post;"Checkfox seriös? Erfahrungen & Kosten für Solar-Betriebe";"Ist Checkfox seriös? Unabhängige Einordnung für Solar- & Wärmepumpen-Betriebe: Portal-Mechanik, Kosten-Logik und die Alternative zu gekauften Leads.";https://hasimuener.de/checkfox-solar-waermepumpe-einordnung/hasim/;1;0;703;0
90;2026-06-25;2026-09-22;2026-03-27;2026-06-24;query_page;current_only;https://hasimuener.de/checkfox-solar-waermepumpe-einordnung/hasim/;"checkfox bewertung";0;1;0,0000;10,00;0;0;;;0;1;;15276;"Checkfox für Solar- und Wärmepumpen-Betriebe: Seriosität, Mechanik und Markteinordnung";post;"Checkfox seriös? Erfahrungen & Kosten für Solar-Betriebe";"Ist Checkfox seriös? Unabhängige Einordnung für Solar- & Wärmepumpen-Betriebe: Portal-Mechanik, Kosten-Logik und die Alternative zu gekauften Leads.";https://hasimuener.de/checkfox-solar-waermepumpe-einordnung/hasim/;1;0;703;0
90;2026-06-25;2026-09-22;2026-03-27;2026-06-24;query_page;current_only;https://hasimuener.de/checkfox-solar-waermepumpe-einordnung/hasim/;"checkfox erfahrung";0;4;0,0000;8,00;0;0;;;0;4;;15276;"Checkfox für Solar- und Wärmepumpen-Betriebe: Seriosität, Mechanik und Markteinordnung";post;"Checkfox seriös? Erfahrungen & Kosten für Solar-Betriebe";"Ist Checkfox seriös? Unabhängige Einordnung für Solar- & Wärmepumpen-Betriebe: Portal-Mechanik, Kosten-Logik und die Alternative zu gekauften Leads.";https://hasimuener.de/checkfox-solar-waermepumpe-einordnung/hasim/;1;0;703;0
90;2026-06-25;2026-09-22;2026-03-27;2026-06-24;query_page;current_only;https://hasimuener.de/checkfox-solar-waermepumpe-einordnung/hasim/;"checkfox erfahrungen";0;24;0,0000;7,92;0;0;;;0;24;;15276;"Checkfox für Solar- und Wärmepumpen-Betriebe: Seriosität, Mechanik und Markteinordnung";post;"Checkfox seriös? Erfahrungen & Kosten für Solar-Betriebe";"Ist Checkfox seriös? Unabhängige Einordnung für Solar- & Wärmepumpen-Betriebe: Portal-Mechanik, Kosten-Logik und die Alternative zu gekauften Leads.";https://hasimuener.de/checkfox-solar-waermepumpe-einordnung/hasim/;1;0;703;0
90;2026-06-25;2026-09-22;2026-03-27;2026-06-24;query_page;current_only;https://hasimuener.de/checkfox-solar-waermepumpe-einordnung/hasim/;"checkfox photovoltaik seriös";0;3;0,0000;5,33;0;0;;;0;3;;15276;"Checkfox für Solar- und Wärmepumpen-Betriebe: Seriosität, Mechanik und Markteinordnung";post;"Checkfox seriös? Erfahrungen & Kosten für Solar-Betriebe";"Ist Checkfox seriös? Unabhängige Einordnung für Solar- & Wärmepumpen-Betriebe: Portal-Mechanik, Kosten-Logik und die Alternative zu gekauften Leads.";https://hasimuener.de/checkfox-solar-waermepumpe-einordnung/hasim/;1;0;703;0
90;2026-06-25;2026-09-22;2026-03-27;2026-06-24;query_page;current_only;https://hasimuener.de/checkfox-solar-waermepumpe-einordnung/hasim/;"checkfox seriös";0;16;0,0000;7,38;0;0;;;0;16;;15276;"Checkfox für Solar- und Wärmepumpen-Betriebe: Seriosität, Mechanik und Markteinordnung";post;"Checkfox seriös? Erfahrungen & Kosten für Solar-Betriebe";"Ist Checkfox seriös? Unabhängige Einordnung für Solar- & Wärmepumpen-Betriebe: Portal-Mechanik, Kosten-Logik und die Alternative zu gekauften Leads.";https://hasimuener.de/checkfox-solar-waermepumpe-einordnung/hasim/;1;0;703;0
90;2026-06-25;2026-09-22;2026-03-27;2026-06-24;query_page;current_only;https://hasimuener.de/checkfox-solar-waermepumpe-einordnung/hasim/;"checkfox seriös erfahrungen";0;1;0,0000;6,00;0;0;;;0;1;;15276;"Checkfox für Solar- und Wärmepumpen-Betriebe: Seriosität, Mechanik und Markteinordnung";post;"Checkfox seriös? Erfahrungen & Kosten für Solar-Betriebe";"Ist Checkfox seriös? Unabhängige Einordnung für Solar- & Wärmepumpen-Betriebe: Portal-Mechanik, Kosten-Logik und die Alternative zu gekauften Leads.";https://hasimuener.de/checkfox-solar-waermepumpe-einordnung/hasim/;1;0;703;0
90;2026-06-25;2026-09-22;2026-03-27;2026-06-24;query_page;current_only;https://hasimuener.de/checkfox-solar-waermepumpe-einordnung/hasim/;"checkfox solar erfahrungen";0;1;0,0000;6,00;0;0;;;0;1;;15276;"Checkfox für Solar- und Wärmepumpen-Betriebe: Seriosität, Mechanik und Markteinordnung";post;"Checkfox seriös? Erfahrungen & Kosten für Solar-Betriebe";"Ist Checkfox seriös? Unabhängige Einordnung für Solar- & Wärmepumpen-Betriebe: Portal-Mechanik, Kosten-Logik und die Alternative zu gekauften Leads.";https://hasimuener.de/checkfox-solar-waermepumpe-einordnung/hasim/;1;0;703;0
90;2026-06-25;2026-09-22;2026-03-27;2026-06-24;query_page;current_only;https://hasimuener.de/checkfox-solar-waermepumpe-einordnung/hasim/;checkfoxpro;0;1;0,0000;10,00;0;0;;;0;1;;15276;"Checkfox für Solar- und Wärmepumpen-Betriebe: Seriosität, Mechanik und Markteinordnung";post;"Checkfox seriös? Erfahrungen & Kosten für Solar-Betriebe";"Ist Checkfox seriös? Unabhängige Einordnung für Solar- & Wärmepumpen-Betriebe: Portal-Mechanik, Kosten-Logik und die Alternative zu gekauften Leads.";https://hasimuener.de/checkfox-solar-waermepumpe-einordnung/hasim/;1;0;703;0
90;2026-06-25;2026-09-22;2026-03-27;2026-06-24;query_page;current_only;https://hasimuener.de/checkfox-solar-waermepumpe-einordnung/hasim/;"ist checkfox seriös";0;5;0,0000;6,40;0;0;;;0;5;;15276;"Checkfox für Solar- und Wärmepumpen-Betriebe: Seriosität, Mechanik und Markteinordnung";post;"Checkfox seriös? Erfahrungen & Kosten für Solar-Betriebe";"Ist Checkfox seriös? Unabhängige Einordnung für Solar- & Wärmepumpen-Betriebe: Portal-Mechanik, Kosten-Logik und die Alternative zu gekauften Leads.";https://hasimuener.de/checkfox-solar-waermepumpe-einordnung/hasim/;1;0;703;0
90;2026-06-25;2026-09-22;2026-03-27;2026-06-24;query_page;current_only;https://hasimuener.de/checkfox-solar-waermepumpe-einordnung/hasim/;"was ist checkfox";0;1;0,0000;10,00;0;0;;;0;1;;15276;"Checkfox für Solar- und Wärmepumpen-Betriebe: Seriosität, Mechanik und Markteinordnung";post;"Checkfox seriös? Erfahrungen & Kosten für Solar-Betriebe";"Ist Checkfox seriös? Unabhängige Einordnung für Solar- & Wärmepumpen-Betriebe: Portal-Mechanik, Kosten-Logik und die Alternative zu gekauften Leads.";https://hasimuener.de/checkfox-solar-waermepumpe-einordnung/hasim/;1;0;703;0
90;2026-06-25;2026-09-22;2026-03-27;2026-06-24;query_page;current_only;https://hasimuener.de/design-ist-mehr-als-aesthetik/;"ästhetik und funktionalität im design verbinden";0;31;0,0000;16,45;0;0;;;0;31;;13492;"Design ist kein Geschmack. Es ist Architektur.";post;"Design ist mehr als Ästhetik – Bedeutung, Wirkung & Praxis";"Warum Design Erwartungen, Verhalten und Vertrauen prägt – digital wie physisch. Geschichte, Psychologie, Semiotik, Ethik & Business-Impact.";https://hasimuener.de/design-ist-mehr-als-aesthetik/hasim/;1;0;2161;0
90;2026-06-25;2026-09-22;2026-03-27;2026-06-24;query_page;both;https://hasimuener.de/design-ist-mehr-als-aesthetik/;"ästhetisch orientiertes design";0;7;0,0000;21,00;0;1;0,0000;29,00;0;6;-8,00;13492;"Design ist kein Geschmack. Es ist Architektur.";post;"Design ist mehr als Ästhetik – Bedeutung, Wirkung & Praxis";"Warum Design Erwartungen, Verhalten und Vertrauen prägt – digital wie physisch. Geschichte, Psychologie, Semiotik, Ethik & Business-Impact.";https://hasimuener.de/design-ist-mehr-als-aesthetik/hasim/;1;0;2161;0
90;2026-06-25;2026-09-22;2026-03-27;2026-06-24;query_page;both;https://hasimuener.de/e3-new-energy/;"e3 new energy";0;3;0,0000;35,67;0;5;0,0000;28,40;0;-2;7,27;0;"Legacy Redirect";legacy_redirect;;;https://hasimuener.de/case-study-solar-leadgenerierung/;0;0;0;0
90;2026-06-25;2026-09-22;2026-03-27;2026-06-24;query_page;both;https://hasimuener.de/e3-new-energy/;"e3 new energy gmbh";0;1;0,0000;40,00;0;3;0,0000;50,67;0;-2;-10,67;0;"Legacy Redirect";legacy_redirect;;;https://hasimuener.de/case-study-solar-leadgenerierung/;0;0;0;0
90;2026-06-25;2026-09-22;2026-03-27;2026-06-24;query_page;both;https://hasimuener.de/e3-new-energy/;"e3 new energy wärmepumpe erfahrungen";0;1;0,0000;18,00;0;1;0,0000;25,00;0;0;-7,00;0;"Legacy Redirect";legacy_redirect;;;https://hasimuener.de/case-study-solar-leadgenerierung/;0;0;0;0
90;2026-06-25;2026-09-22;2026-03-27;2026-06-24;query_page;current_only;https://hasimuener.de/e3-new-energy/;"rezensionen für e3 new energy";0;1;0,0000;20,00;0;0;;;0;1;;0;"Legacy Redirect";legacy_redirect;;;https://hasimuener.de/case-study-solar-leadgenerierung/;0;0;0;0
90;2026-06-25;2026-09-22;2026-03-27;2026-06-24;query_page;current_only;https://hasimuener.de/eigene-leadgenerierung-vs-portale/;"vergleich der führenden agenturen für digitale leadgenerierung im solarhandwerk";0;1;0,0000;9,00;0;0;;;0;1;;15200;"Eigene Leadgenerierung vs. Portal-Leads – Vergleich";page;"Portal-Leads vs. eigenes System: TCO-Vergleich Solar/SHK";"24-Monats-TCO: Portal-Leads (DAA, Aroundhome, Check24) vs. eigenes Anfragesystem. Case Study: über 85 % niedrigerer CPL in 6 Monaten.";https://hasimuener.de/eigene-leadgenerierung-vs-portale/;1;0;934;0
90;2026-06-25;2026-09-22;2026-03-27;2026-06-24;query_page;current_only;https://hasimuener.de/ergebnisse/;"seo weener";0;4;0,0000;95,50;0;0;;;0;4;;14883;Ergebnisse;page;"WordPress-Projekte & Ergebnisse | Haşim Üner";"WordPress-Arbeiten mit konkretem Umsetzungsumfang, eine technische Projektgeschichte, ein eingeordneter Solar-Fall und ein Übergabemuster für Agenturen.";https://hasimuener.de/ergebnisse/;0;1;1023;0
90;2026-06-25;2026-09-22;2026-03-27;2026-06-24;query_page;both;https://hasimuener.de/ga4-tracking-setup/;"ga4 setup agentur";0;3;0,0000;60,00;0;2;0,0000;66,00;0;1;-6,00;13183;"GA4 &amp; Tracking Setup: Die Wahrheit hinter Ihren Daten";page;"GA4 Tracking Setup | WGOS-Cluster von Haşim Üner";"GA4 Tracking Setup als WGOS-Cluster: Tracking Audit, Event-Blueprint, Consent und serverseitige Messung für belastbare Daten.";https://hasimuener.de/ga4-tracking-setup/;1;0;669;0
90;2026-06-25;2026-09-22;2026-03-27;2026-06-24;query_page;current_only;https://hasimuener.de/glossar/canonical-url/;"canonical url";0;1;0,0000;37,00;0;0;;;0;1;;14959;"Canonical URL";glossary_term;"Canonical URL: Definition und typische Fehler | Haşim Üner";"Welche URL soll bei gleichen oder sehr ähnlichen Seiten bevorzugt werden? Verständlich erklärt mit Beispiel und typischen Fehlern.";https://hasimuener.de/glossar/canonical-url/;1;0;186;0
90;2026-06-25;2026-09-22;2026-03-27;2026-06-24;query_page;current_only;https://hasimuener.de/kunden-gewinnen-solarteure/;aroundhome;0;1;0,0000;37,00;0;0;;;0;1;;15202;"Kunden gewinnen für Solarteure – ohne Portal-Leads";page;"Kunden gewinnen für Solarteure – ohne Portal-Leads";"Wie Solarteure & Wärmepumpen-Anbieter systematisch Kunden gewinnen – ohne DAA, Aroundhome oder Check24. Case Study: über 85 % niedrigerer CPL.";https://hasimuener.de/kunden-gewinnen-solarteure/;1;0;828;0
90;2026-06-25;2026-09-22;2026-03-27;2026-06-24;query_page;current_only;https://hasimuener.de/kunden-gewinnen-solarteure/;"einfachsolar portal";0;5;0,0000;74,40;0;0;;;0;5;;15202;"Kunden gewinnen für Solarteure – ohne Portal-Leads";page;"Kunden gewinnen für Solarteure – ohne Portal-Leads";"Wie Solarteure & Wärmepumpen-Anbieter systematisch Kunden gewinnen – ohne DAA, Aroundhome oder Check24. Case Study: über 85 % niedrigerer CPL.";https://hasimuener.de/kunden-gewinnen-solarteure/;1;0;828;0
90;2026-06-25;2026-09-22;2026-03-27;2026-06-24;query_page;both;https://hasimuener.de/kunden-gewinnen-solarteure/;"seo für solarteure";0;13;0,0000;43,08;0;1;0,0000;50,00;0;12;-6,92;15202;"Kunden gewinnen für Solarteure – ohne Portal-Leads";page;"Kunden gewinnen für Solarteure – ohne Portal-Leads";"Wie Solarteure & Wärmepumpen-Anbieter systematisch Kunden gewinnen – ohne DAA, Aroundhome oder Check24. Case Study: über 85 % niedrigerer CPL.";https://hasimuener.de/kunden-gewinnen-solarteure/;1;0;828;0
90;2026-06-25;2026-09-22;2026-03-27;2026-06-24;query_page;current_only;https://hasimuener.de/lead-funnel-solar/;"solar funnels";0;2;0,0000;62,50;0;0;;;0;2;;15201;"Lead-Funnel Solar – Pillar-Page";page;"Lead-Funnel Solar & Wärmepumpe – Aufbau für B2B-Marketing";"Lead-Funnel-Architektur für Photovoltaik- und Wärmepumpen-Anbieter: vom Erstkontakt zur qualifizierten Anfrage. Vorqualifizierung, Lead-Scoring, CRM-Übergabe.";https://hasimuener.de/lead-funnel-solar/;1;0;675;0
90;2026-06-25;2026-09-22;2026-03-27;2026-06-24;query_page;both;https://hasimuener.de/lead-funnel-solar/;"solar lead funnels";0;19;0,0000;74,16;0;5;0,0000;70,40;0;14;3,76;15201;"Lead-Funnel Solar – Pillar-Page";page;"Lead-Funnel Solar & Wärmepumpe – Aufbau für B2B-Marketing";"Lead-Funnel-Architektur für Photovoltaik- und Wärmepumpen-Anbieter: vom Erstkontakt zur qualifizierten Anfrage. Vorqualifizierung, Lead-Scoring, CRM-Übergabe.";https://hasimuener.de/lead-funnel-solar/;1;0;675;0
90;2026-06-25;2026-09-22;2026-03-27;2026-06-24;query_page;current_only;https://hasimuener.de/leadfluss-pv-leads-einordnung/hasim/;leadfluss;0;2;0,0000;13,00;0;0;;;0;2;;15209;"Leadfluss für Solarteure: Markteinordnung des regionalen Videomarketing-Modells";post;"Leadfluss PV-Leads: Markteinordnung";"Leadfluss PV-Leads: regionales Videomarketing, Eigenmarken-Effekt, Ownership-Frage und wirtschaftliche Einordnung.";https://hasimuener.de/leadfluss-pv-leads-einordnung/hasim/;1;0;587;0
90;2026-06-25;2026-09-22;2026-03-27;2026-06-24;query_page;current_only;https://hasimuener.de/qualifizierte-pv-anfragen/;"deine photovoltaik leads";0;2;0,0000;64,00;0;0;;;0;2;;15205;"Qualifizierte PV-Anfragen – Vier Merkmale für hochwertige Leads";page;"Qualifizierte PV-Anfragen: 4 Merkmale guter Solar-Leads";"Vier Merkmale einer qualifizierten Photovoltaik-Anfrage: Intent, Exklusivität, Vorqualifizierung, Echtzeit — mit Praxisbezug aus einer Case Study.";https://hasimuener.de/qualifizierte-pv-anfragen/;1;0;738;0
90;2026-06-25;2026-09-22;2026-03-27;2026-06-24;query_page;current_only;https://hasimuener.de/qualifizierte-pv-anfragen/;"pv projektanfragen";0;2;0,0000;60,00;0;0;;;0;2;;15205;"Qualifizierte PV-Anfragen – Vier Merkmale für hochwertige Leads";page;"Qualifizierte PV-Anfragen: 4 Merkmale guter Solar-Leads";"Vier Merkmale einer qualifizierten Photovoltaik-Anfrage: Intent, Exklusivität, Vorqualifizierung, Echtzeit — mit Praxisbezug aus einer Case Study.";https://hasimuener.de/qualifizierte-pv-anfragen/;1;0;738;0
90;2026-06-25;2026-09-22;2026-03-27;2026-06-24;query_page;current_only;https://hasimuener.de/qualifizierte-pv-anfragen/;"qualifizierte anfragen";0;2;0,0000;50,50;0;0;;;0;2;;15205;"Qualifizierte PV-Anfragen – Vier Merkmale für hochwertige Leads";page;"Qualifizierte PV-Anfragen: 4 Merkmale guter Solar-Leads";"Vier Merkmale einer qualifizierten Photovoltaik-Anfrage: Intent, Exklusivität, Vorqualifizierung, Echtzeit — mit Praxisbezug aus einer Case Study.";https://hasimuener.de/qualifizierte-pv-anfragen/;1;0;738;0
90;2026-06-25;2026-09-22;2026-03-27;2026-06-24;query_page;both;https://hasimuener.de/qualifizierte-pv-anfragen/;"qualifizierte energie leads";0;1;0,0000;59,00;0;1;0,0000;69,00;0;0;-10,00;15205;"Qualifizierte PV-Anfragen – Vier Merkmale für hochwertige Leads";page;"Qualifizierte PV-Anfragen: 4 Merkmale guter Solar-Leads";"Vier Merkmale einer qualifizierten Photovoltaik-Anfrage: Intent, Exklusivität, Vorqualifizierung, Echtzeit — mit Praxisbezug aus einer Case Study.";https://hasimuener.de/qualifizierte-pv-anfragen/;1;0;738;0
90;2026-06-25;2026-09-22;2026-03-27;2026-06-24;query_page;current_only;https://hasimuener.de/qualifizierte-pv-anfragen/;"qualifizierte pv leads";0;3;0,0000;53,33;0;0;;;0;3;;15205;"Qualifizierte PV-Anfragen – Vier Merkmale für hochwertige Leads";page;"Qualifizierte PV-Anfragen: 4 Merkmale guter Solar-Leads";"Vier Merkmale einer qualifizierten Photovoltaik-Anfrage: Intent, Exklusivität, Vorqualifizierung, Echtzeit — mit Praxisbezug aus einer Case Study.";https://hasimuener.de/qualifizierte-pv-anfragen/;1;0;738;0
90;2026-06-25;2026-09-22;2026-03-27;2026-06-24;query_page;both;https://hasimuener.de/server-side-tracking-b2b/;"agentur server side tracking";0;13;0,0000;71,46;0;3;0,0000;57,67;0;10;13,79;15198;"Server-Side Tracking für B2B-Leadgenerierung";page;"Server-Side Tracking einrichten lassen | GA4, Ads & Consent";"Server-Side Tracking für GA4, Google Ads und Meta CAPI: geprüft, eingerichtet, parallel getestet und dokumentiert. Setup ab 1.290 € netto.";https://hasimuener.de/server-side-tracking-b2b/;1;0;2443;0
90;2026-06-25;2026-09-22;2026-03-27;2026-06-24;query_page;both;https://hasimuener.de/server-side-tracking-b2b/;"agentur serverside tracking";0;3;0,0000;57,33;0;4;0,0000;61,50;0;-1;-4,17;15198;"Server-Side Tracking für B2B-Leadgenerierung";page;"Server-Side Tracking einrichten lassen | GA4, Ads & Consent";"Server-Side Tracking für GA4, Google Ads und Meta CAPI: geprüft, eingerichtet, parallel getestet und dokumentiert. Setup ab 1.290 € netto.";https://hasimuener.de/server-side-tracking-b2b/;1;0;2443;0
90;2026-06-25;2026-09-22;2026-03-27;2026-06-24;query_page;both;https://hasimuener.de/server-side-tracking-b2b/;"beratung serverside tracking";0;3;0,0000;93,67;0;4;0,0000;92,00;0;-1;1,67;15198;"Server-Side Tracking für B2B-Leadgenerierung";page;"Server-Side Tracking einrichten lassen | GA4, Ads & Consent";"Server-Side Tracking für GA4, Google Ads und Meta CAPI: geprüft, eingerichtet, parallel getestet und dokumentiert. Setup ab 1.290 € netto.";https://hasimuener.de/server-side-tracking-b2b/;1;0;2443;0
90;2026-06-25;2026-09-22;2026-03-27;2026-06-24;query_page;current_only;https://hasimuener.de/server-side-tracking-b2b/;cookieless;0;1;0,0000;14,00;0;0;;;0;1;;15198;"Server-Side Tracking für B2B-Leadgenerierung";page;"Server-Side Tracking einrichten lassen | GA4, Ads & Consent";"Server-Side Tracking für GA4, Google Ads und Meta CAPI: geprüft, eingerichtet, parallel getestet und dokumentiert. Setup ab 1.290 € netto.";https://hasimuener.de/server-side-tracking-b2b/;1;0;2443;0
90;2026-06-25;2026-09-22;2026-03-27;2026-06-24;query_page;both;https://hasimuener.de/server-side-tracking-b2b/;"dsgvo kann beim serverseitigen tracking";0;4;0,0000;79,25;0;2;0,0000;88,00;0;2;-8,75;15198;"Server-Side Tracking für B2B-Leadgenerierung";page;"Server-Side Tracking einrichten lassen | GA4, Ads & Consent";"Server-Side Tracking für GA4, Google Ads und Meta CAPI: geprüft, eingerichtet, parallel getestet und dokumentiert. Setup ab 1.290 € netto.";https://hasimuener.de/server-side-tracking-b2b/;1;0;2443;0
90;2026-06-25;2026-09-22;2026-03-27;2026-06-24;query_page;both;https://hasimuener.de/server-side-tracking-b2b/;"elevar server side tracking";0;7;0,0000;52,00;0;32;0,0000;49,31;0;-25;2,69;15198;"Server-Side Tracking für B2B-Leadgenerierung";page;"Server-Side Tracking einrichten lassen | GA4, Ads & Consent";"Server-Side Tracking für GA4, Google Ads und Meta CAPI: geprüft, eingerichtet, parallel getestet und dokumentiert. Setup ab 1.290 € netto.";https://hasimuener.de/server-side-tracking-b2b/;1;0;2443;0
90;2026-06-25;2026-09-22;2026-03-27;2026-06-24;query_page;current_only;https://hasimuener.de/server-side-tracking-b2b/;"google analytics server side tracking";0;2;0,0000;76,50;0;0;;;0;2;;15198;"Server-Side Tracking für B2B-Leadgenerierung";page;"Server-Side Tracking einrichten lassen | GA4, Ads & Consent";"Server-Side Tracking für GA4, Google Ads und Meta CAPI: geprüft, eingerichtet, parallel getestet und dokumentiert. Setup ab 1.290 € netto.";https://hasimuener.de/server-side-tracking-b2b/;1;0;2443;0
90;2026-06-25;2026-09-22;2026-03-27;2026-06-24;query_page;current_only;https://hasimuener.de/server-side-tracking-b2b/;"google server side tracking";0;2;0,0000;91,50;0;0;;;0;2;;15198;"Server-Side Tracking für B2B-Leadgenerierung";page;"Server-Side Tracking einrichten lassen | GA4, Ads & Consent";"Server-Side Tracking für GA4, Google Ads und Meta CAPI: geprüft, eingerichtet, parallel getestet und dokumentiert. Setup ab 1.290 € netto.";https://hasimuener.de/server-side-tracking-b2b/;1;0;2443;0
90;2026-06-25;2026-09-22;2026-03-27;2026-06-24;query_page;current_only;https://hasimuener.de/server-side-tracking-b2b/;"meldet sich";0;1;0,0000;10,00;0;0;;;0;1;;15198;"Server-Side Tracking für B2B-Leadgenerierung";page;"Server-Side Tracking einrichten lassen | GA4, Ads & Consent";"Server-Side Tracking für GA4, Google Ads und Meta CAPI: geprüft, eingerichtet, parallel getestet und dokumentiert. Setup ab 1.290 € netto.";https://hasimuener.de/server-side-tracking-b2b/;1;0;2443;0
90;2026-06-25;2026-09-22;2026-03-27;2026-06-24;query_page;current_only;https://hasimuener.de/server-side-tracking-b2b/;"server side conversion tracking";0;5;0,0000;88,40;0;0;;;0;5;;15198;"Server-Side Tracking für B2B-Leadgenerierung";page;"Server-Side Tracking einrichten lassen | GA4, Ads & Consent";"Server-Side Tracking für GA4, Google Ads und Meta CAPI: geprüft, eingerichtet, parallel getestet und dokumentiert. Setup ab 1.290 € netto.";https://hasimuener.de/server-side-tracking-b2b/;1;0;2443;0
90;2026-06-25;2026-09-22;2026-03-27;2026-06-24;query_page;current_only;https://hasimuener.de/server-side-tracking-b2b/;"server side gtm experte";0;1;0,0000;100,00;0;0;;;0;1;;15198;"Server-Side Tracking für B2B-Leadgenerierung";page;"Server-Side Tracking einrichten lassen | GA4, Ads & Consent";"Server-Side Tracking für GA4, Google Ads und Meta CAPI: geprüft, eingerichtet, parallel getestet und dokumentiert. Setup ab 1.290 € netto.";https://hasimuener.de/server-side-tracking-b2b/;1;0;2443;0
90;2026-06-25;2026-09-22;2026-03-27;2026-06-24;query_page;current_only;https://hasimuener.de/server-side-tracking-b2b/;"server side hosting";0;22;0,0000;75,68;0;0;;;0;22;;15198;"Server-Side Tracking für B2B-Leadgenerierung";page;"Server-Side Tracking einrichten lassen | GA4, Ads & Consent";"Server-Side Tracking für GA4, Google Ads und Meta CAPI: geprüft, eingerichtet, parallel getestet und dokumentiert. Setup ab 1.290 € netto.";https://hasimuener.de/server-side-tracking-b2b/;1;0;2443;0
90;2026-06-25;2026-09-22;2026-03-27;2026-06-24;query_page;current_only;https://hasimuener.de/server-side-tracking-b2b/;"server side tracking agency";0;3;0,0000;87,33;0;0;;;0;3;;15198;"Server-Side Tracking für B2B-Leadgenerierung";page;"Server-Side Tracking einrichten lassen | GA4, Ads & Consent";"Server-Side Tracking für GA4, Google Ads und Meta CAPI: geprüft, eingerichtet, parallel getestet und dokumentiert. Setup ab 1.290 € netto.";https://hasimuener.de/server-side-tracking-b2b/;1;0;2443;0
90;2026-06-25;2026-09-22;2026-03-27;2026-06-24;query_page;both;https://hasimuener.de/server-side-tracking-b2b/;"server side tracking agentur";0;241;0,0000;69,14;0;102;0,0000;67,04;0;139;2,10;15198;"Server-Side Tracking für B2B-Leadgenerierung";page;"Server-Side Tracking einrichten lassen | GA4, Ads & Consent";"Server-Side Tracking für GA4, Google Ads und Meta CAPI: geprüft, eingerichtet, parallel getestet und dokumentiert. Setup ab 1.290 € netto.";https://hasimuener.de/server-side-tracking-b2b/;1;0;2443;0
90;2026-06-25;2026-09-22;2026-03-27;2026-06-24;query_page;current_only;https://hasimuener.de/server-side-tracking-b2b/;"server side tracking agentur münchen";0;2;0,0000;74,50;0;0;;;0;2;;15198;"Server-Side Tracking für B2B-Leadgenerierung";page;"Server-Side Tracking einrichten lassen | GA4, Ads & Consent";"Server-Side Tracking für GA4, Google Ads und Meta CAPI: geprüft, eingerichtet, parallel getestet und dokumentiert. Setup ab 1.290 € netto.";https://hasimuener.de/server-side-tracking-b2b/;1;0;2443;0
90;2026-06-25;2026-09-22;2026-03-27;2026-06-24;query_page;both;https://hasimuener.de/server-side-tracking-b2b/;"server side tracking anbieter";0;7;0,0000;71,43;0;13;0,0000;75,38;0;-6;-3,96;15198;"Server-Side Tracking für B2B-Leadgenerierung";page;"Server-Side Tracking einrichten lassen | GA4, Ads & Consent";"Server-Side Tracking für GA4, Google Ads und Meta CAPI: geprüft, eingerichtet, parallel getestet und dokumentiert. Setup ab 1.290 € netto.";https://hasimuener.de/server-side-tracking-b2b/;1;0;2443;0
90;2026-06-25;2026-09-22;2026-03-27;2026-06-24;query_page;current_only;https://hasimuener.de/server-side-tracking-b2b/;"server side tracking beratung";0;1;0,0000;95,00;0;0;;;0;1;;15198;"Server-Side Tracking für B2B-Leadgenerierung";page;"Server-Side Tracking einrichten lassen | GA4, Ads & Consent";"Server-Side Tracking für GA4, Google Ads und Meta CAPI: geprüft, eingerichtet, parallel getestet und dokumentiert. Setup ab 1.290 € netto.";https://hasimuener.de/server-side-tracking-b2b/;1;0;2443;0
90;2026-06-25;2026-09-22;2026-03-27;2026-06-24;query_page;both;https://hasimuener.de/server-side-tracking-b2b/;"server side tracking dsgvo";0;26;0,0000;66,77;0;35;0,0000;60,37;0;-9;6,40;15198;"Server-Side Tracking für B2B-Leadgenerierung";page;"Server-Side Tracking einrichten lassen | GA4, Ads & Consent";"Server-Side Tracking für GA4, Google Ads und Meta CAPI: geprüft, eingerichtet, parallel getestet und dokumentiert. Setup ab 1.290 € netto.";https://hasimuener.de/server-side-tracking-b2b/;1;0;2443;0
90;2026-06-25;2026-09-22;2026-03-27;2026-06-24;query_page;current_only;https://hasimuener.de/server-side-tracking-b2b/;"server side tracking einrichten";0;7;0,0000;78,71;0;0;;;0;7;;15198;"Server-Side Tracking für B2B-Leadgenerierung";page;"Server-Side Tracking einrichten lassen | GA4, Ads & Consent";"Server-Side Tracking für GA4, Google Ads und Meta CAPI: geprüft, eingerichtet, parallel getestet und dokumentiert. Setup ab 1.290 € netto.";https://hasimuener.de/server-side-tracking-b2b/;1;0;2443;0
90;2026-06-25;2026-09-22;2026-03-27;2026-06-24;query_page;current_only;https://hasimuener.de/server-side-tracking-b2b/;"server side tracking einrichtung";0;22;0,0000;88,14;0;0;;;0;22;;15198;"Server-Side Tracking für B2B-Leadgenerierung";page;"Server-Side Tracking einrichten lassen | GA4, Ads & Consent";"Server-Side Tracking für GA4, Google Ads und Meta CAPI: geprüft, eingerichtet, parallel getestet und dokumentiert. Setup ab 1.290 € netto.";https://hasimuener.de/server-side-tracking-b2b/;1;0;2443;0
90;2026-06-25;2026-09-22;2026-03-27;2026-06-24;query_page;current_only;https://hasimuener.de/server-side-tracking-b2b/;"server side tracking formular";0;9;0,0000;89,56;0;0;;;0;9;;15198;"Server-Side Tracking für B2B-Leadgenerierung";page;"Server-Side Tracking einrichten lassen | GA4, Ads & Consent";"Server-Side Tracking für GA4, Google Ads und Meta CAPI: geprüft, eingerichtet, parallel getestet und dokumentiert. Setup ab 1.290 € netto.";https://hasimuener.de/server-side-tracking-b2b/;1;0;2443;0
90;2026-06-25;2026-09-22;2026-03-27;2026-06-24;query_page;current_only;https://hasimuener.de/server-side-tracking-b2b/;"server side tracking ga4";0;7;0,0000;74,14;0;0;;;0;7;;15198;"Server-Side Tracking für B2B-Leadgenerierung";page;"Server-Side Tracking einrichten lassen | GA4, Ads & Consent";"Server-Side Tracking für GA4, Google Ads und Meta CAPI: geprüft, eingerichtet, parallel getestet und dokumentiert. Setup ab 1.290 € netto.";https://hasimuener.de/server-side-tracking-b2b/;1;0;2443;0
90;2026-06-25;2026-09-22;2026-03-27;2026-06-24;query_page;current_only;https://hasimuener.de/server-side-tracking-b2b/;"server side tracking kosten";0;17;0,0000;72,76;0;0;;;0;17;;15198;"Server-Side Tracking für B2B-Leadgenerierung";page;"Server-Side Tracking einrichten lassen | GA4, Ads & Consent";"Server-Side Tracking für GA4, Google Ads und Meta CAPI: geprüft, eingerichtet, parallel getestet und dokumentiert. Setup ab 1.290 € netto.";https://hasimuener.de/server-side-tracking-b2b/;1;0;2443;0
90;2026-06-25;2026-09-22;2026-03-27;2026-06-24;query_page;both;https://hasimuener.de/server-side-tracking-b2b/;"server side tracking regensburg";0;50;0,0000;59,76;0;56;0,0000;67,91;0;-6;-8,15;15198;"Server-Side Tracking für B2B-Leadgenerierung";page;"Server-Side Tracking einrichten lassen | GA4, Ads & Consent";"Server-Side Tracking für GA4, Google Ads und Meta CAPI: geprüft, eingerichtet, parallel getestet und dokumentiert. Setup ab 1.290 € netto.";https://hasimuener.de/server-side-tracking-b2b/;1;0;2443;0
90;2026-06-25;2026-09-22;2026-03-27;2026-06-24;query_page;current_only;https://hasimuener.de/server-side-tracking-b2b/;"server side tracking wordpress";0;14;0,0000;51,64;0;0;;;0;14;;15198;"Server-Side Tracking für B2B-Leadgenerierung";page;"Server-Side Tracking einrichten lassen | GA4, Ads & Consent";"Server-Side Tracking für GA4, Google Ads und Meta CAPI: geprüft, eingerichtet, parallel getestet und dokumentiert. Setup ab 1.290 € netto.";https://hasimuener.de/server-side-tracking-b2b/;1;0;2443;0
90;2026-06-25;2026-09-22;2026-03-27;2026-06-24;query_page;current_only;https://hasimuener.de/server-side-tracking-b2b/;"server to server tracking";0;1;0,0000;98,00;0;0;;;0;1;;15198;"Server-Side Tracking für B2B-Leadgenerierung";page;"Server-Side Tracking einrichten lassen | GA4, Ads & Consent";"Server-Side Tracking für GA4, Google Ads und Meta CAPI: geprüft, eingerichtet, parallel getestet und dokumentiert. Setup ab 1.290 € netto.";https://hasimuener.de/server-side-tracking-b2b/;1;0;2443;0
90;2026-06-25;2026-09-22;2026-03-27;2026-06-24;query_page;current_only;https://hasimuener.de/server-side-tracking-b2b/;"server-side tracking agentur";0;1;0,0000;50,00;0;0;;;0;1;;15198;"Server-Side Tracking für B2B-Leadgenerierung";page;"Server-Side Tracking einrichten lassen | GA4, Ads & Consent";"Server-Side Tracking für GA4, Google Ads und Meta CAPI: geprüft, eingerichtet, parallel getestet und dokumentiert. Setup ab 1.290 € netto.";https://hasimuener.de/server-side-tracking-b2b/;1;0;2443;0
90;2026-06-25;2026-09-22;2026-03-27;2026-06-24;query_page;both;https://hasimuener.de/server-side-tracking-b2b/;"server-side tracking dsgvo";0;30;0,0000;65,50;0;67;0,0000;60,30;0;-37;5,20;15198;"Server-Side Tracking für B2B-Leadgenerierung";page;"Server-Side Tracking einrichten lassen | GA4, Ads & Consent";"Server-Side Tracking für GA4, Google Ads und Meta CAPI: geprüft, eingerichtet, parallel getestet und dokumentiert. Setup ab 1.290 € netto.";https://hasimuener.de/server-side-tracking-b2b/;1;0;2443;0
90;2026-06-25;2026-09-22;2026-03-27;2026-06-24;query_page;current_only;https://hasimuener.de/server-side-tracking-b2b/;"serverseitiges tracking agentur";0;2;0,0000;91,50;0;0;;;0;2;;15198;"Server-Side Tracking für B2B-Leadgenerierung";page;"Server-Side Tracking einrichten lassen | GA4, Ads & Consent";"Server-Side Tracking für GA4, Google Ads und Meta CAPI: geprüft, eingerichtet, parallel getestet und dokumentiert. Setup ab 1.290 € netto.";https://hasimuener.de/server-side-tracking-b2b/;1;0;2443;0
90;2026-06-25;2026-09-22;2026-03-27;2026-06-24;query_page;both;https://hasimuener.de/server-side-tracking-b2b/;"serverseitiges tracking dsgvo";0;8;0,0000;88,88;0;5;0,0000;88,40;0;3;0,47;15198;"Server-Side Tracking für B2B-Leadgenerierung";page;"Server-Side Tracking einrichten lassen | GA4, Ads & Consent";"Server-Side Tracking für GA4, Google Ads und Meta CAPI: geprüft, eingerichtet, parallel getestet und dokumentiert. Setup ab 1.290 € netto.";https://hasimuener.de/server-side-tracking-b2b/;1;0;2443;0
90;2026-06-25;2026-09-22;2026-03-27;2026-06-24;query_page;both;https://hasimuener.de/server-side-tracking-b2b/;"serverseitiges tracking und dsgvo";0;7;0,0000;84,00;0;26;0,0000;84,04;0;-19;-0,04;15198;"Server-Side Tracking für B2B-Leadgenerierung";page;"Server-Side Tracking einrichten lassen | GA4, Ads & Consent";"Server-Side Tracking für GA4, Google Ads und Meta CAPI: geprüft, eingerichtet, parallel getestet und dokumentiert. Setup ab 1.290 € netto.";https://hasimuener.de/server-side-tracking-b2b/;1;0;2443;0
90;2026-06-25;2026-09-22;2026-03-27;2026-06-24;query_page;both;https://hasimuener.de/server-side-tracking-b2b/;"serverside tracking agentur";0;43;0,0000;71,56;0;18;0,0000;72,67;0;25;-1,11;15198;"Server-Side Tracking für B2B-Leadgenerierung";page;"Server-Side Tracking einrichten lassen | GA4, Ads & Consent";"Server-Side Tracking für GA4, Google Ads und Meta CAPI: geprüft, eingerichtet, parallel getestet und dokumentiert. Setup ab 1.290 € netto.";https://hasimuener.de/server-side-tracking-b2b/;1;0;2443;0
90;2026-06-25;2026-09-22;2026-03-27;2026-06-24;query_page;current_only;https://hasimuener.de/server-side-tracking-b2b/;"serverside tracking beratung";0;1;0,0000;96,00;0;0;;;0;1;;15198;"Server-Side Tracking für B2B-Leadgenerierung";page;"Server-Side Tracking einrichten lassen | GA4, Ads & Consent";"Server-Side Tracking für GA4, Google Ads und Meta CAPI: geprüft, eingerichtet, parallel getestet und dokumentiert. Setup ab 1.290 € netto.";https://hasimuener.de/server-side-tracking-b2b/;1;0;2443;0
90;2026-06-25;2026-09-22;2026-03-27;2026-06-24;query_page;both;https://hasimuener.de/server-side-tracking-b2b/;"tracking lösungen b2b";0;8;0,0000;36,25;0;7;0,0000;43,14;0;1;-6,89;15198;"Server-Side Tracking für B2B-Leadgenerierung";page;"Server-Side Tracking einrichten lassen | GA4, Ads & Consent";"Server-Side Tracking für GA4, Google Ads und Meta CAPI: geprüft, eingerichtet, parallel getestet und dokumentiert. Setup ab 1.290 € netto.";https://hasimuener.de/server-side-tracking-b2b/;1;0;2443;0
90;2026-06-25;2026-09-22;2026-03-27;2026-06-24;query_page;both;https://hasimuener.de/server-side-tracking-gtm/;"serverseitiges tagging gtm";0;3;0,0000;87,67;0;4;0,0000;85,75;0;-1;1,92;13426;"Server-Side Tracking mit GTM: Setup, Consent und saubere Messketten";post;"Server-Side Tracking mit GTM | Setup, DSGVO &amp; Vorteile";"Server-Side Tracking gibt Ihnen die volle Kontrolle über Ihre Marketingdaten. Setup, DSGVO-Konformität &amp; messbare Vorteile für B2B-Unternehmen erklärt.";https://hasimuener.de/server-side-tracking-gtm/hasim/;1;0;2227;0
90;2026-06-25;2026-09-22;2026-03-27;2026-06-24;query_page;current_only;https://hasimuener.de/solar-leads-kaufen-alternative/;"check24 wärmepumpe";0;2;0,0000;5,00;0;0;;;0;2;;15197;"Solar Leads kaufen – Alternative: eigenes Anfrage-System";page;"Photovoltaik & Solar Leads kaufen? Alternative ohne Portale";"Photovoltaik-, PV- oder Solar-Leads kaufen — oder eigene Anfragen aufbauen? Portal-Leads gehen an mehrere Betriebe. Case Study: über 85 % niedrigerer CPL.";https://hasimuener.de/solar-leads-kaufen-alternative/;1;0;1149;0
90;2026-06-25;2026-09-22;2026-03-27;2026-06-24;query_page;current_only;https://hasimuener.de/solar-leads-kaufen-alternative/;"checkfox erfahrungen";0;1;0,0000;43,00;0;0;;;0;1;;15197;"Solar Leads kaufen – Alternative: eigenes Anfrage-System";page;"Photovoltaik & Solar Leads kaufen? Alternative ohne Portale";"Photovoltaik-, PV- oder Solar-Leads kaufen — oder eigene Anfragen aufbauen? Portal-Leads gehen an mehrere Betriebe. Case Study: über 85 % niedrigerer CPL.";https://hasimuener.de/solar-leads-kaufen-alternative/;1;0;1149;0
90;2026-06-25;2026-09-22;2026-03-27;2026-06-24;query_page;current_only;https://hasimuener.de/solar-leads-kaufen-alternative/;"leadgenerator solar";0;1;0,0000;59,00;0;0;;;0;1;;15197;"Solar Leads kaufen – Alternative: eigenes Anfrage-System";page;"Photovoltaik & Solar Leads kaufen? Alternative ohne Portale";"Photovoltaik-, PV- oder Solar-Leads kaufen — oder eigene Anfragen aufbauen? Portal-Leads gehen an mehrere Betriebe. Case Study: über 85 % niedrigerer CPL.";https://hasimuener.de/solar-leads-kaufen-alternative/;1;0;1149;0
90;2026-06-25;2026-09-22;2026-03-27;2026-06-24;query_page;current_only;https://hasimuener.de/solar-leads-kaufen-alternative/;"leads kaufen photovoltaik";0;42;0,0000;46,88;0;0;;;0;42;;15197;"Solar Leads kaufen – Alternative: eigenes Anfrage-System";page;"Photovoltaik & Solar Leads kaufen? Alternative ohne Portale";"Photovoltaik-, PV- oder Solar-Leads kaufen — oder eigene Anfragen aufbauen? Portal-Leads gehen an mehrere Betriebe. Case Study: über 85 % niedrigerer CPL.";https://hasimuener.de/solar-leads-kaufen-alternative/;1;0;1149;0
90;2026-06-25;2026-09-22;2026-03-27;2026-06-24;query_page;both;https://hasimuener.de/solar-leads-kaufen-alternative/;"photovoltaik leads kaufen";0;9;0,0000;42,78;0;3;0,0000;45,33;0;6;-2,56;15197;"Solar Leads kaufen – Alternative: eigenes Anfrage-System";page;"Photovoltaik & Solar Leads kaufen? Alternative ohne Portale";"Photovoltaik-, PV- oder Solar-Leads kaufen — oder eigene Anfragen aufbauen? Portal-Leads gehen an mehrere Betriebe. Case Study: über 85 % niedrigerer CPL.";https://hasimuener.de/solar-leads-kaufen-alternative/;1;0;1149;0
90;2026-06-25;2026-09-22;2026-03-27;2026-06-24;query_page;both;https://hasimuener.de/solar-leads-kaufen-alternative/;"pv leads kaufen";0;12;0,0000;46,00;0;4;0,0000;51,75;0;8;-5,75;15197;"Solar Leads kaufen – Alternative: eigenes Anfrage-System";page;"Photovoltaik & Solar Leads kaufen? Alternative ohne Portale";"Photovoltaik-, PV- oder Solar-Leads kaufen — oder eigene Anfragen aufbauen? Portal-Leads gehen an mehrere Betriebe. Case Study: über 85 % niedrigerer CPL.";https://hasimuener.de/solar-leads-kaufen-alternative/;1;0;1149;0
90;2026-06-25;2026-09-22;2026-03-27;2026-06-24;query_page;current_only;https://hasimuener.de/solar-leads-kaufen-alternative/;"pvpro alternative";0;1;0,0000;28,00;0;0;;;0;1;;15197;"Solar Leads kaufen – Alternative: eigenes Anfrage-System";page;"Photovoltaik & Solar Leads kaufen? Alternative ohne Portale";"Photovoltaik-, PV- oder Solar-Leads kaufen — oder eigene Anfragen aufbauen? Portal-Leads gehen an mehrere Betriebe. Case Study: über 85 % niedrigerer CPL.";https://hasimuener.de/solar-leads-kaufen-alternative/;1;0;1149;0
90;2026-06-25;2026-09-22;2026-03-27;2026-06-24;query_page;both;https://hasimuener.de/solar-leads-kaufen-alternative/;"solar leads kaufen";0;33;0,0000;38,79;0;13;0,0000;35,62;0;20;3,17;15197;"Solar Leads kaufen – Alternative: eigenes Anfrage-System";page;"Photovoltaik & Solar Leads kaufen? Alternative ohne Portale";"Photovoltaik-, PV- oder Solar-Leads kaufen — oder eigene Anfragen aufbauen? Portal-Leads gehen an mehrere Betriebe. Case Study: über 85 % niedrigerer CPL.";https://hasimuener.de/solar-leads-kaufen-alternative/;1;0;1149;0
90;2026-06-25;2026-09-22;2026-03-27;2026-06-24;query_page;current_only;https://hasimuener.de/solar-leads-kaufen-alternative/;"solarkaufmann alternative";0;1;0,0000;24,00;0;0;;;0;1;;15197;"Solar Leads kaufen – Alternative: eigenes Anfrage-System";page;"Photovoltaik & Solar Leads kaufen? Alternative ohne Portale";"Photovoltaik-, PV- oder Solar-Leads kaufen — oder eigene Anfragen aufbauen? Portal-Leads gehen an mehrere Betriebe. Case Study: über 85 % niedrigerer CPL.";https://hasimuener.de/solar-leads-kaufen-alternative/;1;0;1149;0
90;2026-06-25;2026-09-22;2026-03-27;2026-06-24;query_page;current_only;https://hasimuener.de/solar-leads-kaufen-alternative/;"wattfox leads kaufen";0;2;0,0000;18,00;0;0;;;0;2;;15197;"Solar Leads kaufen – Alternative: eigenes Anfrage-System";page;"Photovoltaik & Solar Leads kaufen? Alternative ohne Portale";"Photovoltaik-, PV- oder Solar-Leads kaufen — oder eigene Anfragen aufbauen? Portal-Leads gehen an mehrere Betriebe. Case Study: über 85 % niedrigerer CPL.";https://hasimuener.de/solar-leads-kaufen-alternative/;1;0;1149;0
90;2026-06-25;2026-09-22;2026-03-27;2026-06-24;query_page;both;https://hasimuener.de/solar-leads-kaufen-alternative/;"wärmepumpen leads";0;38;0,0000;57,21;0;21;0,0000;43,29;0;17;13,92;15197;"Solar Leads kaufen – Alternative: eigenes Anfrage-System";page;"Photovoltaik & Solar Leads kaufen? Alternative ohne Portale";"Photovoltaik-, PV- oder Solar-Leads kaufen — oder eigene Anfragen aufbauen? Portal-Leads gehen an mehrere Betriebe. Case Study: über 85 % niedrigerer CPL.";https://hasimuener.de/solar-leads-kaufen-alternative/;1;0;1149;0
90;2026-06-25;2026-09-22;2026-03-27;2026-06-24;query_page;both;https://hasimuener.de/solar-leads-kaufen-alternative/;"wärmepumpen leads kaufen";0;1;0,0000;32,00;0;1;0,0000;47,00;0;0;-15,00;15197;"Solar Leads kaufen – Alternative: eigenes Anfrage-System";page;"Photovoltaik & Solar Leads kaufen? Alternative ohne Portale";"Photovoltaik-, PV- oder Solar-Leads kaufen — oder eigene Anfragen aufbauen? Portal-Leads gehen an mehrere Betriebe. Case Study: über 85 % niedrigerer CPL.";https://hasimuener.de/solar-leads-kaufen-alternative/;1;0;1149;0
90;2026-06-25;2026-09-22;2026-03-27;2026-06-24;query_page;current_only;https://hasimuener.de/solar-leads-kaufen-lohnt-sich/;"leadgenerierung photovoltaik";0;4;0,0000;73,25;0;0;;;0;4;;0;"Legacy Redirect";legacy_redirect;;;https://hasimuener.de/solar-leads-kaufen-alternative/;0;0;0;0
90;2026-06-25;2026-09-22;2026-03-27;2026-06-24;query_page;current_only;https://hasimuener.de/solar-leads-kaufen-lohnt-sich/;"leads solar";0;2;0,0000;52,50;0;0;;;0;2;;0;"Legacy Redirect";legacy_redirect;;;https://hasimuener.de/solar-leads-kaufen-alternative/;0;0;0;0
90;2026-06-25;2026-09-22;2026-03-27;2026-06-24;query_page;current_only;https://hasimuener.de/solar-leads-kaufen-lohnt-sich/;"solar leads";0;1;0,0000;45,00;0;0;;;0;1;;0;"Legacy Redirect";legacy_redirect;;;https://hasimuener.de/solar-leads-kaufen-alternative/;0;0;0;0
90;2026-06-25;2026-09-22;2026-03-27;2026-06-24;query_page;current_only;https://hasimuener.de/solar-leads-kaufen-lohnt-sich/;"wärmepumpen leads";0;5;0,0000;81,40;0;0;;;0;5;;0;"Legacy Redirect";legacy_redirect;;;https://hasimuener.de/solar-leads-kaufen-alternative/;0;0;0;0
90;2026-06-25;2026-09-22;2026-03-27;2026-06-24;query_page;current_only;https://hasimuener.de/solar-leads-kosten-studie/;"photovoltaik leads";0;1;0,0000;22,00;0;0;;;0;1;;15255;"Was kosten Solar-Leads? Marktstudie DACH";page;"Solar-Leads Kosten 2026: CPL, CPO & Portal-Vergleich";"Was kosten Solar-Leads wirklich? Marktstudie mit Photovoltaik- und Wärmepumpen-CPL, Cost-per-Order, Portal-Modellen, Methodik und Case-Study-Benchmark.";https://hasimuener.de/solar-leads-kosten-studie/;1;0;915;0
90;2026-06-25;2026-09-22;2026-03-27;2026-06-24;query_page;current_only;https://hasimuener.de/solar-leads-kosten-studie/;"photovoltaik leads kaufen kosten";0;2;0,0000;14,50;0;0;;;0;2;;15255;"Was kosten Solar-Leads? Marktstudie DACH";page;"Solar-Leads Kosten 2026: CPL, CPO & Portal-Vergleich";"Was kosten Solar-Leads wirklich? Marktstudie mit Photovoltaik- und Wärmepumpen-CPL, Cost-per-Order, Portal-Modellen, Methodik und Case-Study-Benchmark.";https://hasimuener.de/solar-leads-kosten-studie/;1;0;915;0
90;2026-06-25;2026-09-22;2026-03-27;2026-06-24;query_page;current_only;https://hasimuener.de/solar-leads-kosten-studie/;photovoltaik-leads;0;1;0,0000;23,00;0;0;;;0;1;;15255;"Was kosten Solar-Leads? Marktstudie DACH";page;"Solar-Leads Kosten 2026: CPL, CPO & Portal-Vergleich";"Was kosten Solar-Leads wirklich? Marktstudie mit Photovoltaik- und Wärmepumpen-CPL, Cost-per-Order, Portal-Modellen, Methodik und Case-Study-Benchmark.";https://hasimuener.de/solar-leads-kosten-studie/;1;0;915;0
90;2026-06-25;2026-09-22;2026-03-27;2026-06-24;query_page;current_only;https://hasimuener.de/solar-leads-kosten-studie/;"solar leads";0;1;0,0000;11,00;0;0;;;0;1;;15255;"Was kosten Solar-Leads? Marktstudie DACH";page;"Solar-Leads Kosten 2026: CPL, CPO & Portal-Vergleich";"Was kosten Solar-Leads wirklich? Marktstudie mit Photovoltaik- und Wärmepumpen-CPL, Cost-per-Order, Portal-Modellen, Methodik und Case-Study-Benchmark.";https://hasimuener.de/solar-leads-kosten-studie/;1;0;915;0
90;2026-06-25;2026-09-22;2026-03-27;2026-06-24;query_page;both;https://hasimuener.de/solar-leads-kosten-studie/;"wärmepumpen leads";0;3;0,0000;69,00;0;2;0,0000;64,50;0;1;4,50;15255;"Was kosten Solar-Leads? Marktstudie DACH";page;"Solar-Leads Kosten 2026: CPL, CPO & Portal-Vergleich";"Was kosten Solar-Leads wirklich? Marktstudie mit Photovoltaik- und Wärmepumpen-CPL, Cost-per-Order, Portal-Modellen, Methodik und Case-Study-Benchmark.";https://hasimuener.de/solar-leads-kosten-studie/;1;0;915;0
90;2026-06-25;2026-09-22;2026-03-27;2026-06-24;query_page;current_only;https://hasimuener.de/waermepumpen-leads/;"checkfox erfahrungen";0;1;0,0000;23,00;0;0;;;0;1;;15272;"Wärmepumpen Leads – Alternative: eigenes Anfrage-System";page;"Wärmepumpen Leads kaufen? Alternative ohne Portale";"Wärmepumpen-Leads kaufen oder eigene Anfragen aufbauen? Portal-Leads gehen an mehrere Betriebe und schließen selten ab. Case Study: über 85 % weniger CPL.";https://hasimuener.de/waermepumpen-leads/;1;0;1153;0
90;2026-06-25;2026-09-22;2026-03-27;2026-06-24;query_page;current_only;https://hasimuener.de/waermepumpen-leads/;"gebäudetyp e";0;2;0,0000;17,50;0;0;;;0;2;;15272;"Wärmepumpen Leads – Alternative: eigenes Anfrage-System";page;"Wärmepumpen Leads kaufen? Alternative ohne Portale";"Wärmepumpen-Leads kaufen oder eigene Anfragen aufbauen? Portal-Leads gehen an mehrere Betriebe und schließen selten ab. Case Study: über 85 % weniger CPL.";https://hasimuener.de/waermepumpen-leads/;1;0;1153;0
90;2026-06-25;2026-09-22;2026-03-27;2026-06-24;query_page;current_only;https://hasimuener.de/waermepumpen-leads/;"top anbieter leadgenerierung elektriker shk-betriebe vergleich";0;2;0,0000;9,00;0;0;;;0;2;;15272;"Wärmepumpen Leads – Alternative: eigenes Anfrage-System";page;"Wärmepumpen Leads kaufen? Alternative ohne Portale";"Wärmepumpen-Leads kaufen oder eigene Anfragen aufbauen? Portal-Leads gehen an mehrere Betriebe und schließen selten ab. Case Study: über 85 % weniger CPL.";https://hasimuener.de/waermepumpen-leads/;1;0;1153;0
90;2026-06-25;2026-09-22;2026-03-27;2026-06-24;query_page;current_only;https://hasimuener.de/waermepumpen-leads/;"wärmepumpen leads";0;120;0,0000;33,51;0;0;;;0;120;;15272;"Wärmepumpen Leads – Alternative: eigenes Anfrage-System";page;"Wärmepumpen Leads kaufen? Alternative ohne Portale";"Wärmepumpen-Leads kaufen oder eigene Anfragen aufbauen? Portal-Leads gehen an mehrere Betriebe und schließen selten ab. Case Study: über 85 % weniger CPL.";https://hasimuener.de/waermepumpen-leads/;1;0;1153;0
90;2026-06-25;2026-09-22;2026-03-27;2026-06-24;query_page;current_only;https://hasimuener.de/waermepumpen-leads/;"wärmepumpen leads kaufen";0;41;0,0000;29,17;0;0;;;0;41;;15272;"Wärmepumpen Leads – Alternative: eigenes Anfrage-System";page;"Wärmepumpen Leads kaufen? Alternative ohne Portale";"Wärmepumpen-Leads kaufen oder eigene Anfragen aufbauen? Portal-Leads gehen an mehrere Betriebe und schließen selten ab. Case Study: über 85 % weniger CPL.";https://hasimuener.de/waermepumpen-leads/;1;0;1153;0
90;2026-06-25;2026-09-22;2026-03-27;2026-06-24;query_page;current_only;https://hasimuener.de/wgos-assets/tracking-audit/;"tracking auditor";0;1;0,0000;23,00;0;0;;;0;1;;14863;"Tracking Audit";wgos_asset;"Tracking Audit - WGOS Asset | Haşim Üner";"Tracking Audit für B2B-Websites: Messfehler finden, Datenqualität absichern und die Basis für Reporting und Optimierung legen.";https://hasimuener.de/wgos-assets/tracking-audit/;0;1;449;0
90;2026-06-25;2026-09-22;2026-03-27;2026-06-24;query_page;current_only;https://hasimuener.de/whitelabel-retainer/;"retainer agentur";0;29;0,0000;53,90;0;0;;;0;29;;14885;"Whitelabel &amp; Retainer";page;"White-Label für Agenturen: WordPress, SEO, Tracking";"White-Label für Agenturen: WordPress-Umsetzung, technisches SEO und die vollständige Messkette aus einer Hand. Einstieg über ein Erstprojekt mit fixem Scope und Festpreis.";https://hasimuener.de/whitelabel-retainer/;1;0;1316;0
90;2026-06-25;2026-09-22;2026-03-27;2026-06-24;query_page;current_only;https://hasimuener.de/whitelabel-retainer/;"white label webdesign";0;1;0,0000;74,00;0;0;;;0;1;;14885;"Whitelabel &amp; Retainer";page;"White-Label für Agenturen: WordPress, SEO, Tracking";"White-Label für Agenturen: WordPress-Umsetzung, technisches SEO und die vollständige Messkette aus einer Hand. Einstieg über ein Erstprojekt mit fixem Scope und Festpreis.";https://hasimuener.de/whitelabel-retainer/;1;0;1316;0
90;2026-06-25;2026-09-22;2026-03-27;2026-06-24;query_page;both;https://hasimuener.de/wordpress-agentur-hannover/;"agentur wordpress hannover";0;20;0,0000;30,90;0;27;0,0000;28,93;0;-7;1,97;10777;"WordPress Agentur Hannover";page;"WordPress Agentur Hannover: SEO, Tracking & CRO";"WordPress Agentur Hannover für messbare B2B-Anfragen: technisches SEO, Server-Side Tracking, CRO. Erst Projektprüfung, dann Umsetzung. CPL-Case: 150 € → 22 €.";https://hasimuener.de/wordpress-agentur-hannover/;1;0;632;0
90;2026-06-25;2026-09-22;2026-03-27;2026-06-24;query_page;both;https://hasimuener.de/wordpress-agentur-hannover/;"b2b wordpress agentur";0;1;0,0000;10,00;0;31;0,0000;35,55;0;-30;-25,55;10777;"WordPress Agentur Hannover";page;"WordPress Agentur Hannover: SEO, Tracking & CRO";"WordPress Agentur Hannover für messbare B2B-Anfragen: technisches SEO, Server-Side Tracking, CRO. Erst Projektprüfung, dann Umsetzung. CPL-Case: 150 € → 22 €.";https://hasimuener.de/wordpress-agentur-hannover/;1;0;632;0
90;2026-06-25;2026-09-22;2026-03-27;2026-06-24;query_page;both;https://hasimuener.de/wordpress-agentur-hannover/;"woocommerce agentur hannover";0;146;0,0000;25,64;0;218;0,0000;27,08;0;-72;-1,44;10777;"WordPress Agentur Hannover";page;"WordPress Agentur Hannover: SEO, Tracking & CRO";"WordPress Agentur Hannover für messbare B2B-Anfragen: technisches SEO, Server-Side Tracking, CRO. Erst Projektprüfung, dann Umsetzung. CPL-Case: 150 € → 22 €.";https://hasimuener.de/wordpress-agentur-hannover/;1;0;632;1
90;2026-06-25;2026-09-22;2026-03-27;2026-06-24;query_page;both;https://hasimuener.de/wordpress-agentur-hannover/;"wordpress agentur niedersachsen";0;42;0,0000;53,00;0;76;0,0000;43,29;0;-34;9,71;10777;"WordPress Agentur Hannover";page;"WordPress Agentur Hannover: SEO, Tracking & CRO";"WordPress Agentur Hannover für messbare B2B-Anfragen: technisches SEO, Server-Side Tracking, CRO. Erst Projektprüfung, dann Umsetzung. CPL-Case: 150 € → 22 €.";https://hasimuener.de/wordpress-agentur-hannover/;1;0;632;0
90;2026-06-25;2026-09-22;2026-03-27;2026-06-24;query_page;both;https://hasimuener.de/wordpress-agentur-hannover/;"wordpress agenturen hannover";0;24;0,0000;29,71;0;25;0,0000;17,80;0;-1;11,91;10777;"WordPress Agentur Hannover";page;"WordPress Agentur Hannover: SEO, Tracking & CRO";"WordPress Agentur Hannover für messbare B2B-Anfragen: technisches SEO, Server-Side Tracking, CRO. Erst Projektprüfung, dann Umsetzung. CPL-Case: 150 € → 22 €.";https://hasimuener.de/wordpress-agentur-hannover/;1;0;632;0
90;2026-06-25;2026-09-22;2026-03-27;2026-06-24;query_page;both;https://hasimuener.de/wordpress-agentur-hannover/;"wordpress entwicklung hannover";0;5;0,0000;48,00;0;11;0,0000;36,00;0;-6;12,00;10777;"WordPress Agentur Hannover";page;"WordPress Agentur Hannover: SEO, Tracking & CRO";"WordPress Agentur Hannover für messbare B2B-Anfragen: technisches SEO, Server-Side Tracking, CRO. Erst Projektprüfung, dann Umsetzung. CPL-Case: 150 € → 22 €.";https://hasimuener.de/wordpress-agentur-hannover/;1;0;632;0
90;2026-06-25;2026-09-22;2026-03-27;2026-06-24;query_page;both;https://hasimuener.de/wordpress-agentur-hannover/;"wordpress experte hannover";0;2;0,0000;28,50;0;6;0,0000;23,17;0;-4;5,33;10777;"WordPress Agentur Hannover";page;"WordPress Agentur Hannover: SEO, Tracking & CRO";"WordPress Agentur Hannover für messbare B2B-Anfragen: technisches SEO, Server-Side Tracking, CRO. Erst Projektprüfung, dann Umsetzung. CPL-Case: 150 € → 22 €.";https://hasimuener.de/wordpress-agentur-hannover/;1;0;632;0
90;2026-06-25;2026-09-22;2026-03-27;2026-06-24;query_page;both;https://hasimuener.de/wordpress-agentur-hannover/;"wordpress freelancer hannover";0;21;0,0000;72,90;0;2;0,0000;84,50;0;19;-11,60;10777;"WordPress Agentur Hannover";page;"WordPress Agentur Hannover: SEO, Tracking & CRO";"WordPress Agentur Hannover für messbare B2B-Anfragen: technisches SEO, Server-Side Tracking, CRO. Erst Projektprüfung, dann Umsetzung. CPL-Case: 150 € → 22 €.";https://hasimuener.de/wordpress-agentur-hannover/;1;0;632;0
90;2026-06-25;2026-09-22;2026-03-27;2026-06-24;query_page;both;https://hasimuener.de/wordpress-agentur-hannover/;"wordpress hannover";0;144;0,0000;36,65;0;235;0,0000;33,03;0;-91;3,62;10777;"WordPress Agentur Hannover";page;"WordPress Agentur Hannover: SEO, Tracking & CRO";"WordPress Agentur Hannover für messbare B2B-Anfragen: technisches SEO, Server-Side Tracking, CRO. Erst Projektprüfung, dann Umsetzung. CPL-Case: 150 € → 22 €.";https://hasimuener.de/wordpress-agentur-hannover/;1;0;632;0
90;2026-06-25;2026-09-22;2026-03-27;2026-06-24;query_page;both;https://hasimuener.de/wordpress-agentur-hannover/;"wordpress seo hannover";0;30;0,0000;23,23;0;23;0,0000;28,17;0;7;-4,94;10777;"WordPress Agentur Hannover";page;"WordPress Agentur Hannover: SEO, Tracking & CRO";"WordPress Agentur Hannover für messbare B2B-Anfragen: technisches SEO, Server-Side Tracking, CRO. Erst Projektprüfung, dann Umsetzung. CPL-Case: 150 € → 22 €.";https://hasimuener.de/wordpress-agentur-hannover/;1;0;632;0
90;2026-06-25;2026-09-22;2026-03-27;2026-06-24;query_page;both;https://hasimuener.de/wordpress-agentur-hannover/;"wordpress suchmaschinenoptimierung hannover";0;25;0,0000;22,56;0;22;0,0000;30,09;0;3;-7,53;10777;"WordPress Agentur Hannover";page;"WordPress Agentur Hannover: SEO, Tracking & CRO";"WordPress Agentur Hannover für messbare B2B-Anfragen: technisches SEO, Server-Side Tracking, CRO. Erst Projektprüfung, dann Umsetzung. CPL-Case: 150 € → 22 €.";https://hasimuener.de/wordpress-agentur-hannover/;1;0;632;0
90;2026-06-25;2026-09-22;2026-03-27;2026-06-24;query_page;both;https://hasimuener.de/wordpress-agentur-hannover/;"wordpress wartung hannover";0;3;0,0000;13,00;0;14;0,0000;22,07;0;-11;-9,07;10777;"WordPress Agentur Hannover";page;"WordPress Agentur Hannover: SEO, Tracking & CRO";"WordPress Agentur Hannover für messbare B2B-Anfragen: technisches SEO, Server-Side Tracking, CRO. Erst Projektprüfung, dann Umsetzung. CPL-Case: 150 € → 22 €.";https://hasimuener.de/wordpress-agentur-hannover/;1;0;632;0
90;2026-06-25;2026-09-22;2026-03-27;2026-06-24;query_page;both;https://hasimuener.de/wordpress-agentur-hannover/;"wordpress wartungsvertrag hannover";0;7;0,0000;36,00;0;16;0,0000;21,13;0;-9;14,88;10777;"WordPress Agentur Hannover";page;"WordPress Agentur Hannover: SEO, Tracking & CRO";"WordPress Agentur Hannover für messbare B2B-Anfragen: technisches SEO, Server-Side Tracking, CRO. Erst Projektprüfung, dann Umsetzung. CPL-Case: 150 € → 22 €.";https://hasimuener.de/wordpress-agentur-hannover/;1;0;632;0
90;2026-06-25;2026-09-22;2026-03-27;2026-06-24;query_page;both;https://hasimuener.de/wordpress-agentur-hannover/;"wordpress webseite hannover";0;1;0,0000;19,00;0;12;0,0000;38,50;0;-11;-19,50;10777;"WordPress Agentur Hannover";page;"WordPress Agentur Hannover: SEO, Tracking & CRO";"WordPress Agentur Hannover für messbare B2B-Anfragen: technisches SEO, Server-Side Tracking, CRO. Erst Projektprüfung, dann Umsetzung. CPL-Case: 150 € → 22 €.";https://hasimuener.de/wordpress-agentur-hannover/;1;0;632;0
90;2026-06-25;2026-09-22;2026-03-27;2026-06-24;query_page;both;https://hasimuener.de/wordpress-agentur-hannover/;"wordpress website hannover";0;16;0,0000;32,88;0;11;0,0000;23,09;0;5;9,78;10777;"WordPress Agentur Hannover";page;"WordPress Agentur Hannover: SEO, Tracking & CRO";"WordPress Agentur Hannover für messbare B2B-Anfragen: technisches SEO, Server-Side Tracking, CRO. Erst Projektprüfung, dann Umsetzung. CPL-Case: 150 € → 22 €.";https://hasimuener.de/wordpress-agentur-hannover/;1;0;632;0
90;2026-06-25;2026-09-22;2026-03-27;2026-06-24;query_page;current_only;https://hasimuener.de/wordpress-freelancer-hannover/;"wordpress freelancer hannover";0;3;0,0000;16,33;0;0;;;0;3;;0;"Legacy Redirect";legacy_redirect;;;https://hasimuener.de/;0;0;0;0
90;2026-06-25;2026-09-22;2026-03-27;2026-06-24;query_page;current_only;https://hasimuener.de/wordpress-projekte-auslagern/;"webdesign auslagern";0;3;0,0000;25,67;0;0;;;0;3;;15335;"WordPress-Projekte auslagern: Klare Prozesse für Agenturen und Freelancer";post;"WordPress-Projekte auslagern: Prozesse für Agenturen";"WordPress-Projekte sauber auslagern: klare Prozesse für Scope, Handoff, Staging, QA, Tracking, Deployment und Handover mit Freelancern.";https://hasimuener.de/wordpress-projekte-auslagern/hasim/;1;0;1169;0
90;2026-06-25;2026-09-22;2026-03-27;2026-06-24;query_page;current_only;https://hasimuener.de/wordpress-projekte-auslagern/hasim/;"webdesign auslagern";0;1;0,0000;26,00;0;0;;;0;1;;15335;"WordPress-Projekte auslagern: Klare Prozesse für Agenturen und Freelancer";post;"WordPress-Projekte auslagern: Prozesse für Agenturen";"WordPress-Projekte sauber auslagern: klare Prozesse für Scope, Handoff, Staging, QA, Tracking, Deployment und Handover mit Freelancern.";https://hasimuener.de/wordpress-projekte-auslagern/hasim/;1;0;1169;0
90;2026-06-25;2026-09-22;2026-03-27;2026-06-24;query_page;previous_only;https://hasimuener.de/;pattensen;0;0;;;1;1;1,0000;1,00;-1;-1;;11953;"WordPress-Architektur &amp; Performance Marketing (B2B) · Hannover &amp; DACH";front_page;"WordPress Freelancer für Unternehmen | Haşim Üner, Hannover";"WordPress-Websites, technisches SEO und Tracking bis ins CRM. Direkt vom Entwickler aus Pattensen bei Hannover, Projekte ab 3.400 € netto.";https://hasimuener.de/;1;0;1611;0
90;2026-06-25;2026-09-22;2026-03-27;2026-06-24;query_page;previous_only;https://hasimuener.de/solar-waermepumpen-leadgenerierung/;"raum frankfurt";0;0;;;1;1;1,0000;3,00;-1;-1;;15048;"Leadgenerierung für Solar- und Wärmepumpen-Anbieter";page;"Photovoltaik-Anfragen selbst generieren statt Leads kaufen";"Eigenes Anfragesystem für Photovoltaik und Wärmepumpe: Anfragen auf Ihrer Domain, vorqualifiziert, serverseitig gemessen. Aufbau ab 14.900 €, Einstieg ab 790 €.";https://hasimuener.de/solar-waermepumpen-leadgenerierung/;1;0;2830;0
90;2026-06-25;2026-09-22;2026-03-27;2026-06-24;query_page;previous_only;https://hasimuener.de/;"architekten pattensen";0;0;;;0;1;0,0000;2,00;0;-1;;11953;"WordPress-Architektur &amp; Performance Marketing (B2B) · Hannover &amp; DACH";front_page;"WordPress Freelancer für Unternehmen | Haşim Üner, Hannover";"WordPress-Websites, technisches SEO und Tracking bis ins CRM. Direkt vom Entwickler aus Pattensen bei Hannover, Projekte ab 3.400 € netto.";https://hasimuener.de/;1;0;1611;0
90;2026-06-25;2026-09-22;2026-03-27;2026-06-24;query_page;previous_only;https://hasimuener.de/;"hakan üner";0;0;;;0;1;0,0000;3,00;0;-1;;11953;"WordPress-Architektur &amp; Performance Marketing (B2B) · Hannover &amp; DACH";front_page;"WordPress Freelancer für Unternehmen | Haşim Üner, Hannover";"WordPress-Websites, technisches SEO und Tracking bis ins CRM. Direkt vom Entwickler aus Pattensen bei Hannover, Projekte ab 3.400 € netto.";https://hasimuener.de/;1;0;1611;0
90;2026-06-25;2026-09-22;2026-03-27;2026-06-24;query_page;previous_only;https://hasimuener.de/;"marketing architektur";0;0;;;0;1;0,0000;11,00;0;-1;;11953;"WordPress-Architektur &amp; Performance Marketing (B2B) · Hannover &amp; DACH";front_page;"WordPress Freelancer für Unternehmen | Haşim Üner, Hannover";"WordPress-Websites, technisches SEO und Tracking bis ins CRM. Direkt vom Entwickler aus Pattensen bei Hannover, Projekte ab 3.400 € netto.";https://hasimuener.de/;1;0;1611;0
90;2026-06-25;2026-09-22;2026-03-27;2026-06-24;query_page;previous_only;https://hasimuener.de/;"unternehmen in der nähe";0;0;;;0;1;0,0000;14,00;0;-1;;11953;"WordPress-Architektur &amp; Performance Marketing (B2B) · Hannover &amp; DACH";front_page;"WordPress Freelancer für Unternehmen | Haşim Üner, Hannover";"WordPress-Websites, technisches SEO und Tracking bis ins CRM. Direkt vom Entwickler aus Pattensen bei Hannover, Projekte ab 3.400 € netto.";https://hasimuener.de/;1;0;1611;0
90;2026-06-25;2026-09-22;2026-03-27;2026-06-24;query_page;previous_only;https://hasimuener.de/;üner;0;0;;;0;4;0,0000;4,00;0;-4;;11953;"WordPress-Architektur &amp; Performance Marketing (B2B) · Hannover &amp; DACH";front_page;"WordPress Freelancer für Unternehmen | Haşim Üner, Hannover";"WordPress-Websites, technisches SEO und Tracking bis ins CRM. Direkt vom Entwickler aus Pattensen bei Hannover, Projekte ab 3.400 € netto.";https://hasimuener.de/;1;0;1611;0
90;2026-06-25;2026-09-22;2026-03-27;2026-06-24;query_page;previous_only;https://hasimuener.de/b2b-solar-leads/;"b2b projektanfragen energie";0;0;;;0;1;0,0000;23,00;0;-1;;15199;"B2B Solar Leads – gewerbliche Photovoltaik-Anfrage-Systeme";page;"PV-Termine B2B: qualifizierte Gewerbe-PV-Anfragen";"PV-Termine B2B für Gewerbe-PV: Projektwert, Technik und Buying-Center vorqualifizieren. Eigener Anfrageweg statt Termine ohne Projektsubstanz.";https://hasimuener.de/b2b-solar-leads/;1;0;1423;0
90;2026-06-25;2026-09-22;2026-03-27;2026-06-24;query_page;previous_only;https://hasimuener.de/b2b-solar-leads/;"b2b solar panels";0;0;;;0;1;0,0000;43,00;0;-1;;15199;"B2B Solar Leads – gewerbliche Photovoltaik-Anfrage-Systeme";page;"PV-Termine B2B: qualifizierte Gewerbe-PV-Anfragen";"PV-Termine B2B für Gewerbe-PV: Projektwert, Technik und Buying-Center vorqualifizieren. Eigener Anfrageweg statt Termine ohne Projektsubstanz.";https://hasimuener.de/b2b-solar-leads/;1;0;1423;0
90;2026-06-25;2026-09-22;2026-03-27;2026-06-24;query_page;previous_only;https://hasimuener.de/b2b-solar-leads/;"photovoltaik b2b shop für fachbetriebe";0;0;;;0;14;0,0000;61,36;0;-14;;15199;"B2B Solar Leads – gewerbliche Photovoltaik-Anfrage-Systeme";page;"PV-Termine B2B: qualifizierte Gewerbe-PV-Anfragen";"PV-Termine B2B für Gewerbe-PV: Projektwert, Technik und Buying-Center vorqualifizieren. Eigener Anfrageweg statt Termine ohne Projektsubstanz.";https://hasimuener.de/b2b-solar-leads/;1;0;1423;0
90;2026-06-25;2026-09-22;2026-03-27;2026-06-24;query_page;previous_only;https://hasimuener.de/b2b-solar-leads/;"wie lange dauert ein eeg";0;0;;;0;1;0,0000;17,00;0;-1;;15199;"B2B Solar Leads – gewerbliche Photovoltaik-Anfrage-Systeme";page;"PV-Termine B2B: qualifizierte Gewerbe-PV-Anfragen";"PV-Termine B2B für Gewerbe-PV: Projektwert, Technik und Buying-Center vorqualifizieren. Eigener Anfrageweg statt Termine ohne Projektsubstanz.";https://hasimuener.de/b2b-solar-leads/;1;0;1423;0
90;2026-06-25;2026-09-22;2026-03-27;2026-06-24;query_page;previous_only;https://hasimuener.de/conversion-rate-optimization/;"conversion optimiertes webdesign";0;0;;;0;4;0,0000;90,25;0;-4;;0;;;;;;0;0;0;0
90;2026-06-25;2026-09-22;2026-03-27;2026-06-24;query_page;previous_only;https://hasimuener.de/conversion-rate-optimization/;"powergap woocommerce conversion optimierung";0;0;;;0;3;0,0000;21,67;0;-3;;0;;;;;;0;0;0;1
90;2026-06-25;2026-09-22;2026-03-27;2026-06-24;query_page;previous_only;https://hasimuener.de/conversion-rate-optimization/;"woocommerce conversion optimierung";0;0;;;0;4;0,0000;43,00;0;-4;;0;;;;;;0;0;0;1
90;2026-06-25;2026-09-22;2026-03-27;2026-06-24;query_page;previous_only;https://hasimuener.de/conversion-rate-optimization/;"wordpress conversion optimieren";0;0;;;0;9;0,0000;13,67;0;-9;;0;;;;;;0;0;0;0
90;2026-06-25;2026-09-22;2026-03-27;2026-06-24;query_page;previous_only;https://hasimuener.de/conversion-rate-optimization/;"wordpress conversion optimierung";0;0;;;0;6;0,0000;9,67;0;-6;;0;;;;;;0;0;0;0
90;2026-06-25;2026-09-22;2026-03-27;2026-06-24;query_page;previous_only;https://hasimuener.de/conversion-rate-optimization/;"wordpress conversion optimisation";0;0;;;0;9;0,0000;84,00;0;-9;;0;;;;;;0;0;0;0
90;2026-06-25;2026-09-22;2026-03-27;2026-06-24;query_page;previous_only;https://hasimuener.de/conversion-rate-optimization/;"wordpress woocommerce conversion optimierung";0;0;;;0;2;0,0000;47,00;0;-2;;0;;;;;;0;0;0;1
90;2026-06-25;2026-09-22;2026-03-27;2026-06-24;query_page;previous_only;https://hasimuener.de/core-web-vitals-wachstum-seo-und-roas/;"cwv optimierung";0;0;;;0;28;0,0000;12,86;0;-28;;13414;"Performance ist Profit: Warum Core Web Vitals Wachstum, SEO und ROAS treiben";post;"Performance ist Profit: Warum Core Web Vitals Wachstum, SEO und ROAS treiben";"Core Web Vitals sind kein Technik-Detail, sondern ein Umsatzhebel: Schnellere Ladezeiten verbessern Rankings, Conversion und ROAS. So nutzen Sie Performance strategisch.""";https://hasimuener.de/core-web-vitals-wachstum-seo-und-roas/hasim/;1;0;824;0
90;2026-06-25;2026-09-22;2026-03-27;2026-06-24;query_page;previous_only;https://hasimuener.de/cost-per-lead-photovoltaik/;"kosten pro lead";0;0;;;0;1;0,0000;7,00;0;-1;;15204;"Cost per Lead Photovoltaik – Was Solar-Anfragen wirklich kosten";page;"Cost per Lead Photovoltaik: Was Solar-Anfragen wirklich kosten";"CPL-Rechnung für Photovoltaik- und Wärmepumpen-Anbieter: Portal-Leads vs. eigenes System. Case Study: über 85 % weniger Kosten pro Anfrage in 6 Monaten.";https://hasimuener.de/cost-per-lead-photovoltaik/;1;0;757;0
90;2026-06-25;2026-09-22;2026-03-27;2026-06-24;query_page;previous_only;https://hasimuener.de/design-ist-mehr-als-aesthetik/;"cro ohne dark patterns";0;0;;;0;1;0,0000;40,00;0;-1;;13492;"Design ist kein Geschmack. Es ist Architektur.";post;"Design ist mehr als Ästhetik – Bedeutung, Wirkung & Praxis";"Warum Design Erwartungen, Verhalten und Vertrauen prägt – digital wie physisch. Geschichte, Psychologie, Semiotik, Ethik & Business-Impact.";https://hasimuener.de/design-ist-mehr-als-aesthetik/hasim/;1;0;2161;0
90;2026-06-25;2026-09-22;2026-03-27;2026-06-24;query_page;previous_only;https://hasimuener.de/design-ist-mehr-als-aesthetik/;"unterschied design und architektur";0;0;;;0;1;0,0000;13,00;0;-1;;13492;"Design ist kein Geschmack. Es ist Architektur.";post;"Design ist mehr als Ästhetik – Bedeutung, Wirkung & Praxis";"Warum Design Erwartungen, Verhalten und Vertrauen prägt – digital wie physisch. Geschichte, Psychologie, Semiotik, Ethik & Business-Impact.";https://hasimuener.de/design-ist-mehr-als-aesthetik/hasim/;1;0;2161;0
90;2026-06-25;2026-09-22;2026-03-27;2026-06-24;query_page;previous_only;https://hasimuener.de/e3-new-energy/;"e3 new energy erfahrungen";0;0;;;0;1;0,0000;43,00;0;-1;;0;"Legacy Redirect";legacy_redirect;;;https://hasimuener.de/case-study-solar-leadgenerierung/;0;0;0;0
90;2026-06-25;2026-09-22;2026-03-27;2026-06-24;query_page;previous_only;https://hasimuener.de/eigene-leadgenerierung-vs-portale/;"ja gerne";0;0;;;0;1;0,0000;2,00;0;-1;;15200;"Eigene Leadgenerierung vs. Portal-Leads – Vergleich";page;"Portal-Leads vs. eigenes System: TCO-Vergleich Solar/SHK";"24-Monats-TCO: Portal-Leads (DAA, Aroundhome, Check24) vs. eigenes Anfragesystem. Case Study: über 85 % niedrigerer CPL in 6 Monaten.";https://hasimuener.de/eigene-leadgenerierung-vs-portale/;1;0;934;0
90;2026-06-25;2026-09-22;2026-03-27;2026-06-24;query_page;previous_only;https://hasimuener.de/eigene-leadgenerierung-vs-portale/;"leadgenerator solar";0;0;;;0;1;0,0000;84,00;0;-1;;15200;"Eigene Leadgenerierung vs. Portal-Leads – Vergleich";page;"Portal-Leads vs. eigenes System: TCO-Vergleich Solar/SHK";"24-Monats-TCO: Portal-Leads (DAA, Aroundhome, Check24) vs. eigenes Anfragesystem. Case Study: über 85 % niedrigerer CPL in 6 Monaten.";https://hasimuener.de/eigene-leadgenerierung-vs-portale/;1;0;934;0
90;2026-06-25;2026-09-22;2026-03-27;2026-06-24;query_page;previous_only;https://hasimuener.de/ergebnisse/;"kurze fallstudie: dach-kampagne senkt cpl – welche taktiken haben funktioniert?";0;0;;;0;1;0,0000;9,00;0;-1;;14883;Ergebnisse;page;"WordPress-Projekte & Ergebnisse | Haşim Üner";"WordPress-Arbeiten mit konkretem Umsetzungsumfang, eine technische Projektgeschichte, ein eingeordneter Solar-Fall und ein Übergabemuster für Agenturen.";https://hasimuener.de/ergebnisse/;0;1;1023;0
90;2026-06-25;2026-09-22;2026-03-27;2026-06-24;query_page;previous_only;https://hasimuener.de/kontakt/;pattensen;0;0;;;0;1;0,0000;1,00;0;-1;;3660;Kontakt;page;"Kontakt & Projektanfrage | Haşim Üner";"Projekt oder Frage kurz einordnen: ein Formular, händisch geprüfte Rückmeldung innerhalb von 24 Stunden werktags. Kein Pflicht-Call, kein Vertriebsteam.";https://hasimuener.de/kontakt/;1;0;242;0
90;2026-06-25;2026-09-22;2026-03-27;2026-06-24;query_page;previous_only;https://hasimuener.de/photovoltaik-leads-kaufen-alternative/;"leadgenerierung photovoltaik";0;0;;;0;33;0,0000;70,52;0;-33;;0;"Legacy Redirect";legacy_redirect;;;https://hasimuener.de/solar-waermepumpen-leadgenerierung/;0;0;0;0
90;2026-06-25;2026-09-22;2026-03-27;2026-06-24;query_page;previous_only;https://hasimuener.de/qualifizierte-pv-anfragen/;"solar kundenanfragen";0;0;;;0;1;0,0000;42,00;0;-1;;15205;"Qualifizierte PV-Anfragen – Vier Merkmale für hochwertige Leads";page;"Qualifizierte PV-Anfragen: 4 Merkmale guter Solar-Leads";"Vier Merkmale einer qualifizierten Photovoltaik-Anfrage: Intent, Exklusivität, Vorqualifizierung, Echtzeit — mit Praxisbezug aus einer Case Study.";https://hasimuener.de/qualifizierte-pv-anfragen/;1;0;738;0
90;2026-06-25;2026-09-22;2026-03-27;2026-06-24;query_page;previous_only;https://hasimuener.de/server-side-tracking-b2b/;"""gtm server side"" -site:reddit.com -site:twitter.com -site:x.com -site:wykop.pl -site:tripadvisor.com -site:youtube.com -site:yelp.com -site:booking.com -site:facebook.com -site:instagram.com -site:tiktok.com";0;0;;;0;1;0,0000;6,00;0;-1;;15198;"Server-Side Tracking für B2B-Leadgenerierung";page;"Server-Side Tracking einrichten lassen | GA4, Ads & Consent";"Server-Side Tracking für GA4, Google Ads und Meta CAPI: geprüft, eingerichtet, parallel getestet und dokumentiert. Setup ab 1.290 € netto.";https://hasimuener.de/server-side-tracking-b2b/;1;0;2443;0
90;2026-06-25;2026-09-22;2026-03-27;2026-06-24;query_page;previous_only;https://hasimuener.de/server-side-tracking-b2b/;"anyrel server side tracking";0;0;;;0;2;0,0000;92,00;0;-2;;15198;"Server-Side Tracking für B2B-Leadgenerierung";page;"Server-Side Tracking einrichten lassen | GA4, Ads & Consent";"Server-Side Tracking für GA4, Google Ads und Meta CAPI: geprüft, eingerichtet, parallel getestet und dokumentiert. Setup ab 1.290 € netto.";https://hasimuener.de/server-side-tracking-b2b/;1;0;2443;0
90;2026-06-25;2026-09-22;2026-03-27;2026-06-24;query_page;previous_only;https://hasimuener.de/server-side-tracking-b2b/;"b2b tracking";0;0;;;0;1;0,0000;30,00;0;-1;;15198;"Server-Side Tracking für B2B-Leadgenerierung";page;"Server-Side Tracking einrichten lassen | GA4, Ads & Consent";"Server-Side Tracking für GA4, Google Ads und Meta CAPI: geprüft, eingerichtet, parallel getestet und dokumentiert. Setup ab 1.290 € netto.";https://hasimuener.de/server-side-tracking-b2b/;1;0;2443;0
90;2026-06-25;2026-09-22;2026-03-27;2026-06-24;query_page;previous_only;https://hasimuener.de/server-side-tracking-b2b/;"server side tracking b2b";0;0;;;0;1;0,0000;12,00;0;-1;;15198;"Server-Side Tracking für B2B-Leadgenerierung";page;"Server-Side Tracking einrichten lassen | GA4, Ads & Consent";"Server-Side Tracking für GA4, Google Ads und Meta CAPI: geprüft, eingerichtet, parallel getestet und dokumentiert. Setup ab 1.290 € netto.";https://hasimuener.de/server-side-tracking-b2b/;1;0;2443;0
90;2026-06-25;2026-09-22;2026-03-27;2026-06-24;query_page;previous_only;https://hasimuener.de/server-side-tracking-b2b/;"wie können wir als unternehmen daten aus formularen und funnels dsgvo-konform tracken? welche funnel builder sind dafür am besten geeignet?";0;0;;;0;1;0,0000;2,00;0;-1;;15198;"Server-Side Tracking für B2B-Leadgenerierung";page;"Server-Side Tracking einrichten lassen | GA4, Ads & Consent";"Server-Side Tracking für GA4, Google Ads und Meta CAPI: geprüft, eingerichtet, parallel getestet und dokumentiert. Setup ab 1.290 € netto.";https://hasimuener.de/server-side-tracking-b2b/;1;0;2443;0
90;2026-06-25;2026-09-22;2026-03-27;2026-06-24;query_page;previous_only;https://hasimuener.de/server-side-tracking-gtm/;"server side gtm experte";0;0;;;0;3;0,0000;74,00;0;-3;;13426;"Server-Side Tracking mit GTM: Setup, Consent und saubere Messketten";post;"Server-Side Tracking mit GTM | Setup, DSGVO &amp; Vorteile";"Server-Side Tracking gibt Ihnen die volle Kontrolle über Ihre Marketingdaten. Setup, DSGVO-Konformität &amp; messbare Vorteile für B2B-Unternehmen erklärt.";https://hasimuener.de/server-side-tracking-gtm/hasim/;1;0;2227;0
90;2026-06-25;2026-09-22;2026-03-27;2026-06-24;query_page;previous_only;https://hasimuener.de/server-side-tracking-gtm/;"sgtm implementierung";0;0;;;0;1;0,0000;20,00;0;-1;;13426;"Server-Side Tracking mit GTM: Setup, Consent und saubere Messketten";post;"Server-Side Tracking mit GTM | Setup, DSGVO &amp; Vorteile";"Server-Side Tracking gibt Ihnen die volle Kontrolle über Ihre Marketingdaten. Setup, DSGVO-Konformität &amp; messbare Vorteile für B2B-Unternehmen erklärt.";https://hasimuener.de/server-side-tracking-gtm/hasim/;1;0;2227;0
90;2026-06-25;2026-09-22;2026-03-27;2026-06-24;query_page;previous_only;https://hasimuener.de/solar-leads-kaufen-alternative/;"leads für wärmepumpen";0;0;;;0;1;0,0000;46,00;0;-1;;15197;"Solar Leads kaufen – Alternative: eigenes Anfrage-System";page;"Photovoltaik & Solar Leads kaufen? Alternative ohne Portale";"Photovoltaik-, PV- oder Solar-Leads kaufen — oder eigene Anfragen aufbauen? Portal-Leads gehen an mehrere Betriebe. Case Study: über 85 % niedrigerer CPL.";https://hasimuener.de/solar-leads-kaufen-alternative/;1;0;1149;0
90;2026-06-25;2026-09-22;2026-03-27;2026-06-24;query_page;previous_only;https://hasimuener.de/solar-leads-kaufen-alternative/;"qualifizierte energie leads";0;0;;;0;1;0,0000;45,00;0;-1;;15197;"Solar Leads kaufen – Alternative: eigenes Anfrage-System";page;"Photovoltaik & Solar Leads kaufen? Alternative ohne Portale";"Photovoltaik-, PV- oder Solar-Leads kaufen — oder eigene Anfragen aufbauen? Portal-Leads gehen an mehrere Betriebe. Case Study: über 85 % niedrigerer CPL.";https://hasimuener.de/solar-leads-kaufen-alternative/;1;0;1149;0
90;2026-06-25;2026-09-22;2026-03-27;2026-06-24;query_page;previous_only;https://hasimuener.de/solar-leads-kaufen-alternative/;"solar power leads";0;0;;;0;1;0,0000;60,00;0;-1;;15197;"Solar Leads kaufen – Alternative: eigenes Anfrage-System";page;"Photovoltaik & Solar Leads kaufen? Alternative ohne Portale";"Photovoltaik-, PV- oder Solar-Leads kaufen — oder eigene Anfragen aufbauen? Portal-Leads gehen an mehrere Betriebe. Case Study: über 85 % niedrigerer CPL.";https://hasimuener.de/solar-leads-kaufen-alternative/;1;0;1149;0
90;2026-06-25;2026-09-22;2026-03-27;2026-06-24;query_page;previous_only;https://hasimuener.de/solar-waermepumpen-leadgenerierung/;"einfachsolar portal";0;0;;;0;1;0,0000;83,00;0;-1;;15048;"Leadgenerierung für Solar- und Wärmepumpen-Anbieter";page;"Photovoltaik-Anfragen selbst generieren statt Leads kaufen";"Eigenes Anfragesystem für Photovoltaik und Wärmepumpe: Anfragen auf Ihrer Domain, vorqualifiziert, serverseitig gemessen. Aufbau ab 14.900 €, Einstieg ab 790 €.";https://hasimuener.de/solar-waermepumpen-leadgenerierung/;1;0;2830;0
90;2026-06-25;2026-09-22;2026-03-27;2026-06-24;query_page;previous_only;https://hasimuener.de/solar-waermepumpen-leadgenerierung/;"leadgenerator solar";0;0;;;0;1;0,0000;54,00;0;-1;;15048;"Leadgenerierung für Solar- und Wärmepumpen-Anbieter";page;"Photovoltaik-Anfragen selbst generieren statt Leads kaufen";"Eigenes Anfragesystem für Photovoltaik und Wärmepumpe: Anfragen auf Ihrer Domain, vorqualifiziert, serverseitig gemessen. Aufbau ab 14.900 €, Einstieg ab 790 €.";https://hasimuener.de/solar-waermepumpen-leadgenerierung/;1;0;2830;0
90;2026-06-25;2026-09-22;2026-03-27;2026-06-24;query_page;previous_only;https://hasimuener.de/solar-waermepumpen-leadgenerierung/;"leadgenerierung dachdeckerei";0;0;;;0;4;0,0000;40,50;0;-4;;15048;"Leadgenerierung für Solar- und Wärmepumpen-Anbieter";page;"Photovoltaik-Anfragen selbst generieren statt Leads kaufen";"Eigenes Anfragesystem für Photovoltaik und Wärmepumpe: Anfragen auf Ihrer Domain, vorqualifiziert, serverseitig gemessen. Aufbau ab 14.900 €, Einstieg ab 790 €.";https://hasimuener.de/solar-waermepumpen-leadgenerierung/;1;0;2830;0
90;2026-06-25;2026-09-22;2026-03-27;2026-06-24;query_page;previous_only;https://hasimuener.de/solar-waermepumpen-leadgenerierung/;"leadgenerierung photovoltaik";0;0;;;0;31;0,0000;56,16;0;-31;;15048;"Leadgenerierung für Solar- und Wärmepumpen-Anbieter";page;"Photovoltaik-Anfragen selbst generieren statt Leads kaufen";"Eigenes Anfragesystem für Photovoltaik und Wärmepumpe: Anfragen auf Ihrer Domain, vorqualifiziert, serverseitig gemessen. Aufbau ab 14.900 €, Einstieg ab 790 €.";https://hasimuener.de/solar-waermepumpen-leadgenerierung/;1;0;2830;0
90;2026-06-25;2026-09-22;2026-03-27;2026-06-24;query_page;previous_only;https://hasimuener.de/solar-waermepumpen-leadgenerierung/;"leadgenerierung solar";0;0;;;0;3;0,0000;42,67;0;-3;;15048;"Leadgenerierung für Solar- und Wärmepumpen-Anbieter";page;"Photovoltaik-Anfragen selbst generieren statt Leads kaufen";"Eigenes Anfragesystem für Photovoltaik und Wärmepumpe: Anfragen auf Ihrer Domain, vorqualifiziert, serverseitig gemessen. Aufbau ab 14.900 €, Einstieg ab 790 €.";https://hasimuener.de/solar-waermepumpen-leadgenerierung/;1;0;2830;0
90;2026-06-25;2026-09-22;2026-03-27;2026-06-24;query_page;previous_only;https://hasimuener.de/uber-mich/;pattensen;0;0;;;0;1;0,0000;1,00;0;-1;;0;"Legacy Redirect";legacy_redirect;;;https://hasimuener.de/hasim-uener/;0;0;0;0
90;2026-06-25;2026-09-22;2026-03-27;2026-06-24;query_page;previous_only;https://hasimuener.de/wgos-assets/cwv-speed-audit/;"cwv optimierung";0;0;;;0;10;0,0000;46,20;0;-10;;14842;"CWV Speed Audit";wgos_asset;"CWV Speed Audit - WGOS Asset | Haşim Üner";"CWV Speed Audit für WordPress: Ladezeitbremsen finden, Prioritäten setzen und die Basis für Rankings und Conversion stärken.";https://hasimuener.de/wgos-assets/cwv-speed-audit/;0;1;454;0
90;2026-06-25;2026-09-22;2026-03-27;2026-06-24;query_page;previous_only;https://hasimuener.de/wordpress-agentur-hannover/;"website sicherheit agentur hannover";0;0;;;0;2;0,0000;71,50;0;-2;;10777;"WordPress Agentur Hannover";page;"WordPress Agentur Hannover: SEO, Tracking & CRO";"WordPress Agentur Hannover für messbare B2B-Anfragen: technisches SEO, Server-Side Tracking, CRO. Erst Projektprüfung, dann Umsetzung. CPL-Case: 150 € → 22 €.";https://hasimuener.de/wordpress-agentur-hannover/;1;0;632;0
90;2026-06-25;2026-09-22;2026-03-27;2026-06-24;query_page;previous_only;https://hasimuener.de/wordpress-agentur-hannover/;"wordpress agentur b2b";0;0;;;0;5;0,0000;49,80;0;-5;;10777;"WordPress Agentur Hannover";page;"WordPress Agentur Hannover: SEO, Tracking & CRO";"WordPress Agentur Hannover für messbare B2B-Anfragen: technisches SEO, Server-Side Tracking, CRO. Erst Projektprüfung, dann Umsetzung. CPL-Case: 150 € → 22 €.";https://hasimuener.de/wordpress-agentur-hannover/;1;0;632;0
90;2026-06-25;2026-09-22;2026-03-27;2026-06-24;query_page;previous_only;https://hasimuener.de/wordpress-agentur-hannover/;"wordpress agentur wunstorf";0;0;;;0;8;0,0000;45,25;0;-8;;10777;"WordPress Agentur Hannover";page;"WordPress Agentur Hannover: SEO, Tracking & CRO";"WordPress Agentur Hannover für messbare B2B-Anfragen: technisches SEO, Server-Side Tracking, CRO. Erst Projektprüfung, dann Umsetzung. CPL-Case: 150 € → 22 €.";https://hasimuener.de/wordpress-agentur-hannover/;1;0;632;0
90;2026-06-25;2026-09-22;2026-03-27;2026-06-24;query_page;previous_only;https://hasimuener.de/wordpress-agentur-hannover/;"wordpress für erklärungsbedürftige leistungen";0;0;;;0;14;0,0000;71,64;0;-14;;10777;"WordPress Agentur Hannover";page;"WordPress Agentur Hannover: SEO, Tracking & CRO";"WordPress Agentur Hannover für messbare B2B-Anfragen: technisches SEO, Server-Side Tracking, CRO. Erst Projektprüfung, dann Umsetzung. CPL-Case: 150 € → 22 €.";https://hasimuener.de/wordpress-agentur-hannover/;1;0;632;0
90;2026-06-25;2026-09-22;2026-03-27;2026-06-24;query_page;previous_only;https://hasimuener.de/wordpress-agentur-hannover/;"wordpress schulung hannover";0;0;;;0;10;0,0000;63,30;0;-10;;10777;"WordPress Agentur Hannover";page;"WordPress Agentur Hannover: SEO, Tracking & CRO";"WordPress Agentur Hannover für messbare B2B-Anfragen: technisches SEO, Server-Side Tracking, CRO. Erst Projektprüfung, dann Umsetzung. CPL-Case: 150 € → 22 €.";https://hasimuener.de/wordpress-agentur-hannover/;1;0;632;0
90;2026-06-25;2026-09-22;2026-03-27;2026-06-24;query_page;previous_only;https://hasimuener.de/wordpress-agentur-hannover/;"wordpress webdesign hannover";0;0;;;0;1;0,0000;73,00;0;-1;;10777;"WordPress Agentur Hannover";page;"WordPress Agentur Hannover: SEO, Tracking & CRO";"WordPress Agentur Hannover für messbare B2B-Anfragen: technisches SEO, Server-Side Tracking, CRO. Erst Projektprüfung, dann Umsetzung. CPL-Case: 150 € → 22 €.";https://hasimuener.de/wordpress-agentur-hannover/;1;0;632;0
90;2026-06-25;2026-09-22;2026-03-27;2026-06-24;query_page;previous_only;https://hasimuener.de/wordpress-agentur-hannover/;"wordpress website erstellen hannover";0;0;;;0;2;0,0000;52,00;0;-2;;10777;"WordPress Agentur Hannover";page;"WordPress Agentur Hannover: SEO, Tracking & CRO";"WordPress Agentur Hannover für messbare B2B-Anfragen: technisches SEO, Server-Side Tracking, CRO. Erst Projektprüfung, dann Umsetzung. CPL-Case: 150 € → 22 €.";https://hasimuener.de/wordpress-agentur-hannover/;1;0;632;0
90;2026-06-25;2026-09-22;2026-03-27;2026-06-24;query_page;previous_only;https://hasimuener.de/wordpress-seo-hannover/;"agentur wordpress hannover";0;0;;;0;1;0,0000;53,00;0;-1;;13035;"WordPress SEO Hannover";page;"WordPress SEO Hannover für B2B | Technisches SEO & Audit";"WordPress SEO in Hannover fuer B2B: technisches SEO, interne Verlinkung und priorisierte Fixes fuer kaufnahe Seiten. Growth Audit mit Rueckmeldung in 48h.";https://hasimuener.de/?page_id=13035;0;1;616;0
90;2026-06-25;2026-09-22;2026-03-27;2026-06-24;query_page;previous_only;https://hasimuener.de/wordpress-seo-hannover/;"local seo hannover";0;0;;;0;3;0,0000;73,33;0;-3;;13035;"WordPress SEO Hannover";page;"WordPress SEO Hannover für B2B | Technisches SEO & Audit";"WordPress SEO in Hannover fuer B2B: technisches SEO, interne Verlinkung und priorisierte Fixes fuer kaufnahe Seiten. Growth Audit mit Rueckmeldung in 48h.";https://hasimuener.de/?page_id=13035;0;1;616;0
90;2026-06-25;2026-09-22;2026-03-27;2026-06-24;query_page;previous_only;https://hasimuener.de/wordpress-seo-hannover/;"lokale suchmaschinenoptimierung hannover";0;0;;;0;4;0,0000;81,75;0;-4;;13035;"WordPress SEO Hannover";page;"WordPress SEO Hannover für B2B | Technisches SEO & Audit";"WordPress SEO in Hannover fuer B2B: technisches SEO, interne Verlinkung und priorisierte Fixes fuer kaufnahe Seiten. Growth Audit mit Rueckmeldung in 48h.";https://hasimuener.de/?page_id=13035;0;1;616;0
90;2026-06-25;2026-09-22;2026-03-27;2026-06-24;query_page;previous_only;https://hasimuener.de/wordpress-seo-hannover/;"lokales seo hannover";0;0;;;0;3;0,0000;78,67;0;-3;;13035;"WordPress SEO Hannover";page;"WordPress SEO Hannover für B2B | Technisches SEO & Audit";"WordPress SEO in Hannover fuer B2B: technisches SEO, interne Verlinkung und priorisierte Fixes fuer kaufnahe Seiten. Growth Audit mit Rueckmeldung in 48h.";https://hasimuener.de/?page_id=13035;0;1;616;0
90;2026-06-25;2026-09-22;2026-03-27;2026-06-24;query_page;previous_only;https://hasimuener.de/wordpress-seo-hannover/;"seo consulting hannover";0;0;;;0;1;0,0000;86,00;0;-1;;13035;"WordPress SEO Hannover";page;"WordPress SEO Hannover für B2B | Technisches SEO & Audit";"WordPress SEO in Hannover fuer B2B: technisches SEO, interne Verlinkung und priorisierte Fixes fuer kaufnahe Seiten. Growth Audit mit Rueckmeldung in 48h.";https://hasimuener.de/?page_id=13035;0;1;616;0
90;2026-06-25;2026-09-22;2026-03-27;2026-06-24;query_page;previous_only;https://hasimuener.de/wordpress-seo-hannover/;"seo optimierung hannover";0;0;;;0;6;0,0000;85,83;0;-6;;13035;"WordPress SEO Hannover";page;"WordPress SEO Hannover für B2B | Technisches SEO & Audit";"WordPress SEO in Hannover fuer B2B: technisches SEO, interne Verlinkung und priorisierte Fixes fuer kaufnahe Seiten. Growth Audit mit Rueckmeldung in 48h.";https://hasimuener.de/?page_id=13035;0;1;616;0
90;2026-06-25;2026-09-22;2026-03-27;2026-06-24;query_page;previous_only;https://hasimuener.de/wordpress-seo-hannover/;"seo strategien hannover";0;0;;;0;1;0,0000;89,00;0;-1;;13035;"WordPress SEO Hannover";page;"WordPress SEO Hannover für B2B | Technisches SEO & Audit";"WordPress SEO in Hannover fuer B2B: technisches SEO, interne Verlinkung und priorisierte Fixes fuer kaufnahe Seiten. Growth Audit mit Rueckmeldung in 48h.";https://hasimuener.de/?page_id=13035;0;1;616;0
90;2026-06-25;2026-09-22;2026-03-27;2026-06-24;query_page;previous_only;https://hasimuener.de/wordpress-seo-hannover/;"woocommerce agentur hannover";0;0;;;0;35;0,0000;49,77;0;-35;;13035;"WordPress SEO Hannover";page;"WordPress SEO Hannover für B2B | Technisches SEO & Audit";"WordPress SEO in Hannover fuer B2B: technisches SEO, interne Verlinkung und priorisierte Fixes fuer kaufnahe Seiten. Growth Audit mit Rueckmeldung in 48h.";https://hasimuener.de/?page_id=13035;0;1;616;1
90;2026-06-25;2026-09-22;2026-03-27;2026-06-24;query_page;previous_only;https://hasimuener.de/wordpress-seo-hannover/;"wordpress agentur hannover";0;0;;;0;61;0,0000;54,03;0;-61;;13035;"WordPress SEO Hannover";page;"WordPress SEO Hannover für B2B | Technisches SEO & Audit";"WordPress SEO in Hannover fuer B2B: technisches SEO, interne Verlinkung und priorisierte Fixes fuer kaufnahe Seiten. Growth Audit mit Rueckmeldung in 48h.";https://hasimuener.de/?page_id=13035;0;1;616;0
90;2026-06-25;2026-09-22;2026-03-27;2026-06-24;query_page;previous_only;https://hasimuener.de/wordpress-seo-hannover/;"wordpress agenturen hannover";0;0;;;0;1;0,0000;58,00;0;-1;;13035;"WordPress SEO Hannover";page;"WordPress SEO Hannover für B2B | Technisches SEO & Audit";"WordPress SEO in Hannover fuer B2B: technisches SEO, interne Verlinkung und priorisierte Fixes fuer kaufnahe Seiten. Growth Audit mit Rueckmeldung in 48h.";https://hasimuener.de/?page_id=13035;0;1;616;0
90;2026-06-25;2026-09-22;2026-03-27;2026-06-24;query_page;previous_only;https://hasimuener.de/wordpress-seo-hannover/;"wordpress hannover";0;0;;;0;17;0,0000;71,41;0;-17;;13035;"WordPress SEO Hannover";page;"WordPress SEO Hannover für B2B | Technisches SEO & Audit";"WordPress SEO in Hannover fuer B2B: technisches SEO, interne Verlinkung und priorisierte Fixes fuer kaufnahe Seiten. Growth Audit mit Rueckmeldung in 48h.";https://hasimuener.de/?page_id=13035;0;1;616;0
90;2026-06-25;2026-09-22;2026-03-27;2026-06-24;query_page;previous_only;https://hasimuener.de/wordpress-seo-hannover/;"wordpress seo";0;0;;;0;1;0,0000;83,00;0;-1;;13035;"WordPress SEO Hannover";page;"WordPress SEO Hannover für B2B | Technisches SEO & Audit";"WordPress SEO in Hannover fuer B2B: technisches SEO, interne Verlinkung und priorisierte Fixes fuer kaufnahe Seiten. Growth Audit mit Rueckmeldung in 48h.";https://hasimuener.de/?page_id=13035;0;1;616;0
90;2026-06-25;2026-09-22;2026-03-27;2026-06-24;query_page;previous_only;https://hasimuener.de/wordpress-seo-hannover/;"wordpress seo hannover";0;0;;;0;11;0,0000;24,73;0;-11;;13035;"WordPress SEO Hannover";page;"WordPress SEO Hannover für B2B | Technisches SEO & Audit";"WordPress SEO in Hannover fuer B2B: technisches SEO, interne Verlinkung und priorisierte Fixes fuer kaufnahe Seiten. Growth Audit mit Rueckmeldung in 48h.";https://hasimuener.de/?page_id=13035;0;1;616;0
90;2026-06-25;2026-09-22;2026-03-27;2026-06-24;query_page;previous_only;https://hasimuener.de/wordpress-seo-hannover/;"wordpress suchmaschinenoptimierung hannover";0;0;;;0;2;0,0000;35,00;0;-2;;13035;"WordPress SEO Hannover";page;"WordPress SEO Hannover für B2B | Technisches SEO & Audit";"WordPress SEO in Hannover fuer B2B: technisches SEO, interne Verlinkung und priorisierte Fixes fuer kaufnahe Seiten. Growth Audit mit Rueckmeldung in 48h.";https://hasimuener.de/?page_id=13035;0;1;616;0
90;2026-06-25;2026-09-22;2026-03-27;2026-06-24;query_page;previous_only;https://hasimuener.de/wordpress-seo-hannover/;"wordpress website hannover";0;0;;;0;1;0,0000;79,00;0;-1;;13035;"WordPress SEO Hannover";page;"WordPress SEO Hannover für B2B | Technisches SEO & Audit";"WordPress SEO in Hannover fuer B2B: technisches SEO, interne Verlinkung und priorisierte Fixes fuer kaufnahe Seiten. Growth Audit mit Rueckmeldung in 48h.";https://hasimuener.de/?page_id=13035;0;1;616;0
90;2026-06-25;2026-09-22;2026-03-27;2026-06-24;query_page;previous_only;https://hasimuener.de/wordpress-wartung-hannover/;"wordpress seo hannover";0;0;;;0;2;0,0000;27,50;0;-2;;10899;"WordPress Wartung Hannover";page;"WordPress Wartung Hannover | Betrieb, Updates und Sicherheit";"WordPress Wartung in Hannover als Teil des WGOS-Fundaments: Updates, Sicherheit, Backups, Performance und stabile Betriebsroutinen für B2B-Websites.";https://hasimuener.de/?page_id=10899;0;1;454;0
90;2026-06-25;2026-09-22;2026-03-27;2026-06-24;query_page;previous_only;https://hasimuener.de/wordpress-wartung-hannover/;"wordpress wartung";0;0;;;0;1;0,0000;65,00;0;-1;;10899;"WordPress Wartung Hannover";page;"WordPress Wartung Hannover | Betrieb, Updates und Sicherheit";"WordPress Wartung in Hannover als Teil des WGOS-Fundaments: Updates, Sicherheit, Backups, Performance und stabile Betriebsroutinen für B2B-Websites.";https://hasimuener.de/?page_id=10899;0;1;454;0
90;2026-06-25;2026-09-22;2026-03-27;2026-06-24;query_page;previous_only;https://hasimuener.de/wordpress-wartung-hannover/;"wordpress wartung erlangen";0;0;;;0;16;0,0000;74,44;0;-16;;10899;"WordPress Wartung Hannover";page;"WordPress Wartung Hannover | Betrieb, Updates und Sicherheit";"WordPress Wartung in Hannover als Teil des WGOS-Fundaments: Updates, Sicherheit, Backups, Performance und stabile Betriebsroutinen für B2B-Websites.";https://hasimuener.de/?page_id=10899;0;1;454;0
90;2026-06-25;2026-09-22;2026-03-27;2026-06-24;query_page;previous_only;https://hasimuener.de/wordpress-wartung-hannover/;"wordpress wartung hameln";0;0;;;0;12;0,0000;12,08;0;-12;;10899;"WordPress Wartung Hannover";page;"WordPress Wartung Hannover | Betrieb, Updates und Sicherheit";"WordPress Wartung in Hannover als Teil des WGOS-Fundaments: Updates, Sicherheit, Backups, Performance und stabile Betriebsroutinen für B2B-Websites.";https://hasimuener.de/?page_id=10899;0;1;454;0
90;2026-06-25;2026-09-22;2026-03-27;2026-06-24;query_page;previous_only;https://hasimuener.de/wordpress-wartung-hannover/;"wordpress wartung hannover";0;0;;;0;10;0,0000;7,80;0;-10;;10899;"WordPress Wartung Hannover";page;"WordPress Wartung Hannover | Betrieb, Updates und Sicherheit";"WordPress Wartung in Hannover als Teil des WGOS-Fundaments: Updates, Sicherheit, Backups, Performance und stabile Betriebsroutinen für B2B-Websites.";https://hasimuener.de/?page_id=10899;0;1;454;0
90;2026-06-25;2026-09-22;2026-03-27;2026-06-24;query_page;previous_only;https://hasimuener.de/wordpress-wartung-hannover/;"wordpress wartungsvertrag hannover";0;0;;;0;9;0,0000;2,78;0;-9;;10899;"WordPress Wartung Hannover";page;"WordPress Wartung Hannover | Betrieb, Updates und Sicherheit";"WordPress Wartung in Hannover als Teil des WGOS-Fundaments: Updates, Sicherheit, Backups, Performance und stabile Betriebsroutinen für B2B-Websites.";https://hasimuener.de/?page_id=10899;0;1;454;0
90;2026-06-25;2026-09-22;2026-03-27;2026-06-24;page_total;current_only;https://hasimuener.de/checkfox-solar-waermepumpe-einordnung/;;21;2898;0,0072;7,96;0;0;;;21;2898;;15276;"Checkfox für Solar- und Wärmepumpen-Betriebe: Seriosität, Mechanik und Markteinordnung";post;"Checkfox seriös? Erfahrungen & Kosten für Solar-Betriebe";"Ist Checkfox seriös? Unabhängige Einordnung für Solar- & Wärmepumpen-Betriebe: Portal-Mechanik, Kosten-Logik und die Alternative zu gekauften Leads.";https://hasimuener.de/checkfox-solar-waermepumpe-einordnung/hasim/;1;0;703;0
90;2026-06-25;2026-09-22;2026-03-27;2026-06-24;page_total;both;https://hasimuener.de/;;8;158;0,0506;4,63;9;163;0,0552;6,49;-1;-5;-1,86;11953;"WordPress-Architektur &amp; Performance Marketing (B2B) · Hannover &amp; DACH";front_page;"WordPress Freelancer für Unternehmen | Haşim Üner, Hannover";"WordPress-Websites, technisches SEO und Tracking bis ins CRM. Direkt vom Entwickler aus Pattensen bei Hannover, Projekte ab 3.400 € netto.";https://hasimuener.de/;1;0;1611;0
90;2026-06-25;2026-09-22;2026-03-27;2026-06-24;page_total;both;https://hasimuener.de/b2b-solar-leads/;;7;1283;0,0055;40,74;1;306;0,0033;35,01;6;977;5,73;15199;"B2B Solar Leads – gewerbliche Photovoltaik-Anfrage-Systeme";page;"PV-Termine B2B: qualifizierte Gewerbe-PV-Anfragen";"PV-Termine B2B für Gewerbe-PV: Projektwert, Technik und Buying-Center vorqualifizieren. Eigener Anfrageweg statt Termine ohne Projektsubstanz.";https://hasimuener.de/b2b-solar-leads/;1;0;1423;0
90;2026-06-25;2026-09-22;2026-03-27;2026-06-24;page_total;current_only;https://hasimuener.de/aroundhome-solar-einordnung/;;4;433;0,0092;8,83;0;0;;;4;433;;15206;"Aroundhome Erfahrungen für Handwerker: Kosten und Einordnung des Vergleichsportal-Modells";post;"Aroundhome Kosten für Handwerker: Lohnt sich das?";"Was kostet Aroundhome für Handwerker? Rechnen Sie Kosten pro Auftrag mit eigenen Zahlen und prüfen Sie Vertrag, Erfahrungen und Portal-Fit.";https://hasimuener.de/aroundhome-solar-einordnung/hasim/;1;0;1083;0
90;2026-06-25;2026-09-22;2026-03-27;2026-06-24;page_total;current_only;https://hasimuener.de/waermepumpen-leads/;;3;314;0,0096;22,30;0;0;;;3;314;;15272;"Wärmepumpen Leads – Alternative: eigenes Anfrage-System";page;"Wärmepumpen Leads kaufen? Alternative ohne Portale";"Wärmepumpen-Leads kaufen oder eigene Anfragen aufbauen? Portal-Leads gehen an mehrere Betriebe und schließen selten ab. Case Study: über 85 % weniger CPL.";https://hasimuener.de/waermepumpen-leads/;1;0;1153;0
90;2026-06-25;2026-09-22;2026-03-27;2026-06-24;page_total;both;https://hasimuener.de/performance-marketing/;;2;12;0,1667;5,17;0;1;0,0000;4,00;2;11;1,17;13125;"Performance Marketing";page;"Performance Marketing im WGOS | Haşim Üner";"Performance Marketing als WGOS-Aktivierungslayer: erst Tracking, Technik und Landing Page, dann Reichweite mit sauberer Priorisierung.";https://hasimuener.de/performance-marketing/;1;0;368;0
90;2026-06-25;2026-09-22;2026-03-27;2026-06-24;page_total;both;https://hasimuener.de/cost-per-lead-photovoltaik/;;1;23;0,0435;7,00;2;30;0,0667;5,83;-1;-7;1,17;15204;"Cost per Lead Photovoltaik – Was Solar-Anfragen wirklich kosten";page;"Cost per Lead Photovoltaik: Was Solar-Anfragen wirklich kosten";"CPL-Rechnung für Photovoltaik- und Wärmepumpen-Anbieter: Portal-Leads vs. eigenes System. Case Study: über 85 % weniger Kosten pro Anfrage in 6 Monaten.";https://hasimuener.de/cost-per-lead-photovoltaik/;1;0;757;0
90;2026-06-25;2026-09-22;2026-03-27;2026-06-24;page_total;both;https://hasimuener.de/design-ist-mehr-als-aesthetik/;;1;70;0,0143;11,77;1;40;0,0250;9,90;0;30;1,87;13492;"Design ist kein Geschmack. Es ist Architektur.";post;"Design ist mehr als Ästhetik – Bedeutung, Wirkung & Praxis";"Warum Design Erwartungen, Verhalten und Vertrauen prägt – digital wie physisch. Geschichte, Psychologie, Semiotik, Ethik & Business-Impact.";https://hasimuener.de/design-ist-mehr-als-aesthetik/hasim/;1;0;2161;0
90;2026-06-25;2026-09-22;2026-03-27;2026-06-24;page_total;both;https://hasimuener.de/kontakt/;;1;56;0,0179;5,70;0;60;0,0000;4,00;1;-4;1,70;3660;Kontakt;page;"Kontakt & Projektanfrage | Haşim Üner";"Projekt oder Frage kurz einordnen: ein Formular, händisch geprüfte Rückmeldung innerhalb von 24 Stunden werktags. Kein Pflicht-Call, kein Vertriebsteam.";https://hasimuener.de/kontakt/;1;0;242;0
90;2026-06-25;2026-09-22;2026-03-27;2026-06-24;page_total;both;https://hasimuener.de/solar-leads-kaufen-alternative/;;1;269;0,0037;31,44;0;165;0,0000;19,95;1;104;11,50;15197;"Solar Leads kaufen – Alternative: eigenes Anfrage-System";page;"Photovoltaik & Solar Leads kaufen? Alternative ohne Portale";"Photovoltaik-, PV- oder Solar-Leads kaufen — oder eigene Anfragen aufbauen? Portal-Leads gehen an mehrere Betriebe. Case Study: über 85 % niedrigerer CPL.";https://hasimuener.de/solar-leads-kaufen-alternative/;1;0;1149;0
90;2026-06-25;2026-09-22;2026-03-27;2026-06-24;page_total;both;https://hasimuener.de/solar-leads-kosten-studie/;;1;182;0,0055;9,68;0;95;0,0000;8,31;1;87;1,37;15255;"Was kosten Solar-Leads? Marktstudie DACH";page;"Solar-Leads Kosten 2026: CPL, CPO & Portal-Vergleich";"Was kosten Solar-Leads wirklich? Marktstudie mit Photovoltaik- und Wärmepumpen-CPL, Cost-per-Order, Portal-Modellen, Methodik und Case-Study-Benchmark.";https://hasimuener.de/solar-leads-kosten-studie/;1;0;915;0
90;2026-06-25;2026-09-22;2026-03-27;2026-06-24;page_total;both;https://hasimuener.de/uber-mich/;;1;94;0,0106;5,26;0;68;0,0000;4,85;1;26;0,40;0;"Legacy Redirect";legacy_redirect;;;https://hasimuener.de/hasim-uener/;0;0;0;0
90;2026-06-25;2026-09-22;2026-03-27;2026-06-24;page_total;current_only;https://hasimuener.de/whitelabel-retainer/;;1;47;0,0213;37,40;0;0;;;1;47;;14885;"Whitelabel &amp; Retainer";page;"White-Label für Agenturen: WordPress, SEO, Tracking";"White-Label für Agenturen: WordPress-Umsetzung, technisches SEO und die vollständige Messkette aus einer Hand. Einstieg über ein Erstprojekt mit fixem Scope und Festpreis.";https://hasimuener.de/whitelabel-retainer/;1;0;1316;0
90;2026-06-25;2026-09-22;2026-03-27;2026-06-24;page_total;both;https://hasimuener.de/wordpress-agentur-hannover/;;1;1157;0,0009;29,12;1;1481;0,0007;29,35;0;-324;-0,23;10777;"WordPress Agentur Hannover";page;"WordPress Agentur Hannover: SEO, Tracking & CRO";"WordPress Agentur Hannover für messbare B2B-Anfragen: technisches SEO, Server-Side Tracking, CRO. Erst Projektprüfung, dann Umsetzung. CPL-Case: 150 € → 22 €.";https://hasimuener.de/wordpress-agentur-hannover/;1;0;632;0
90;2026-06-25;2026-09-22;2026-03-27;2026-06-24;page_total;current_only;https://hasimuener.de/blog/;;0;13;0,0000;6,00;0;0;;;0;13;;12687;Blog;blog_index;"Blog: WordPress, Tracking, SEO & Conversion | Haşim Üner";"Analysen zu WordPress, technischem SEO, Tracking, Conversion und Performance. Dazu Praxiswissen zu Anfragesystemen für Solar und Wärmepumpe.";https://hasimuener.de/blog/;1;0;716;0
90;2026-06-25;2026-09-22;2026-03-27;2026-06-24;page_total;current_only;https://hasimuener.de/category/markteinordnung/;;0;5;0,0000;5,20;0;0;;;0;5;;0;;;;;;0;0;0;0
90;2026-06-25;2026-09-22;2026-03-27;2026-06-24;page_total;current_only;https://hasimuener.de/category/solar-waermepumpen-anfrage-systeme/;;0;9;0,0000;6,33;0;0;;;0;9;;0;;;;;;0;0;0;0
90;2026-06-25;2026-09-22;2026-03-27;2026-06-24;page_total;current_only;https://hasimuener.de/checkfox-solar-waermepumpe-einordnung/hasim/;;0;77;0,0000;7,43;0;0;;;0;77;;15276;"Checkfox für Solar- und Wärmepumpen-Betriebe: Seriosität, Mechanik und Markteinordnung";post;"Checkfox seriös? Erfahrungen & Kosten für Solar-Betriebe";"Ist Checkfox seriös? Unabhängige Einordnung für Solar- & Wärmepumpen-Betriebe: Portal-Mechanik, Kosten-Logik und die Alternative zu gekauften Leads.";https://hasimuener.de/checkfox-solar-waermepumpe-einordnung/hasim/;1;0;703;0
90;2026-06-25;2026-09-22;2026-03-27;2026-06-24;page_total;current_only;https://hasimuener.de/checkfox-solar-waermepumpe-einordnung/hasim/#hu-cpo-portal-1-title;;0;1;0,0000;11,00;0;0;;;0;1;;15276;"Checkfox für Solar- und Wärmepumpen-Betriebe: Seriosität, Mechanik und Markteinordnung";post;"Checkfox seriös? Erfahrungen & Kosten für Solar-Betriebe";"Ist Checkfox seriös? Unabhängige Einordnung für Solar- & Wärmepumpen-Betriebe: Portal-Mechanik, Kosten-Logik und die Alternative zu gekauften Leads.";https://hasimuener.de/checkfox-solar-waermepumpe-einordnung/hasim/;1;0;703;0
90;2026-06-25;2026-09-22;2026-03-27;2026-06-24;page_total;current_only;https://hasimuener.de/checkfox-solar-waermepumpe-einordnung/hasim/#section-0;;0;1;0,0000;11,00;0;0;;;0;1;;15276;"Checkfox für Solar- und Wärmepumpen-Betriebe: Seriosität, Mechanik und Markteinordnung";post;"Checkfox seriös? Erfahrungen & Kosten für Solar-Betriebe";"Ist Checkfox seriös? Unabhängige Einordnung für Solar- & Wärmepumpen-Betriebe: Portal-Mechanik, Kosten-Logik und die Alternative zu gekauften Leads.";https://hasimuener.de/checkfox-solar-waermepumpe-einordnung/hasim/;1;0;703;0
90;2026-06-25;2026-09-22;2026-03-27;2026-06-24;page_total;current_only;https://hasimuener.de/checkfox-solar-waermepumpe-einordnung/hasim/#section-1;;0;1;0,0000;11,00;0;0;;;0;1;;15276;"Checkfox für Solar- und Wärmepumpen-Betriebe: Seriosität, Mechanik und Markteinordnung";post;"Checkfox seriös? Erfahrungen & Kosten für Solar-Betriebe";"Ist Checkfox seriös? Unabhängige Einordnung für Solar- & Wärmepumpen-Betriebe: Portal-Mechanik, Kosten-Logik und die Alternative zu gekauften Leads.";https://hasimuener.de/checkfox-solar-waermepumpe-einordnung/hasim/;1;0;703;0
90;2026-06-25;2026-09-22;2026-03-27;2026-06-24;page_total;current_only;https://hasimuener.de/checkfox-solar-waermepumpe-einordnung/hasim/#section-4;;0;1;0,0000;11,00;0;0;;;0;1;;15276;"Checkfox für Solar- und Wärmepumpen-Betriebe: Seriosität, Mechanik und Markteinordnung";post;"Checkfox seriös? Erfahrungen & Kosten für Solar-Betriebe";"Ist Checkfox seriös? Unabhängige Einordnung für Solar- & Wärmepumpen-Betriebe: Portal-Mechanik, Kosten-Logik und die Alternative zu gekauften Leads.";https://hasimuener.de/checkfox-solar-waermepumpe-einordnung/hasim/;1;0;703;0
90;2026-06-25;2026-09-22;2026-03-27;2026-06-24;page_total;both;https://hasimuener.de/core-web-vitals-wachstum-seo-und-roas/;;0;3;0,0000;6,00;0;46;0,0000;13,48;0;-43;-7,48;13414;"Performance ist Profit: Warum Core Web Vitals Wachstum, SEO und ROAS treiben";post;"Performance ist Profit: Warum Core Web Vitals Wachstum, SEO und ROAS treiben";"Core Web Vitals sind kein Technik-Detail, sondern ein Umsatzhebel: Schnellere Ladezeiten verbessern Rankings, Conversion und ROAS. So nutzen Sie Performance strategisch.""";https://hasimuener.de/core-web-vitals-wachstum-seo-und-roas/hasim/;1;0;824;0
90;2026-06-25;2026-09-22;2026-03-27;2026-06-24;page_total;current_only;https://hasimuener.de/daa-photovoltaik-leads-einordnung/;;0;23;0,0000;6,09;0;0;;;0;23;;15208;"DAA Photovoltaik Leads: Markteinordnung des Branchen-Portal-Modells";post;"DAA Leads: Erfahrungen, Kosten & Einordnung für Solarteure";"DAA Leads aus Solarteur-Sicht: Spezialisierung, Verteilungslogik, Kosten pro Auftrag und die Alternative durch eigene Anfrage-Systeme.";https://hasimuener.de/daa-photovoltaik-leads-einordnung/hasim/;1;0;683;0
90;2026-06-25;2026-09-22;2026-03-27;2026-06-24;page_total;both;https://hasimuener.de/e3-new-energy/;;0;34;0,0000;10,85;2;75;0,0267;12,64;-2;-41;-1,79;0;"Legacy Redirect";legacy_redirect;;;https://hasimuener.de/case-study-solar-leadgenerierung/;0;0;0;0
90;2026-06-25;2026-09-22;2026-03-27;2026-06-24;page_total;both;https://hasimuener.de/eigene-leadgenerierung-vs-portale/;;0;13;0,0000;6,69;0;14;0,0000;20,00;0;-1;-13,31;15200;"Eigene Leadgenerierung vs. Portal-Leads – Vergleich";page;"Portal-Leads vs. eigenes System: TCO-Vergleich Solar/SHK";"24-Monats-TCO: Portal-Leads (DAA, Aroundhome, Check24) vs. eigenes Anfragesystem. Case Study: über 85 % niedrigerer CPL in 6 Monaten.";https://hasimuener.de/eigene-leadgenerierung-vs-portale/;1;0;934;0
90;2026-06-25;2026-09-22;2026-03-27;2026-06-24;page_total;both;https://hasimuener.de/ergebnisse/;;0;28;0,0000;23,79;0;33;0,0000;4,06;0;-5;19,73;14883;Ergebnisse;page;"WordPress-Projekte & Ergebnisse | Haşim Üner";"WordPress-Arbeiten mit konkretem Umsetzungsumfang, eine technische Projektgeschichte, ein eingeordneter Solar-Fall und ein Übergabemuster für Agenturen.";https://hasimuener.de/ergebnisse/;0;1;1023;0
90;2026-06-25;2026-09-22;2026-03-27;2026-06-24;page_total;both;https://hasimuener.de/ga4-tracking-setup/;;0;10;0,0000;22,50;0;5;0,0000;39,80;0;5;-17,30;13183;"GA4 &amp; Tracking Setup: Die Wahrheit hinter Ihren Daten";page;"GA4 Tracking Setup | WGOS-Cluster von Haşim Üner";"GA4 Tracking Setup als WGOS-Cluster: Tracking Audit, Event-Blueprint, Consent und serverseitige Messung für belastbare Daten.";https://hasimuener.de/ga4-tracking-setup/;1;0;669;0
90;2026-06-25;2026-09-22;2026-03-27;2026-06-24;page_total;current_only;https://hasimuener.de/glossar/;;0;2;0,0000;1,50;0;0;;;0;2;;14954;Glossar;page;"Glossar fuer SEO, Tracking und CRO | Haşim Üner";"Glossar fuer SEO, Tracking, Performance und Conversion: definitorische Begriffe mit sauberer Bruecke zu den passenden Primary URLs.";https://hasimuener.de/glossar/;1;0;903;0
90;2026-06-25;2026-09-22;2026-03-27;2026-06-24;page_total;current_only;https://hasimuener.de/glossar/canonical-url/;;0;1;0,0000;37,00;0;0;;;0;1;;14959;"Canonical URL";glossary_term;"Canonical URL: Definition und typische Fehler | Haşim Üner";"Welche URL soll bei gleichen oder sehr ähnlichen Seiten bevorzugt werden? Verständlich erklärt mit Beispiel und typischen Fehlern.";https://hasimuener.de/glossar/canonical-url/;1;0;186;0
90;2026-06-25;2026-09-22;2026-03-27;2026-06-24;page_total;current_only;https://hasimuener.de/glossar/message-match/;;0;1;0,0000;5,00;0;0;;;0;1;;14961;"Message Match";glossary_term;"Message Match: Definition und Bedeutung für CRO | Haşim Üner";"Passt die Zielseite zu dem Versprechen, auf das jemand geklickt hat? Verständlich erklärt mit Beispiel und typischen Fehlern.";https://hasimuener.de/glossar/message-match/;1;0;171;0
90;2026-06-25;2026-09-22;2026-03-27;2026-06-24;page_total;current_only;https://hasimuener.de/hasim-uener/;;0;4;0,0000;2,50;0;0;;;0;4;;12033;"Über mich";page;"Über Haşim Üner | Arbeitsweise für B2B-Websites";"Ihre Website führt Gespräche, bei denen Sie nicht dabei sind. Wie Haşim Üner Websites baut, die gut kommunizieren und zeigen, was aus Anfragen wird.";https://hasimuener.de/hasim-uener/;1;0;783;0
90;2026-06-25;2026-09-22;2026-03-27;2026-06-24;page_total;both;https://hasimuener.de/kunden-gewinnen-solarteure/;;0;54;0,0000;26,83;0;36;0,0000;11,72;0;18;15,11;15202;"Kunden gewinnen für Solarteure – ohne Portal-Leads";page;"Kunden gewinnen für Solarteure – ohne Portal-Leads";"Wie Solarteure & Wärmepumpen-Anbieter systematisch Kunden gewinnen – ohne DAA, Aroundhome oder Check24. Case Study: über 85 % niedrigerer CPL.";https://hasimuener.de/kunden-gewinnen-solarteure/;1;0;828;0
90;2026-06-25;2026-09-22;2026-03-27;2026-06-24;page_total;both;https://hasimuener.de/lead-funnel-solar/;;0;64;0,0000;30,88;0;28;0,0000;19,71;0;36;11,16;15201;"Lead-Funnel Solar – Pillar-Page";page;"Lead-Funnel Solar & Wärmepumpe – Aufbau für B2B-Marketing";"Lead-Funnel-Architektur für Photovoltaik- und Wärmepumpen-Anbieter: vom Erstkontakt zur qualifizierten Anfrage. Vorqualifizierung, Lead-Scoring, CRM-Übergabe.";https://hasimuener.de/lead-funnel-solar/;1;0;675;0
90;2026-06-25;2026-09-22;2026-03-27;2026-06-24;page_total;current_only;https://hasimuener.de/leadfluss-pv-leads-einordnung/;;0;3;0,0000;3,67;0;0;;;0;3;;15209;"Leadfluss für Solarteure: Markteinordnung des regionalen Videomarketing-Modells";post;"Leadfluss PV-Leads: Markteinordnung";"Leadfluss PV-Leads: regionales Videomarketing, Eigenmarken-Effekt, Ownership-Frage und wirtschaftliche Einordnung.";https://hasimuener.de/leadfluss-pv-leads-einordnung/hasim/;1;0;587;0
90;2026-06-25;2026-09-22;2026-03-27;2026-06-24;page_total;current_only;https://hasimuener.de/leadfluss-pv-leads-einordnung/hasim/;;0;5;0,0000;11,20;0;0;;;0;5;;15209;"Leadfluss für Solarteure: Markteinordnung des regionalen Videomarketing-Modells";post;"Leadfluss PV-Leads: Markteinordnung";"Leadfluss PV-Leads: regionales Videomarketing, Eigenmarken-Effekt, Ownership-Frage und wirtschaftliche Einordnung.";https://hasimuener.de/leadfluss-pv-leads-einordnung/hasim/;1;0;587;0
90;2026-06-25;2026-09-22;2026-03-27;2026-06-24;page_total;current_only;https://hasimuener.de/owned-leads-statt-ad-miete/hasim/;;0;1;0,0000;3,00;0;0;;;0;1;;14614;"Die 150€-pro-Lead-Falle: Wie B2B-Unternehmen von Ad-Miete zu Owned Leads wechseln";post;"B2B Leads ohne Ads: Von Ad-Miete zu Owned Leads [2026]";"Von gemieteter Ad-Nachfrage zu eigenen Leads: Warum Owned-Lead-Infrastruktur B2B-Anbieter unabhängiger macht als Dauer-Budget bei Meta und Google Ads.";https://hasimuener.de/owned-leads-statt-ad-miete/hasim/;1;0;2434;0
90;2026-06-25;2026-09-22;2026-03-27;2026-06-24;page_total;both;https://hasimuener.de/photovoltaik-leads-kaufen-alternative/;;0;18;0,0000;5,89;0;67;0,0000;38,04;0;-49;-32,16;0;"Legacy Redirect";legacy_redirect;;;https://hasimuener.de/solar-waermepumpen-leadgenerierung/;0;0;0;0
90;2026-06-25;2026-09-22;2026-03-27;2026-06-24;page_total;both;https://hasimuener.de/qualifizierte-pv-anfragen/;;0;34;0,0000;29,76;0;15;0,0000;22,00;0;19;7,76;15205;"Qualifizierte PV-Anfragen – Vier Merkmale für hochwertige Leads";page;"Qualifizierte PV-Anfragen: 4 Merkmale guter Solar-Leads";"Vier Merkmale einer qualifizierten Photovoltaik-Anfrage: Intent, Exklusivität, Vorqualifizierung, Echtzeit — mit Praxisbezug aus einer Case Study.";https://hasimuener.de/qualifizierte-pv-anfragen/;1;0;738;0
90;2026-06-25;2026-09-22;2026-03-27;2026-06-24;page_total;both;https://hasimuener.de/server-side-tracking-b2b/;;0;608;0,0000;68,44;0;394;0,0000;63,11;0;214;5,32;15198;"Server-Side Tracking für B2B-Leadgenerierung";page;"Server-Side Tracking einrichten lassen | GA4, Ads & Consent";"Server-Side Tracking für GA4, Google Ads und Meta CAPI: geprüft, eingerichtet, parallel getestet und dokumentiert. Setup ab 1.290 € netto.";https://hasimuener.de/server-side-tracking-b2b/;1;0;2443;0
90;2026-06-25;2026-09-22;2026-03-27;2026-06-24;page_total;both;https://hasimuener.de/server-side-tracking-gtm/;;0;10;0,0000;33,20;0;16;0,0000;58,19;0;-6;-24,99;13426;"Server-Side Tracking mit GTM: Setup, Consent und saubere Messketten";post;"Server-Side Tracking mit GTM | Setup, DSGVO &amp; Vorteile";"Server-Side Tracking gibt Ihnen die volle Kontrolle über Ihre Marketingdaten. Setup, DSGVO-Konformität &amp; messbare Vorteile für B2B-Unternehmen erklärt.";https://hasimuener.de/server-side-tracking-gtm/hasim/;1;0;2227;0
90;2026-06-25;2026-09-22;2026-03-27;2026-06-24;page_total;current_only;https://hasimuener.de/solar-leads-kaufen-lohnt-sich/;;0;86;0,0000;15,30;0;0;;;0;86;;0;"Legacy Redirect";legacy_redirect;;;https://hasimuener.de/solar-leads-kaufen-alternative/;0;0;0;0
90;2026-06-25;2026-09-22;2026-03-27;2026-06-24;page_total;both;https://hasimuener.de/solar-waermepumpen-leadgenerierung/;;0;77;0,0000;8,95;1;104;0,0096;27,83;-1;-27;-18,88;15048;"Leadgenerierung für Solar- und Wärmepumpen-Anbieter";page;"Photovoltaik-Anfragen selbst generieren statt Leads kaufen";"Eigenes Anfragesystem für Photovoltaik und Wärmepumpe: Anfragen auf Ihrer Domain, vorqualifiziert, serverseitig gemessen. Aufbau ab 14.900 €, Einstieg ab 790 €.";https://hasimuener.de/solar-waermepumpen-leadgenerierung/;1;0;2830;0
90;2026-06-25;2026-09-22;2026-03-27;2026-06-24;page_total;current_only;https://hasimuener.de/stack-agentur/;;0;28;0,0000;2,07;0;0;;;0;28;;0;"Legacy Redirect";legacy_redirect;;;https://hasimuener.de/whitelabel-retainer/;0;0;0;0
90;2026-06-25;2026-09-22;2026-03-27;2026-06-24;page_total;current_only;https://hasimuener.de/stack-solar/;;0;48;0,0000;1,04;0;0;;;0;48;;0;"Legacy Redirect";legacy_redirect;;;https://hasimuener.de/solar-waermepumpen-leadgenerierung/;0;0;0;0
90;2026-06-25;2026-09-22;2026-03-27;2026-06-24;page_total;current_only;https://hasimuener.de/wattfox-solar-leads-einordnung/;;0;50;0,0000;7,88;0;0;;;0;50;;15207;"Wattfox Erfahrungen für Solarteure: Leads, Kosten und Markteinordnung";post;"Wattfox Erfahrungen & Kosten: Einordnung für Solarteure";"Wattfox aus Anbietersicht: was Erfahrungs-Suchen beantworten müssen, wie die Lead-Kosten-Logik funktioniert und wann eigene Anfrage-Systeme stärker sind.";https://hasimuener.de/wattfox-solar-leads-einordnung/hasim/;1;0;858;0
90;2026-06-25;2026-09-22;2026-03-27;2026-06-24;page_total;current_only;https://hasimuener.de/wgos-assets/consent-mode-v2/;;0;1;0,0000;10,00;0;0;;;0;1;;14858;"Consent Mode v2";wgos_asset;"Consent Mode v2 - WGOS Asset | Haşim Üner";"Consent Mode v2 für WordPress und GTM: Datenschutz sauber umsetzen, Signalverluste einordnen und Datenqualität verbessern.";https://hasimuener.de/wgos-assets/consent-mode-v2/;0;1;445;0
90;2026-06-25;2026-09-22;2026-03-27;2026-06-24;page_total;current_only;https://hasimuener.de/wgos-assets/llm-workflow-automatisierung/;;0;4;0,0000;8,25;0;0;;;0;4;;15040;"LLM-Workflow-Automatisierung (n8n)";wgos_asset;"LLM-Workflow-Automatisierung mit n8n – WGOS Asset | Haşim Üner";"Geschäftsprozesse mit KI-Schritten automatisieren: Zusammenfassungen, Klassifikation, Routing – server-seitig auf n8n. 20 Credits.";https://hasimuener.de/wgos-assets/llm-workflow-automatisierung/;0;1;480;0
90;2026-06-25;2026-09-22;2026-03-27;2026-06-24;page_total;current_only;https://hasimuener.de/wgos-assets/plugin-audit/;;0;1;0,0000;7,00;0;0;;;0;1;;14896;"Plugin Audit &#038; Bereinigung";wgos_asset;"Plugin Audit - WGOS Asset | Haşim Üner";"Plugin Audit für WordPress: unnötige Erweiterungen erkennen, Risiko senken und Performance wie Wartbarkeit verbessern.";https://hasimuener.de/wgos-assets/plugin-audit/;0;1;415;0
90;2026-06-25;2026-09-22;2026-03-27;2026-06-24;page_total;current_only;https://hasimuener.de/wgos-assets/tracking-audit/;;0;1;0,0000;23,00;0;0;;;0;1;;14863;"Tracking Audit";wgos_asset;"Tracking Audit - WGOS Asset | Haşim Üner";"Tracking Audit für B2B-Websites: Messfehler finden, Datenqualität absichern und die Basis für Reporting und Optimierung legen.";https://hasimuener.de/wgos-assets/tracking-audit/;0;1;449;0
90;2026-06-25;2026-09-22;2026-03-27;2026-06-24;page_total;both;https://hasimuener.de/wgos-assets/wettbewerbs-analyse/;;0;5;0,0000;6,80;0;1;0,0000;1,00;0;4;5,80;14890;"Wettbewerbs-Analyse (Digital)";wgos_asset;"Wettbewerbs-Analyse - WGOS Asset | Haşim Üner";"Digitale Wettbewerbs-Analyse für B2B-Websites: Muster erkennen, Differenzierung schärfen und Content- sowie Conversion-Chancen ableiten.";https://hasimuener.de/wgos-assets/wettbewerbs-analyse/;0;1;438;0
90;2026-06-25;2026-09-22;2026-03-27;2026-06-24;page_total;current_only;https://hasimuener.de/wordpress-freelancer-hannover/;;0;9;0,0000;7,11;0;0;;;0;9;;0;"Legacy Redirect";legacy_redirect;;;https://hasimuener.de/;0;0;0;0
90;2026-06-25;2026-09-22;2026-03-27;2026-06-24;page_total;current_only;https://hasimuener.de/wordpress-projekte-auslagern/;;0;11;0,0000;19,73;0;0;;;0;11;;15335;"WordPress-Projekte auslagern: Klare Prozesse für Agenturen und Freelancer";post;"WordPress-Projekte auslagern: Prozesse für Agenturen";"WordPress-Projekte sauber auslagern: klare Prozesse für Scope, Handoff, Staging, QA, Tracking, Deployment und Handover mit Freelancern.";https://hasimuener.de/wordpress-projekte-auslagern/hasim/;1;0;1169;0
90;2026-06-25;2026-09-22;2026-03-27;2026-06-24;page_total;current_only;https://hasimuener.de/wordpress-projekte-auslagern/hasim/;;0;1;0,0000;26,00;0;0;;;0;1;;15335;"WordPress-Projekte auslagern: Klare Prozesse für Agenturen und Freelancer";post;"WordPress-Projekte auslagern: Prozesse für Agenturen";"WordPress-Projekte sauber auslagern: klare Prozesse für Scope, Handoff, Staging, QA, Tracking, Deployment und Handover mit Freelancern.";https://hasimuener.de/wordpress-projekte-auslagern/hasim/;1;0;1169;0
90;2026-06-25;2026-09-22;2026-03-27;2026-06-24;page_total;current_only;https://hasimuener.de/wordpress-ttfb-google-ads-ladezeit/;;0;10;0,0000;6,10;0;0;;;0;10;;15226;"WordPress TTFB optimieren: Was Server-Antwortzeit für Google Ads wirklich bedeutet";post;"WordPress TTFB optimieren: Google Ads richtig einordnen";"TTFB ist kein Core Web Vital und der Qualitätsfaktor kein Auktionssignal. So messen und optimieren Sie die WordPress-Server-Antwortzeit sauber.";https://hasimuener.de/wordpress-ttfb-google-ads-ladezeit/hasim/;1;0;1302;0
90;2026-06-25;2026-09-22;2026-03-27;2026-06-24;page_total;previous_only;https://hasimuener.de/wordpress-wartung-hannover/;;0;0;;;2;74;0,0270;22,46;-2;-74;;10899;"WordPress Wartung Hannover";page;"WordPress Wartung Hannover | Betrieb, Updates und Sicherheit";"WordPress Wartung in Hannover als Teil des WGOS-Fundaments: Updates, Sicherheit, Backups, Performance und stabile Betriebsroutinen für B2B-Websites.";https://hasimuener.de/?page_id=10899;0;1;454;0
90;2026-06-25;2026-09-22;2026-03-27;2026-06-24;page_total;previous_only;https://hasimuener.de/case-studies/;;0;0;;;0;1;0,0000;5,00;0;-1;;0;;;;;;0;0;0;0
90;2026-06-25;2026-09-22;2026-03-27;2026-06-24;page_total;previous_only;https://hasimuener.de/case-studies/e3-new-energy/;;0;0;;;0;2;0,0000;4,50;0;-2;;0;"Legacy Redirect";legacy_redirect;;;https://hasimuener.de/case-study-solar-leadgenerierung/;0;0;0;0
90;2026-06-25;2026-09-22;2026-03-27;2026-06-24;page_total;previous_only;https://hasimuener.de/category/owned-leads/;;0;0;;;0;8;0,0000;8,63;0;-8;;0;"Legacy Redirect";legacy_redirect;;;https://hasimuener.de/eigene-leadgenerierung-vs-portale/;0;0;0;0
90;2026-06-25;2026-09-22;2026-03-27;2026-06-24;page_total;previous_only;https://hasimuener.de/conversion-rate-optimization/;;0;0;;;0;51;0,0000;35,24;0;-51;;0;;;;;;0;0;0;0
90;2026-06-25;2026-09-22;2026-03-27;2026-06-24;page_total;previous_only;https://hasimuener.de/datenhoheit-mit-server-side-gtm/;;0;0;;;0;5;0,0000;8,00;0;-5;;0;;;;;;0;0;0;0
90;2026-06-25;2026-09-22;2026-03-27;2026-06-24;page_total;previous_only;https://hasimuener.de/kostenlose-tools/;;0;0;;;0;15;0,0000;4,80;0;-15;;0;;;;;;0;0;0;0
90;2026-06-25;2026-09-22;2026-03-27;2026-06-24;page_total;previous_only;https://hasimuener.de/website-performance-analyse/;;0;0;;;0;5;0,0000;9,20;0;-5;;0;;;;;;0;0;0;0
90;2026-06-25;2026-09-22;2026-03-27;2026-06-24;page_total;previous_only;https://hasimuener.de/wgos-assets/cwv-speed-audit/;;0;0;;;0;13;0,0000;36,62;0;-13;;14842;"CWV Speed Audit";wgos_asset;"CWV Speed Audit - WGOS Asset | Haşim Üner";"CWV Speed Audit für WordPress: Ladezeitbremsen finden, Prioritäten setzen und die Basis für Rankings und Conversion stärken.";https://hasimuener.de/wgos-assets/cwv-speed-audit/;0;1;454;0
90;2026-06-25;2026-09-22;2026-03-27;2026-06-24;page_total;previous_only;https://hasimuener.de/wgos-assets/lead-magnet/;;0;0;;;0;3;0,0000;5,33;0;-3;;14917;"Lead-Magnet Konzeption";wgos_asset;"Lead-Magnet Konzeption - WGOS Asset | Haşim Üner";"Lead-Magnet Konzeption für B2B-Websites: Einstiegsoffer entwickeln, Nachfrage qualifizieren und saubere Folgepfade bauen.";https://hasimuener.de/wgos-assets/lead-magnet/;0;1;475;0
90;2026-06-25;2026-09-22;2026-03-27;2026-06-24;page_total;previous_only;https://hasimuener.de/wgos-assets/reporting-dashboard/;;0;0;;;0;2;0,0000;1,00;0;-2;;14920;"Reporting Dashboard";wgos_asset;"Reporting Dashboard - WGOS Asset | Haşim Üner";"Reporting Dashboard für B2B-Websites: KPI-Sicht, Verläufe und Stakeholder-Reporting in einem lesbaren System verbinden.";https://hasimuener.de/wgos-assets/reporting-dashboard/;0;1;437;0
90;2026-06-25;2026-09-22;2026-03-27;2026-06-24;page_total;previous_only;https://hasimuener.de/wordpress-growth-operating-system/;;0;0;;;0;27;0,0000;4,70;0;-27;;0;;;;;;0;0;0;0
90;2026-06-25;2026-09-22;2026-03-27;2026-06-24;page_total;previous_only;https://hasimuener.de/wordpress-seo-hannover/;;0;0;;;0;172;0,0000;54,81;0;-172;;13035;"WordPress SEO Hannover";page;"WordPress SEO Hannover für B2B | Technisches SEO & Audit";"WordPress SEO in Hannover fuer B2B: technisches SEO, interne Verlinkung und priorisierte Fixes fuer kaufnahe Seiten. Growth Audit mit Rueckmeldung in 48h.";https://hasimuener.de/?page_id=13035;0;1;616;0
