range_days;current_start;current_end;previous_start;previous_end;row_scope;period_presence;page;query;clicks;impressions;ctr;position;previous_clicks;previous_impressions;previous_ctr;previous_position;delta_clicks;delta_impressions;delta_position;post_id;post_title;page_type;seo_title;seo_description;canonical;in_sitemap;noindex;word_count;non_target_query
28;2026-08-26;2026-09-22;2026-07-29;2026-08-25;query_page;both;https://hasimuener.de/checkfox-solar-waermepumpe-einordnung/;"checkfox erfahrungen";4;340;0,0118;6,86;1;188;0,0053;10,68;3;152;-3,82;15276;"Checkfox für Solar- und Wärmepumpen-Betriebe: Seriosität, Mechanik und Markteinordnung";post;"Checkfox seriös? Erfahrungen & Kosten für Solar-Betriebe";"Ist Checkfox seriös? Unabhängige Einordnung für Solar- & Wärmepumpen-Betriebe: Portal-Mechanik, Kosten-Logik und die Alternative zu gekauften Leads.";https://hasimuener.de/checkfox-solar-waermepumpe-einordnung/hasim/;1;0;703;0
28;2026-08-26;2026-09-22;2026-07-29;2026-08-25;query_page;both;https://hasimuener.de/checkfox-solar-waermepumpe-einordnung/;"was ist checkfox seriös";1;10;0,1000;6,50;0;5;0,0000;7,40;1;5;-0,90;15276;"Checkfox für Solar- und Wärmepumpen-Betriebe: Seriosität, Mechanik und Markteinordnung";post;"Checkfox seriös? Erfahrungen & Kosten für Solar-Betriebe";"Ist Checkfox seriös? Unabhängige Einordnung für Solar- & Wärmepumpen-Betriebe: Portal-Mechanik, Kosten-Logik und die Alternative zu gekauften Leads.";https://hasimuener.de/checkfox-solar-waermepumpe-einordnung/hasim/;1;0;703;0
28;2026-08-26;2026-09-22;2026-07-29;2026-08-25;query_page;current_only;https://hasimuener.de/;"pattensen unternehmen";0;1;0,0000;160,00;0;0;;;0;1;;11953;"WordPress-Architektur &amp; Performance Marketing (B2B) · Hannover &amp; DACH";front_page;"WordPress Freelancer für Unternehmen | Haşim Üner, Hannover";"WordPress-Websites, technisches SEO und Tracking bis ins CRM. Direkt vom Entwickler aus Pattensen bei Hannover, Projekte ab 3.400 € netto.";https://hasimuener.de/;1;0;1611;0
28;2026-08-26;2026-09-22;2026-07-29;2026-08-25;query_page;both;https://hasimuener.de/;"seo pattensen";0;3;0,0000;13,33;0;1;0,0000;13,00;0;2;0,33;11953;"WordPress-Architektur &amp; Performance Marketing (B2B) · Hannover &amp; DACH";front_page;"WordPress Freelancer für Unternehmen | Haşim Üner, Hannover";"WordPress-Websites, technisches SEO und Tracking bis ins CRM. Direkt vom Entwickler aus Pattensen bei Hannover, Projekte ab 3.400 € netto.";https://hasimuener.de/;1;0;1611;0
28;2026-08-26;2026-09-22;2026-07-29;2026-08-25;query_page;both;https://hasimuener.de/aroundhome-solar-einordnung/;"welche vorteile bietet aroundhome für handwerksbetriebe oder dienstleister?";0;3;0,0000;4,67;0;4;0,0000;7,00;0;-1;-2,33;15206;"Aroundhome Erfahrungen für Handwerker: Kosten und Einordnung des Vergleichsportal-Modells";post;"Aroundhome Kosten für Handwerker: Lohnt sich das?";"Was kostet Aroundhome für Handwerker? Rechnen Sie Kosten pro Auftrag mit eigenen Zahlen und prüfen Sie Vertrag, Erfahrungen und Portal-Fit.";https://hasimuener.de/aroundhome-solar-einordnung/hasim/;1;0;1083;0
28;2026-08-26;2026-09-22;2026-07-29;2026-08-25;query_page;both;https://hasimuener.de/b2b-solar-leads/;"b2b leads energie";0;3;0,0000;64,33;0;3;0,0000;27,67;0;0;36,67;15199;"B2B Solar Leads – gewerbliche Photovoltaik-Anfrage-Systeme";page;"PV-Termine B2B: qualifizierte Gewerbe-PV-Anfragen";"PV-Termine B2B für Gewerbe-PV: Projektwert, Technik und Buying-Center vorqualifizieren. Eigener Anfrageweg statt Termine ohne Projektsubstanz.";https://hasimuener.de/b2b-solar-leads/;1;0;1423;0
28;2026-08-26;2026-09-22;2026-07-29;2026-08-25;query_page;both;https://hasimuener.de/b2b-solar-leads/;"b2b photovoltaik handel";0;3;0,0000;50,33;0;4;0,0000;50,25;0;-1;0,08;15199;"B2B Solar Leads – gewerbliche Photovoltaik-Anfrage-Systeme";page;"PV-Termine B2B: qualifizierte Gewerbe-PV-Anfragen";"PV-Termine B2B für Gewerbe-PV: Projektwert, Technik und Buying-Center vorqualifizieren. Eigener Anfrageweg statt Termine ohne Projektsubstanz.";https://hasimuener.de/b2b-solar-leads/;1;0;1423;0
28;2026-08-26;2026-09-22;2026-07-29;2026-08-25;query_page;both;https://hasimuener.de/b2b-solar-leads/;"b2b-handel photovoltaik";0;2;0,0000;59,00;0;2;0,0000;42,50;0;0;16,50;15199;"B2B Solar Leads – gewerbliche Photovoltaik-Anfrage-Systeme";page;"PV-Termine B2B: qualifizierte Gewerbe-PV-Anfragen";"PV-Termine B2B für Gewerbe-PV: Projektwert, Technik und Buying-Center vorqualifizieren. Eigener Anfrageweg statt Termine ohne Projektsubstanz.";https://hasimuener.de/b2b-solar-leads/;1;0;1423;0
28;2026-08-26;2026-09-22;2026-07-29;2026-08-25;query_page;both;https://hasimuener.de/b2b-solar-leads/;"b2b-handel pv";0;2;0,0000;65,50;0;2;0,0000;44,50;0;0;21,00;15199;"B2B Solar Leads – gewerbliche Photovoltaik-Anfrage-Systeme";page;"PV-Termine B2B: qualifizierte Gewerbe-PV-Anfragen";"PV-Termine B2B für Gewerbe-PV: Projektwert, Technik und Buying-Center vorqualifizieren. Eigener Anfrageweg statt Termine ohne Projektsubstanz.";https://hasimuener.de/b2b-solar-leads/;1;0;1423;0
28;2026-08-26;2026-09-22;2026-07-29;2026-08-25;query_page;both;https://hasimuener.de/b2b-solar-leads/;"energie leads b2b";0;4;0,0000;63,25;0;2;0,0000;34,50;0;2;28,75;15199;"B2B Solar Leads – gewerbliche Photovoltaik-Anfrage-Systeme";page;"PV-Termine B2B: qualifizierte Gewerbe-PV-Anfragen";"PV-Termine B2B für Gewerbe-PV: Projektwert, Technik und Buying-Center vorqualifizieren. Eigener Anfrageweg statt Termine ohne Projektsubstanz.";https://hasimuener.de/b2b-solar-leads/;1;0;1423;0
28;2026-08-26;2026-09-22;2026-07-29;2026-08-25;query_page;current_only;https://hasimuener.de/b2b-solar-leads/;"photovoltaik anfragen";0;1;0,0000;21,00;0;0;;;0;1;;15199;"B2B Solar Leads – gewerbliche Photovoltaik-Anfrage-Systeme";page;"PV-Termine B2B: qualifizierte Gewerbe-PV-Anfragen";"PV-Termine B2B für Gewerbe-PV: Projektwert, Technik und Buying-Center vorqualifizieren. Eigener Anfrageweg statt Termine ohne Projektsubstanz.";https://hasimuener.de/b2b-solar-leads/;1;0;1423;0
28;2026-08-26;2026-09-22;2026-07-29;2026-08-25;query_page;both;https://hasimuener.de/b2b-solar-leads/;"photovoltaik b2b";0;1;0,0000;57,00;0;6;0,0000;47,17;0;-5;9,83;15199;"B2B Solar Leads – gewerbliche Photovoltaik-Anfrage-Systeme";page;"PV-Termine B2B: qualifizierte Gewerbe-PV-Anfragen";"PV-Termine B2B für Gewerbe-PV: Projektwert, Technik und Buying-Center vorqualifizieren. Eigener Anfrageweg statt Termine ohne Projektsubstanz.";https://hasimuener.de/b2b-solar-leads/;1;0;1423;0
28;2026-08-26;2026-09-22;2026-07-29;2026-08-25;query_page;both;https://hasimuener.de/b2b-solar-leads/;"photovoltaik b2b lösung";0;51;0,0000;77,12;0;63;0,0000;53,24;0;-12;23,88;15199;"B2B Solar Leads – gewerbliche Photovoltaik-Anfrage-Systeme";page;"PV-Termine B2B: qualifizierte Gewerbe-PV-Anfragen";"PV-Termine B2B für Gewerbe-PV: Projektwert, Technik und Buying-Center vorqualifizieren. Eigener Anfrageweg statt Termine ohne Projektsubstanz.";https://hasimuener.de/b2b-solar-leads/;1;0;1423;0
28;2026-08-26;2026-09-22;2026-07-29;2026-08-25;query_page;both;https://hasimuener.de/b2b-solar-leads/;"photovoltaik leads gewerbe";0;2;0,0000;31,00;0;6;0,0000;22,00;0;-4;9,00;15199;"B2B Solar Leads – gewerbliche Photovoltaik-Anfrage-Systeme";page;"PV-Termine B2B: qualifizierte Gewerbe-PV-Anfragen";"PV-Termine B2B für Gewerbe-PV: Projektwert, Technik und Buying-Center vorqualifizieren. Eigener Anfrageweg statt Termine ohne Projektsubstanz.";https://hasimuener.de/b2b-solar-leads/;1;0;1423;0
28;2026-08-26;2026-09-22;2026-07-29;2026-08-25;query_page;current_only;https://hasimuener.de/b2b-solar-leads/;"photovoltaik termine gewerbe";0;3;0,0000;51,67;0;0;;;0;3;;15199;"B2B Solar Leads – gewerbliche Photovoltaik-Anfrage-Systeme";page;"PV-Termine B2B: qualifizierte Gewerbe-PV-Anfragen";"PV-Termine B2B für Gewerbe-PV: Projektwert, Technik und Buying-Center vorqualifizieren. Eigener Anfrageweg statt Termine ohne Projektsubstanz.";https://hasimuener.de/b2b-solar-leads/;1;0;1423;0
28;2026-08-26;2026-09-22;2026-07-29;2026-08-25;query_page;both;https://hasimuener.de/b2b-solar-leads/;"pv leads";0;2;0,0000;57,00;0;18;0,0000;54,28;0;-16;2,72;15199;"B2B Solar Leads – gewerbliche Photovoltaik-Anfrage-Systeme";page;"PV-Termine B2B: qualifizierte Gewerbe-PV-Anfragen";"PV-Termine B2B für Gewerbe-PV: Projektwert, Technik und Buying-Center vorqualifizieren. Eigener Anfrageweg statt Termine ohne Projektsubstanz.";https://hasimuener.de/b2b-solar-leads/;1;0;1423;0
28;2026-08-26;2026-09-22;2026-07-29;2026-08-25;query_page;both;https://hasimuener.de/b2b-solar-leads/;"pv leads gewerbe";0;2;0,0000;26,00;0;56;0,0000;18,82;0;-54;7,18;15199;"B2B Solar Leads – gewerbliche Photovoltaik-Anfrage-Systeme";page;"PV-Termine B2B: qualifizierte Gewerbe-PV-Anfragen";"PV-Termine B2B für Gewerbe-PV: Projektwert, Technik und Buying-Center vorqualifizieren. Eigener Anfrageweg statt Termine ohne Projektsubstanz.";https://hasimuener.de/b2b-solar-leads/;1;0;1423;0
28;2026-08-26;2026-09-22;2026-07-29;2026-08-25;query_page;both;https://hasimuener.de/b2b-solar-leads/;"pv projektanfragen";0;2;0,0000;66,00;0;1;0,0000;93,00;0;1;-27,00;15199;"B2B Solar Leads – gewerbliche Photovoltaik-Anfrage-Systeme";page;"PV-Termine B2B: qualifizierte Gewerbe-PV-Anfragen";"PV-Termine B2B für Gewerbe-PV: Projektwert, Technik und Buying-Center vorqualifizieren. Eigener Anfrageweg statt Termine ohne Projektsubstanz.";https://hasimuener.de/b2b-solar-leads/;1;0;1423;0
28;2026-08-26;2026-09-22;2026-07-29;2026-08-25;query_page;both;https://hasimuener.de/b2b-solar-leads/;"pv termine b2b";0;38;0,0000;5,32;0;86;0,0000;4,20;0;-48;1,12;15199;"B2B Solar Leads – gewerbliche Photovoltaik-Anfrage-Systeme";page;"PV-Termine B2B: qualifizierte Gewerbe-PV-Anfragen";"PV-Termine B2B für Gewerbe-PV: Projektwert, Technik und Buying-Center vorqualifizieren. Eigener Anfrageweg statt Termine ohne Projektsubstanz.";https://hasimuener.de/b2b-solar-leads/;1;0;1423;0
28;2026-08-26;2026-09-22;2026-07-29;2026-08-25;query_page;both;https://hasimuener.de/b2b-solar-leads/;"qualifizierte pv leads";0;2;0,0000;55,50;0;2;0,0000;59,00;0;0;-3,50;15199;"B2B Solar Leads – gewerbliche Photovoltaik-Anfrage-Systeme";page;"PV-Termine B2B: qualifizierte Gewerbe-PV-Anfragen";"PV-Termine B2B für Gewerbe-PV: Projektwert, Technik und Buying-Center vorqualifizieren. Eigener Anfrageweg statt Termine ohne Projektsubstanz.";https://hasimuener.de/b2b-solar-leads/;1;0;1423;0
28;2026-08-26;2026-09-22;2026-07-29;2026-08-25;query_page;both;https://hasimuener.de/b2b-solar-leads/;"solarstrom b2b";0;5;0,0000;70,20;0;2;0,0000;55,50;0;3;14,70;15199;"B2B Solar Leads – gewerbliche Photovoltaik-Anfrage-Systeme";page;"PV-Termine B2B: qualifizierte Gewerbe-PV-Anfragen";"PV-Termine B2B für Gewerbe-PV: Projektwert, Technik und Buying-Center vorqualifizieren. Eigener Anfrageweg statt Termine ohne Projektsubstanz.";https://hasimuener.de/b2b-solar-leads/;1;0;1423;0
28;2026-08-26;2026-09-22;2026-07-29;2026-08-25;query_page;both;https://hasimuener.de/checkfox-solar-waermepumpe-einordnung/;"check fox";0;7;0,0000;8,57;0;1;0,0000;25,00;0;6;-16,43;15276;"Checkfox für Solar- und Wärmepumpen-Betriebe: Seriosität, Mechanik und Markteinordnung";post;"Checkfox seriös? Erfahrungen & Kosten für Solar-Betriebe";"Ist Checkfox seriös? Unabhängige Einordnung für Solar- & Wärmepumpen-Betriebe: Portal-Mechanik, Kosten-Logik und die Alternative zu gekauften Leads.";https://hasimuener.de/checkfox-solar-waermepumpe-einordnung/hasim/;1;0;703;0
28;2026-08-26;2026-09-22;2026-07-29;2026-08-25;query_page;both;https://hasimuener.de/checkfox-solar-waermepumpe-einordnung/;"check fox seriös";0;34;0,0000;5,32;0;38;0,0000;6,68;0;-4;-1,36;15276;"Checkfox für Solar- und Wärmepumpen-Betriebe: Seriosität, Mechanik und Markteinordnung";post;"Checkfox seriös? Erfahrungen & Kosten für Solar-Betriebe";"Ist Checkfox seriös? Unabhängige Einordnung für Solar- & Wärmepumpen-Betriebe: Portal-Mechanik, Kosten-Logik und die Alternative zu gekauften Leads.";https://hasimuener.de/checkfox-solar-waermepumpe-einordnung/hasim/;1;0;703;0
28;2026-08-26;2026-09-22;2026-07-29;2026-08-25;query_page;both;https://hasimuener.de/checkfox-solar-waermepumpe-einordnung/;checkfox;0;8;0,0000;10,25;0;8;0,0000;21,00;0;0;-10,75;15276;"Checkfox für Solar- und Wärmepumpen-Betriebe: Seriosität, Mechanik und Markteinordnung";post;"Checkfox seriös? Erfahrungen & Kosten für Solar-Betriebe";"Ist Checkfox seriös? Unabhängige Einordnung für Solar- & Wärmepumpen-Betriebe: Portal-Mechanik, Kosten-Logik und die Alternative zu gekauften Leads.";https://hasimuener.de/checkfox-solar-waermepumpe-einordnung/hasim/;1;0;703;0
28;2026-08-26;2026-09-22;2026-07-29;2026-08-25;query_page;both;https://hasimuener.de/checkfox-solar-waermepumpe-einordnung/;"checkfox bewertung";0;6;0,0000;9,17;0;46;0,0000;10,85;0;-40;-1,68;15276;"Checkfox für Solar- und Wärmepumpen-Betriebe: Seriosität, Mechanik und Markteinordnung";post;"Checkfox seriös? Erfahrungen & Kosten für Solar-Betriebe";"Ist Checkfox seriös? Unabhängige Einordnung für Solar- & Wärmepumpen-Betriebe: Portal-Mechanik, Kosten-Logik und die Alternative zu gekauften Leads.";https://hasimuener.de/checkfox-solar-waermepumpe-einordnung/hasim/;1;0;703;0
28;2026-08-26;2026-09-22;2026-07-29;2026-08-25;query_page;both;https://hasimuener.de/checkfox-solar-waermepumpe-einordnung/;"checkfox erfahrung";0;65;0,0000;7,40;0;23;0,0000;9,61;0;42;-2,21;15276;"Checkfox für Solar- und Wärmepumpen-Betriebe: Seriosität, Mechanik und Markteinordnung";post;"Checkfox seriös? Erfahrungen & Kosten für Solar-Betriebe";"Ist Checkfox seriös? Unabhängige Einordnung für Solar- & Wärmepumpen-Betriebe: Portal-Mechanik, Kosten-Logik und die Alternative zu gekauften Leads.";https://hasimuener.de/checkfox-solar-waermepumpe-einordnung/hasim/;1;0;703;0
28;2026-08-26;2026-09-22;2026-07-29;2026-08-25;query_page;current_only;https://hasimuener.de/checkfox-solar-waermepumpe-einordnung/;"checkfox jobs";0;1;0,0000;50,00;0;0;;;0;1;;15276;"Checkfox für Solar- und Wärmepumpen-Betriebe: Seriosität, Mechanik und Markteinordnung";post;"Checkfox seriös? Erfahrungen & Kosten für Solar-Betriebe";"Ist Checkfox seriös? Unabhängige Einordnung für Solar- & Wärmepumpen-Betriebe: Portal-Mechanik, Kosten-Logik und die Alternative zu gekauften Leads.";https://hasimuener.de/checkfox-solar-waermepumpe-einordnung/hasim/;1;0;703;0
28;2026-08-26;2026-09-22;2026-07-29;2026-08-25;query_page;both;https://hasimuener.de/checkfox-solar-waermepumpe-einordnung/;"checkfox photovoltaik";0;3;0,0000;9,33;0;3;0,0000;9,33;0;0;0,00;15276;"Checkfox für Solar- und Wärmepumpen-Betriebe: Seriosität, Mechanik und Markteinordnung";post;"Checkfox seriös? Erfahrungen & Kosten für Solar-Betriebe";"Ist Checkfox seriös? Unabhängige Einordnung für Solar- & Wärmepumpen-Betriebe: Portal-Mechanik, Kosten-Logik und die Alternative zu gekauften Leads.";https://hasimuener.de/checkfox-solar-waermepumpe-einordnung/hasim/;1;0;703;0
28;2026-08-26;2026-09-22;2026-07-29;2026-08-25;query_page;both;https://hasimuener.de/checkfox-solar-waermepumpe-einordnung/;"checkfox photovoltaik seriös";0;21;0,0000;4,81;0;37;0,0000;7,51;0;-16;-2,70;15276;"Checkfox für Solar- und Wärmepumpen-Betriebe: Seriosität, Mechanik und Markteinordnung";post;"Checkfox seriös? Erfahrungen & Kosten für Solar-Betriebe";"Ist Checkfox seriös? Unabhängige Einordnung für Solar- & Wärmepumpen-Betriebe: Portal-Mechanik, Kosten-Logik und die Alternative zu gekauften Leads.";https://hasimuener.de/checkfox-solar-waermepumpe-einordnung/hasim/;1;0;703;0
28;2026-08-26;2026-09-22;2026-07-29;2026-08-25;query_page;current_only;https://hasimuener.de/checkfox-solar-waermepumpe-einordnung/;"checkfox pro";0;5;0,0000;13,60;0;0;;;0;5;;15276;"Checkfox für Solar- und Wärmepumpen-Betriebe: Seriosität, Mechanik und Markteinordnung";post;"Checkfox seriös? Erfahrungen & Kosten für Solar-Betriebe";"Ist Checkfox seriös? Unabhängige Einordnung für Solar- & Wärmepumpen-Betriebe: Portal-Mechanik, Kosten-Logik und die Alternative zu gekauften Leads.";https://hasimuener.de/checkfox-solar-waermepumpe-einordnung/hasim/;1;0;703;0
28;2026-08-26;2026-09-22;2026-07-29;2026-08-25;query_page;both;https://hasimuener.de/checkfox-solar-waermepumpe-einordnung/;"checkfox seriös";0;192;0,0000;6,35;0;608;0,0000;8,82;0;-416;-2,46;15276;"Checkfox für Solar- und Wärmepumpen-Betriebe: Seriosität, Mechanik und Markteinordnung";post;"Checkfox seriös? Erfahrungen & Kosten für Solar-Betriebe";"Ist Checkfox seriös? Unabhängige Einordnung für Solar- & Wärmepumpen-Betriebe: Portal-Mechanik, Kosten-Logik und die Alternative zu gekauften Leads.";https://hasimuener.de/checkfox-solar-waermepumpe-einordnung/hasim/;1;0;703;0
28;2026-08-26;2026-09-22;2026-07-29;2026-08-25;query_page;both;https://hasimuener.de/checkfox-solar-waermepumpe-einordnung/;"checkfox seriös erfahrungen";0;10;0,0000;6,50;0;12;0,0000;8,42;0;-2;-1,92;15276;"Checkfox für Solar- und Wärmepumpen-Betriebe: Seriosität, Mechanik und Markteinordnung";post;"Checkfox seriös? Erfahrungen & Kosten für Solar-Betriebe";"Ist Checkfox seriös? Unabhängige Einordnung für Solar- & Wärmepumpen-Betriebe: Portal-Mechanik, Kosten-Logik und die Alternative zu gekauften Leads.";https://hasimuener.de/checkfox-solar-waermepumpe-einordnung/hasim/;1;0;703;0
28;2026-08-26;2026-09-22;2026-07-29;2026-08-25;query_page;both;https://hasimuener.de/checkfox-solar-waermepumpe-einordnung/;"checkfox solar";0;14;0,0000;9,21;0;20;0,0000;10,65;0;-6;-1,44;15276;"Checkfox für Solar- und Wärmepumpen-Betriebe: Seriosität, Mechanik und Markteinordnung";post;"Checkfox seriös? Erfahrungen & Kosten für Solar-Betriebe";"Ist Checkfox seriös? Unabhängige Einordnung für Solar- & Wärmepumpen-Betriebe: Portal-Mechanik, Kosten-Logik und die Alternative zu gekauften Leads.";https://hasimuener.de/checkfox-solar-waermepumpe-einordnung/hasim/;1;0;703;0
28;2026-08-26;2026-09-22;2026-07-29;2026-08-25;query_page;both;https://hasimuener.de/checkfox-solar-waermepumpe-einordnung/;"checkfox solar erfahrungen";0;17;0,0000;5,24;1;18;0,0556;8,61;-1;-1;-3,38;15276;"Checkfox für Solar- und Wärmepumpen-Betriebe: Seriosität, Mechanik und Markteinordnung";post;"Checkfox seriös? Erfahrungen & Kosten für Solar-Betriebe";"Ist Checkfox seriös? Unabhängige Einordnung für Solar- & Wärmepumpen-Betriebe: Portal-Mechanik, Kosten-Logik und die Alternative zu gekauften Leads.";https://hasimuener.de/checkfox-solar-waermepumpe-einordnung/hasim/;1;0;703;0
28;2026-08-26;2026-09-22;2026-07-29;2026-08-25;query_page;current_only;https://hasimuener.de/checkfox-solar-waermepumpe-einordnung/;"checkfox solarrechner";0;1;0,0000;11,00;0;0;;;0;1;;15276;"Checkfox für Solar- und Wärmepumpen-Betriebe: Seriosität, Mechanik und Markteinordnung";post;"Checkfox seriös? Erfahrungen & Kosten für Solar-Betriebe";"Ist Checkfox seriös? Unabhängige Einordnung für Solar- & Wärmepumpen-Betriebe: Portal-Mechanik, Kosten-Logik und die Alternative zu gekauften Leads.";https://hasimuener.de/checkfox-solar-waermepumpe-einordnung/hasim/;1;0;703;0
28;2026-08-26;2026-09-22;2026-07-29;2026-08-25;query_page;both;https://hasimuener.de/checkfox-solar-waermepumpe-einordnung/;checkfoxpro;0;9;0,0000;7,44;0;4;0,0000;8,25;0;5;-0,81;15276;"Checkfox für Solar- und Wärmepumpen-Betriebe: Seriosität, Mechanik und Markteinordnung";post;"Checkfox seriös? Erfahrungen & Kosten für Solar-Betriebe";"Ist Checkfox seriös? Unabhängige Einordnung für Solar- & Wärmepumpen-Betriebe: Portal-Mechanik, Kosten-Logik und die Alternative zu gekauften Leads.";https://hasimuener.de/checkfox-solar-waermepumpe-einordnung/hasim/;1;0;703;0
28;2026-08-26;2026-09-22;2026-07-29;2026-08-25;query_page;both;https://hasimuener.de/checkfox-solar-waermepumpe-einordnung/;"erfahrungen mit checkfox";0;1;0,0000;8,00;0;5;0,0000;9,40;0;-4;-1,40;15276;"Checkfox für Solar- und Wärmepumpen-Betriebe: Seriosität, Mechanik und Markteinordnung";post;"Checkfox seriös? Erfahrungen & Kosten für Solar-Betriebe";"Ist Checkfox seriös? Unabhängige Einordnung für Solar- & Wärmepumpen-Betriebe: Portal-Mechanik, Kosten-Logik und die Alternative zu gekauften Leads.";https://hasimuener.de/checkfox-solar-waermepumpe-einordnung/hasim/;1;0;703;0
28;2026-08-26;2026-09-22;2026-07-29;2026-08-25;query_page;current_only;https://hasimuener.de/checkfox-solar-waermepumpe-einordnung/;erfahrungsberichte;0;2;0,0000;2,50;0;0;;;0;2;;15276;"Checkfox für Solar- und Wärmepumpen-Betriebe: Seriosität, Mechanik und Markteinordnung";post;"Checkfox seriös? Erfahrungen & Kosten für Solar-Betriebe";"Ist Checkfox seriös? Unabhängige Einordnung für Solar- & Wärmepumpen-Betriebe: Portal-Mechanik, Kosten-Logik und die Alternative zu gekauften Leads.";https://hasimuener.de/checkfox-solar-waermepumpe-einordnung/hasim/;1;0;703;0
28;2026-08-26;2026-09-22;2026-07-29;2026-08-25;query_page;both;https://hasimuener.de/checkfox-solar-waermepumpe-einordnung/;"ist checkfox seriös";0;26;0,0000;5,00;1;37;0,0270;7,89;-1;-11;-2,89;15276;"Checkfox für Solar- und Wärmepumpen-Betriebe: Seriosität, Mechanik und Markteinordnung";post;"Checkfox seriös? Erfahrungen & Kosten für Solar-Betriebe";"Ist Checkfox seriös? Unabhängige Einordnung für Solar- & Wärmepumpen-Betriebe: Portal-Mechanik, Kosten-Logik und die Alternative zu gekauften Leads.";https://hasimuener.de/checkfox-solar-waermepumpe-einordnung/hasim/;1;0;703;0
28;2026-08-26;2026-09-22;2026-07-29;2026-08-25;query_page;current_only;https://hasimuener.de/checkfox-solar-waermepumpe-einordnung/;"ja, erfahrungen";0;1;0,0000;2,00;0;0;;;0;1;;15276;"Checkfox für Solar- und Wärmepumpen-Betriebe: Seriosität, Mechanik und Markteinordnung";post;"Checkfox seriös? Erfahrungen & Kosten für Solar-Betriebe";"Ist Checkfox seriös? Unabhängige Einordnung für Solar- & Wärmepumpen-Betriebe: Portal-Mechanik, Kosten-Logik und die Alternative zu gekauften Leads.";https://hasimuener.de/checkfox-solar-waermepumpe-einordnung/hasim/;1;0;703;0
28;2026-08-26;2026-09-22;2026-07-29;2026-08-25;query_page;current_only;https://hasimuener.de/checkfox-solar-waermepumpe-einordnung/;photovoltaik;0;1;0,0000;7,00;0;0;;;0;1;;15276;"Checkfox für Solar- und Wärmepumpen-Betriebe: Seriosität, Mechanik und Markteinordnung";post;"Checkfox seriös? Erfahrungen & Kosten für Solar-Betriebe";"Ist Checkfox seriös? Unabhängige Einordnung für Solar- & Wärmepumpen-Betriebe: Portal-Mechanik, Kosten-Logik und die Alternative zu gekauften Leads.";https://hasimuener.de/checkfox-solar-waermepumpe-einordnung/hasim/;1;0;703;0
28;2026-08-26;2026-09-22;2026-07-29;2026-08-25;query_page;current_only;https://hasimuener.de/checkfox-solar-waermepumpe-einordnung/;seriös?;0;1;0,0000;5,00;0;0;;;0;1;;15276;"Checkfox für Solar- und Wärmepumpen-Betriebe: Seriosität, Mechanik und Markteinordnung";post;"Checkfox seriös? Erfahrungen & Kosten für Solar-Betriebe";"Ist Checkfox seriös? Unabhängige Einordnung für Solar- & Wärmepumpen-Betriebe: Portal-Mechanik, Kosten-Logik und die Alternative zu gekauften Leads.";https://hasimuener.de/checkfox-solar-waermepumpe-einordnung/hasim/;1;0;703;0
28;2026-08-26;2026-09-22;2026-07-29;2026-08-25;query_page;both;https://hasimuener.de/checkfox-solar-waermepumpe-einordnung/;solar;0;1;0,0000;4,00;0;1;0,0000;4,00;0;0;0,00;15276;"Checkfox für Solar- und Wärmepumpen-Betriebe: Seriosität, Mechanik und Markteinordnung";post;"Checkfox seriös? Erfahrungen & Kosten für Solar-Betriebe";"Ist Checkfox seriös? Unabhängige Einordnung für Solar- & Wärmepumpen-Betriebe: Portal-Mechanik, Kosten-Logik und die Alternative zu gekauften Leads.";https://hasimuener.de/checkfox-solar-waermepumpe-einordnung/hasim/;1;0;703;0
28;2026-08-26;2026-09-22;2026-07-29;2026-08-25;query_page;both;https://hasimuener.de/checkfox-solar-waermepumpe-einordnung/;"was ist checkfox";0;5;0,0000;10,80;0;20;0,0000;9,50;0;-15;1,30;15276;"Checkfox für Solar- und Wärmepumpen-Betriebe: Seriosität, Mechanik und Markteinordnung";post;"Checkfox seriös? Erfahrungen & Kosten für Solar-Betriebe";"Ist Checkfox seriös? Unabhängige Einordnung für Solar- & Wärmepumpen-Betriebe: Portal-Mechanik, Kosten-Logik und die Alternative zu gekauften Leads.";https://hasimuener.de/checkfox-solar-waermepumpe-einordnung/hasim/;1;0;703;0
28;2026-08-26;2026-09-22;2026-07-29;2026-08-25;query_page;current_only;https://hasimuener.de/checkfox-solar-waermepumpe-einordnung/hasim/;"check fox seriös";0;3;0,0000;6,33;0;0;;;0;3;;15276;"Checkfox für Solar- und Wärmepumpen-Betriebe: Seriosität, Mechanik und Markteinordnung";post;"Checkfox seriös? Erfahrungen & Kosten für Solar-Betriebe";"Ist Checkfox seriös? Unabhängige Einordnung für Solar- & Wärmepumpen-Betriebe: Portal-Mechanik, Kosten-Logik und die Alternative zu gekauften Leads.";https://hasimuener.de/checkfox-solar-waermepumpe-einordnung/hasim/;1;0;703;0
28;2026-08-26;2026-09-22;2026-07-29;2026-08-25;query_page;current_only;https://hasimuener.de/checkfox-solar-waermepumpe-einordnung/hasim/;"checkfox bewertung";0;1;0,0000;10,00;0;0;;;0;1;;15276;"Checkfox für Solar- und Wärmepumpen-Betriebe: Seriosität, Mechanik und Markteinordnung";post;"Checkfox seriös? Erfahrungen & Kosten für Solar-Betriebe";"Ist Checkfox seriös? Unabhängige Einordnung für Solar- & Wärmepumpen-Betriebe: Portal-Mechanik, Kosten-Logik und die Alternative zu gekauften Leads.";https://hasimuener.de/checkfox-solar-waermepumpe-einordnung/hasim/;1;0;703;0
28;2026-08-26;2026-09-22;2026-07-29;2026-08-25;query_page;current_only;https://hasimuener.de/checkfox-solar-waermepumpe-einordnung/hasim/;"checkfox erfahrung";0;4;0,0000;8,00;0;0;;;0;4;;15276;"Checkfox für Solar- und Wärmepumpen-Betriebe: Seriosität, Mechanik und Markteinordnung";post;"Checkfox seriös? Erfahrungen & Kosten für Solar-Betriebe";"Ist Checkfox seriös? Unabhängige Einordnung für Solar- & Wärmepumpen-Betriebe: Portal-Mechanik, Kosten-Logik und die Alternative zu gekauften Leads.";https://hasimuener.de/checkfox-solar-waermepumpe-einordnung/hasim/;1;0;703;0
28;2026-08-26;2026-09-22;2026-07-29;2026-08-25;query_page;current_only;https://hasimuener.de/checkfox-solar-waermepumpe-einordnung/hasim/;"checkfox erfahrungen";0;24;0,0000;7,92;0;0;;;0;24;;15276;"Checkfox für Solar- und Wärmepumpen-Betriebe: Seriosität, Mechanik und Markteinordnung";post;"Checkfox seriös? Erfahrungen & Kosten für Solar-Betriebe";"Ist Checkfox seriös? Unabhängige Einordnung für Solar- & Wärmepumpen-Betriebe: Portal-Mechanik, Kosten-Logik und die Alternative zu gekauften Leads.";https://hasimuener.de/checkfox-solar-waermepumpe-einordnung/hasim/;1;0;703;0
28;2026-08-26;2026-09-22;2026-07-29;2026-08-25;query_page;current_only;https://hasimuener.de/checkfox-solar-waermepumpe-einordnung/hasim/;"checkfox photovoltaik seriös";0;3;0,0000;5,33;0;0;;;0;3;;15276;"Checkfox für Solar- und Wärmepumpen-Betriebe: Seriosität, Mechanik und Markteinordnung";post;"Checkfox seriös? Erfahrungen & Kosten für Solar-Betriebe";"Ist Checkfox seriös? Unabhängige Einordnung für Solar- & Wärmepumpen-Betriebe: Portal-Mechanik, Kosten-Logik und die Alternative zu gekauften Leads.";https://hasimuener.de/checkfox-solar-waermepumpe-einordnung/hasim/;1;0;703;0
28;2026-08-26;2026-09-22;2026-07-29;2026-08-25;query_page;current_only;https://hasimuener.de/checkfox-solar-waermepumpe-einordnung/hasim/;"checkfox seriös";0;16;0,0000;7,38;0;0;;;0;16;;15276;"Checkfox für Solar- und Wärmepumpen-Betriebe: Seriosität, Mechanik und Markteinordnung";post;"Checkfox seriös? Erfahrungen & Kosten für Solar-Betriebe";"Ist Checkfox seriös? Unabhängige Einordnung für Solar- & Wärmepumpen-Betriebe: Portal-Mechanik, Kosten-Logik und die Alternative zu gekauften Leads.";https://hasimuener.de/checkfox-solar-waermepumpe-einordnung/hasim/;1;0;703;0
28;2026-08-26;2026-09-22;2026-07-29;2026-08-25;query_page;current_only;https://hasimuener.de/checkfox-solar-waermepumpe-einordnung/hasim/;"checkfox seriös erfahrungen";0;1;0,0000;6,00;0;0;;;0;1;;15276;"Checkfox für Solar- und Wärmepumpen-Betriebe: Seriosität, Mechanik und Markteinordnung";post;"Checkfox seriös? Erfahrungen & Kosten für Solar-Betriebe";"Ist Checkfox seriös? Unabhängige Einordnung für Solar- & Wärmepumpen-Betriebe: Portal-Mechanik, Kosten-Logik und die Alternative zu gekauften Leads.";https://hasimuener.de/checkfox-solar-waermepumpe-einordnung/hasim/;1;0;703;0
28;2026-08-26;2026-09-22;2026-07-29;2026-08-25;query_page;current_only;https://hasimuener.de/checkfox-solar-waermepumpe-einordnung/hasim/;"checkfox solar erfahrungen";0;1;0,0000;6,00;0;0;;;0;1;;15276;"Checkfox für Solar- und Wärmepumpen-Betriebe: Seriosität, Mechanik und Markteinordnung";post;"Checkfox seriös? Erfahrungen & Kosten für Solar-Betriebe";"Ist Checkfox seriös? Unabhängige Einordnung für Solar- & Wärmepumpen-Betriebe: Portal-Mechanik, Kosten-Logik und die Alternative zu gekauften Leads.";https://hasimuener.de/checkfox-solar-waermepumpe-einordnung/hasim/;1;0;703;0
28;2026-08-26;2026-09-22;2026-07-29;2026-08-25;query_page;current_only;https://hasimuener.de/checkfox-solar-waermepumpe-einordnung/hasim/;checkfoxpro;0;1;0,0000;10,00;0;0;;;0;1;;15276;"Checkfox für Solar- und Wärmepumpen-Betriebe: Seriosität, Mechanik und Markteinordnung";post;"Checkfox seriös? Erfahrungen & Kosten für Solar-Betriebe";"Ist Checkfox seriös? Unabhängige Einordnung für Solar- & Wärmepumpen-Betriebe: Portal-Mechanik, Kosten-Logik und die Alternative zu gekauften Leads.";https://hasimuener.de/checkfox-solar-waermepumpe-einordnung/hasim/;1;0;703;0
28;2026-08-26;2026-09-22;2026-07-29;2026-08-25;query_page;current_only;https://hasimuener.de/checkfox-solar-waermepumpe-einordnung/hasim/;"ist checkfox seriös";0;5;0,0000;6,40;0;0;;;0;5;;15276;"Checkfox für Solar- und Wärmepumpen-Betriebe: Seriosität, Mechanik und Markteinordnung";post;"Checkfox seriös? Erfahrungen & Kosten für Solar-Betriebe";"Ist Checkfox seriös? Unabhängige Einordnung für Solar- & Wärmepumpen-Betriebe: Portal-Mechanik, Kosten-Logik und die Alternative zu gekauften Leads.";https://hasimuener.de/checkfox-solar-waermepumpe-einordnung/hasim/;1;0;703;0
28;2026-08-26;2026-09-22;2026-07-29;2026-08-25;query_page;current_only;https://hasimuener.de/checkfox-solar-waermepumpe-einordnung/hasim/;"was ist checkfox";0;1;0,0000;10,00;0;0;;;0;1;;15276;"Checkfox für Solar- und Wärmepumpen-Betriebe: Seriosität, Mechanik und Markteinordnung";post;"Checkfox seriös? Erfahrungen & Kosten für Solar-Betriebe";"Ist Checkfox seriös? Unabhängige Einordnung für Solar- & Wärmepumpen-Betriebe: Portal-Mechanik, Kosten-Logik und die Alternative zu gekauften Leads.";https://hasimuener.de/checkfox-solar-waermepumpe-einordnung/hasim/;1;0;703;0
28;2026-08-26;2026-09-22;2026-07-29;2026-08-25;query_page;both;https://hasimuener.de/design-ist-mehr-als-aesthetik/;"ästhetik und funktionalität im design verbinden";0;11;0,0000;16,82;0;19;0,0000;16,11;0;-8;0,71;13492;"Design ist kein Geschmack. Es ist Architektur.";post;"Design ist mehr als Ästhetik – Bedeutung, Wirkung & Praxis";"Warum Design Erwartungen, Verhalten und Vertrauen prägt – digital wie physisch. Geschichte, Psychologie, Semiotik, Ethik & Business-Impact.";https://hasimuener.de/design-ist-mehr-als-aesthetik/hasim/;1;0;2161;0
28;2026-08-26;2026-09-22;2026-07-29;2026-08-25;query_page;both;https://hasimuener.de/design-ist-mehr-als-aesthetik/;"ästhetisch orientiertes design";0;5;0,0000;20,00;0;2;0,0000;23,50;0;3;-3,50;13492;"Design ist kein Geschmack. Es ist Architektur.";post;"Design ist mehr als Ästhetik – Bedeutung, Wirkung & Praxis";"Warum Design Erwartungen, Verhalten und Vertrauen prägt – digital wie physisch. Geschichte, Psychologie, Semiotik, Ethik & Business-Impact.";https://hasimuener.de/design-ist-mehr-als-aesthetik/hasim/;1;0;2161;0
28;2026-08-26;2026-09-22;2026-07-29;2026-08-25;query_page;current_only;https://hasimuener.de/ergebnisse/;"seo weener";0;4;0,0000;95,50;0;0;;;0;4;;14883;Ergebnisse;page;"WordPress-Projekte & Ergebnisse | Haşim Üner";"WordPress-Arbeiten mit konkretem Umsetzungsumfang, eine technische Projektgeschichte, ein eingeordneter Solar-Fall und ein Übergabemuster für Agenturen.";https://hasimuener.de/ergebnisse/;0;1;1023;0
28;2026-08-26;2026-09-22;2026-07-29;2026-08-25;query_page;both;https://hasimuener.de/ga4-tracking-setup/;"ga4 setup agentur";0;2;0,0000;59,00;0;1;0,0000;62,00;0;1;-3,00;13183;"GA4 &amp; Tracking Setup: Die Wahrheit hinter Ihren Daten";page;"GA4 Tracking Setup | WGOS-Cluster von Haşim Üner";"GA4 Tracking Setup als WGOS-Cluster: Tracking Audit, Event-Blueprint, Consent und serverseitige Messung für belastbare Daten.";https://hasimuener.de/ga4-tracking-setup/;1;0;669;0
28;2026-08-26;2026-09-22;2026-07-29;2026-08-25;query_page;current_only;https://hasimuener.de/leadfluss-pv-leads-einordnung/hasim/;leadfluss;0;2;0,0000;13,00;0;0;;;0;2;;15209;"Leadfluss für Solarteure: Markteinordnung des regionalen Videomarketing-Modells";post;"Leadfluss PV-Leads: Markteinordnung";"Leadfluss PV-Leads: regionales Videomarketing, Eigenmarken-Effekt, Ownership-Frage und wirtschaftliche Einordnung.";https://hasimuener.de/leadfluss-pv-leads-einordnung/hasim/;1;0;587;0
28;2026-08-26;2026-09-22;2026-07-29;2026-08-25;query_page;current_only;https://hasimuener.de/qualifizierte-pv-anfragen/;"deine photovoltaik leads";0;2;0,0000;64,00;0;0;;;0;2;;15205;"Qualifizierte PV-Anfragen – Vier Merkmale für hochwertige Leads";page;"Qualifizierte PV-Anfragen: 4 Merkmale guter Solar-Leads";"Vier Merkmale einer qualifizierten Photovoltaik-Anfrage: Intent, Exklusivität, Vorqualifizierung, Echtzeit — mit Praxisbezug aus einer Case Study.";https://hasimuener.de/qualifizierte-pv-anfragen/;1;0;738;0
28;2026-08-26;2026-09-22;2026-07-29;2026-08-25;query_page;both;https://hasimuener.de/server-side-tracking-b2b/;"agentur server side tracking";0;1;0,0000;99,00;0;6;0,0000;96,00;0;-5;3,00;15198;"Server-Side Tracking für B2B-Leadgenerierung";page;"Server-Side Tracking einrichten lassen | GA4, Ads & Consent";"Server-Side Tracking für GA4, Google Ads und Meta CAPI: geprüft, eingerichtet, parallel getestet und dokumentiert. Setup ab 1.290 € netto.";https://hasimuener.de/server-side-tracking-b2b/;1;0;2443;0
28;2026-08-26;2026-09-22;2026-07-29;2026-08-25;query_page;current_only;https://hasimuener.de/server-side-tracking-b2b/;"google server side tracking";0;2;0,0000;91,50;0;0;;;0;2;;15198;"Server-Side Tracking für B2B-Leadgenerierung";page;"Server-Side Tracking einrichten lassen | GA4, Ads & Consent";"Server-Side Tracking für GA4, Google Ads und Meta CAPI: geprüft, eingerichtet, parallel getestet und dokumentiert. Setup ab 1.290 € netto.";https://hasimuener.de/server-side-tracking-b2b/;1;0;2443;0
28;2026-08-26;2026-09-22;2026-07-29;2026-08-25;query_page;both;https://hasimuener.de/server-side-tracking-b2b/;"server side conversion tracking";0;4;0,0000;93,25;0;1;0,0000;69,00;0;3;24,25;15198;"Server-Side Tracking für B2B-Leadgenerierung";page;"Server-Side Tracking einrichten lassen | GA4, Ads & Consent";"Server-Side Tracking für GA4, Google Ads und Meta CAPI: geprüft, eingerichtet, parallel getestet und dokumentiert. Setup ab 1.290 € netto.";https://hasimuener.de/server-side-tracking-b2b/;1;0;2443;0
28;2026-08-26;2026-09-22;2026-07-29;2026-08-25;query_page;current_only;https://hasimuener.de/server-side-tracking-b2b/;"server side gtm experte";0;1;0,0000;100,00;0;0;;;0;1;;15198;"Server-Side Tracking für B2B-Leadgenerierung";page;"Server-Side Tracking einrichten lassen | GA4, Ads & Consent";"Server-Side Tracking für GA4, Google Ads und Meta CAPI: geprüft, eingerichtet, parallel getestet und dokumentiert. Setup ab 1.290 € netto.";https://hasimuener.de/server-side-tracking-b2b/;1;0;2443;0
28;2026-08-26;2026-09-22;2026-07-29;2026-08-25;query_page;both;https://hasimuener.de/server-side-tracking-b2b/;"server side hosting";0;11;0,0000;72,91;0;11;0,0000;78,45;0;0;-5,55;15198;"Server-Side Tracking für B2B-Leadgenerierung";page;"Server-Side Tracking einrichten lassen | GA4, Ads & Consent";"Server-Side Tracking für GA4, Google Ads und Meta CAPI: geprüft, eingerichtet, parallel getestet und dokumentiert. Setup ab 1.290 € netto.";https://hasimuener.de/server-side-tracking-b2b/;1;0;2443;0
28;2026-08-26;2026-09-22;2026-07-29;2026-08-25;query_page;both;https://hasimuener.de/server-side-tracking-b2b/;"server side tracking agentur";0;38;0,0000;95,79;0;97;0,0000;74,87;0;-59;20,92;15198;"Server-Side Tracking für B2B-Leadgenerierung";page;"Server-Side Tracking einrichten lassen | GA4, Ads & Consent";"Server-Side Tracking für GA4, Google Ads und Meta CAPI: geprüft, eingerichtet, parallel getestet und dokumentiert. Setup ab 1.290 € netto.";https://hasimuener.de/server-side-tracking-b2b/;1;0;2443;0
28;2026-08-26;2026-09-22;2026-07-29;2026-08-25;query_page;both;https://hasimuener.de/server-side-tracking-b2b/;"server side tracking einrichten";0;4;0,0000;81,50;0;3;0,0000;75,00;0;1;6,50;15198;"Server-Side Tracking für B2B-Leadgenerierung";page;"Server-Side Tracking einrichten lassen | GA4, Ads & Consent";"Server-Side Tracking für GA4, Google Ads und Meta CAPI: geprüft, eingerichtet, parallel getestet und dokumentiert. Setup ab 1.290 € netto.";https://hasimuener.de/server-side-tracking-b2b/;1;0;2443;0
28;2026-08-26;2026-09-22;2026-07-29;2026-08-25;query_page;both;https://hasimuener.de/server-side-tracking-b2b/;"server side tracking einrichtung";0;20;0,0000;90,80;0;2;0,0000;61,50;0;18;29,30;15198;"Server-Side Tracking für B2B-Leadgenerierung";page;"Server-Side Tracking einrichten lassen | GA4, Ads & Consent";"Server-Side Tracking für GA4, Google Ads und Meta CAPI: geprüft, eingerichtet, parallel getestet und dokumentiert. Setup ab 1.290 € netto.";https://hasimuener.de/server-side-tracking-b2b/;1;0;2443;0
28;2026-08-26;2026-09-22;2026-07-29;2026-08-25;query_page;both;https://hasimuener.de/server-side-tracking-b2b/;"server side tracking formular";0;4;0,0000;95,25;0;5;0,0000;85,00;0;-1;10,25;15198;"Server-Side Tracking für B2B-Leadgenerierung";page;"Server-Side Tracking einrichten lassen | GA4, Ads & Consent";"Server-Side Tracking für GA4, Google Ads und Meta CAPI: geprüft, eingerichtet, parallel getestet und dokumentiert. Setup ab 1.290 € netto.";https://hasimuener.de/server-side-tracking-b2b/;1;0;2443;0
28;2026-08-26;2026-09-22;2026-07-29;2026-08-25;query_page;both;https://hasimuener.de/server-side-tracking-b2b/;"server side tracking ga4";0;4;0,0000;80,75;0;3;0,0000;65,33;0;1;15,42;15198;"Server-Side Tracking für B2B-Leadgenerierung";page;"Server-Side Tracking einrichten lassen | GA4, Ads & Consent";"Server-Side Tracking für GA4, Google Ads und Meta CAPI: geprüft, eingerichtet, parallel getestet und dokumentiert. Setup ab 1.290 € netto.";https://hasimuener.de/server-side-tracking-b2b/;1;0;2443;0
28;2026-08-26;2026-09-22;2026-07-29;2026-08-25;query_page;both;https://hasimuener.de/server-side-tracking-b2b/;"server side tracking kosten";0;10;0,0000;74,20;0;7;0,0000;70,71;0;3;3,49;15198;"Server-Side Tracking für B2B-Leadgenerierung";page;"Server-Side Tracking einrichten lassen | GA4, Ads & Consent";"Server-Side Tracking für GA4, Google Ads und Meta CAPI: geprüft, eingerichtet, parallel getestet und dokumentiert. Setup ab 1.290 € netto.";https://hasimuener.de/server-side-tracking-b2b/;1;0;2443;0
28;2026-08-26;2026-09-22;2026-07-29;2026-08-25;query_page;current_only;https://hasimuener.de/server-side-tracking-b2b/;"server to server tracking";0;1;0,0000;98,00;0;0;;;0;1;;15198;"Server-Side Tracking für B2B-Leadgenerierung";page;"Server-Side Tracking einrichten lassen | GA4, Ads & Consent";"Server-Side Tracking für GA4, Google Ads und Meta CAPI: geprüft, eingerichtet, parallel getestet und dokumentiert. Setup ab 1.290 € netto.";https://hasimuener.de/server-side-tracking-b2b/;1;0;2443;0
28;2026-08-26;2026-09-22;2026-07-29;2026-08-25;query_page;both;https://hasimuener.de/server-side-tracking-b2b/;"serverside tracking agentur";0;8;0,0000;98,25;0;14;0,0000;74,79;0;-6;23,46;15198;"Server-Side Tracking für B2B-Leadgenerierung";page;"Server-Side Tracking einrichten lassen | GA4, Ads & Consent";"Server-Side Tracking für GA4, Google Ads und Meta CAPI: geprüft, eingerichtet, parallel getestet und dokumentiert. Setup ab 1.290 € netto.";https://hasimuener.de/server-side-tracking-b2b/;1;0;2443;0
28;2026-08-26;2026-09-22;2026-07-29;2026-08-25;query_page;current_only;https://hasimuener.de/solar-leads-kosten-studie/;"photovoltaik leads";0;1;0,0000;22,00;0;0;;;0;1;;15255;"Was kosten Solar-Leads? Marktstudie DACH";page;"Solar-Leads Kosten 2026: CPL, CPO & Portal-Vergleich";"Was kosten Solar-Leads wirklich? Marktstudie mit Photovoltaik- und Wärmepumpen-CPL, Cost-per-Order, Portal-Modellen, Methodik und Case-Study-Benchmark.";https://hasimuener.de/solar-leads-kosten-studie/;1;0;915;0
28;2026-08-26;2026-09-22;2026-07-29;2026-08-25;query_page;current_only;https://hasimuener.de/solar-leads-kosten-studie/;photovoltaik-leads;0;1;0,0000;23,00;0;0;;;0;1;;15255;"Was kosten Solar-Leads? Marktstudie DACH";page;"Solar-Leads Kosten 2026: CPL, CPO & Portal-Vergleich";"Was kosten Solar-Leads wirklich? Marktstudie mit Photovoltaik- und Wärmepumpen-CPL, Cost-per-Order, Portal-Modellen, Methodik und Case-Study-Benchmark.";https://hasimuener.de/solar-leads-kosten-studie/;1;0;915;0
28;2026-08-26;2026-09-22;2026-07-29;2026-08-25;query_page;current_only;https://hasimuener.de/solar-leads-kosten-studie/;"solar leads";0;1;0,0000;11,00;0;0;;;0;1;;15255;"Was kosten Solar-Leads? Marktstudie DACH";page;"Solar-Leads Kosten 2026: CPL, CPO & Portal-Vergleich";"Was kosten Solar-Leads wirklich? Marktstudie mit Photovoltaik- und Wärmepumpen-CPL, Cost-per-Order, Portal-Modellen, Methodik und Case-Study-Benchmark.";https://hasimuener.de/solar-leads-kosten-studie/;1;0;915;0
28;2026-08-26;2026-09-22;2026-07-29;2026-08-25;query_page;both;https://hasimuener.de/whitelabel-retainer/;"retainer agentur";0;1;0,0000;57,00;0;28;0,0000;53,79;0;-27;3,21;14885;"Whitelabel &amp; Retainer";page;"White-Label für Agenturen: WordPress, SEO, Tracking";"White-Label für Agenturen: WordPress-Umsetzung, technisches SEO und die vollständige Messkette aus einer Hand. Einstieg über ein Erstprojekt mit fixem Scope und Festpreis.";https://hasimuener.de/whitelabel-retainer/;1;0;1316;0
28;2026-08-26;2026-09-22;2026-07-29;2026-08-25;query_page;current_only;https://hasimuener.de/whitelabel-retainer/;"white label webdesign";0;1;0,0000;74,00;0;0;;;0;1;;14885;"Whitelabel &amp; Retainer";page;"White-Label für Agenturen: WordPress, SEO, Tracking";"White-Label für Agenturen: WordPress-Umsetzung, technisches SEO und die vollständige Messkette aus einer Hand. Einstieg über ein Erstprojekt mit fixem Scope und Festpreis.";https://hasimuener.de/whitelabel-retainer/;1;0;1316;0
28;2026-08-26;2026-09-22;2026-07-29;2026-08-25;query_page;both;https://hasimuener.de/wordpress-agentur-hannover/;"agentur wordpress hannover";0;5;0,0000;32,60;0;8;0,0000;35,13;0;-3;-2,52;10777;"WordPress Agentur Hannover";page;"WordPress Agentur Hannover: SEO, Tracking & CRO";"WordPress Agentur Hannover für messbare B2B-Anfragen: technisches SEO, Server-Side Tracking, CRO. Erst Projektprüfung, dann Umsetzung. CPL-Case: 150 € → 22 €.";https://hasimuener.de/wordpress-agentur-hannover/;1;0;632;0
28;2026-08-26;2026-09-22;2026-07-29;2026-08-25;query_page;both;https://hasimuener.de/wordpress-agentur-hannover/;"woocommerce agentur hannover";0;35;0,0000;30,20;0;44;0,0000;28,95;0;-9;1,25;10777;"WordPress Agentur Hannover";page;"WordPress Agentur Hannover: SEO, Tracking & CRO";"WordPress Agentur Hannover für messbare B2B-Anfragen: technisches SEO, Server-Side Tracking, CRO. Erst Projektprüfung, dann Umsetzung. CPL-Case: 150 € → 22 €.";https://hasimuener.de/wordpress-agentur-hannover/;1;0;632;1
28;2026-08-26;2026-09-22;2026-07-29;2026-08-25;query_page;both;https://hasimuener.de/wordpress-agentur-hannover/;"wordpress agentur hannover";0;162;0,0000;31,75;0;146;0,0000;34,93;0;16;-3,18;10777;"WordPress Agentur Hannover";page;"WordPress Agentur Hannover: SEO, Tracking & CRO";"WordPress Agentur Hannover für messbare B2B-Anfragen: technisches SEO, Server-Side Tracking, CRO. Erst Projektprüfung, dann Umsetzung. CPL-Case: 150 € → 22 €.";https://hasimuener.de/wordpress-agentur-hannover/;1;0;632;0
28;2026-08-26;2026-09-22;2026-07-29;2026-08-25;query_page;both;https://hasimuener.de/wordpress-agentur-hannover/;"wordpress agentur niedersachsen";0;11;0,0000;46,27;0;10;0,0000;69,60;0;1;-23,33;10777;"WordPress Agentur Hannover";page;"WordPress Agentur Hannover: SEO, Tracking & CRO";"WordPress Agentur Hannover für messbare B2B-Anfragen: technisches SEO, Server-Side Tracking, CRO. Erst Projektprüfung, dann Umsetzung. CPL-Case: 150 € → 22 €.";https://hasimuener.de/wordpress-agentur-hannover/;1;0;632;0
28;2026-08-26;2026-09-22;2026-07-29;2026-08-25;query_page;both;https://hasimuener.de/wordpress-agentur-hannover/;"wordpress agenturen hannover";0;13;0,0000;32,23;0;4;0,0000;36,25;0;9;-4,02;10777;"WordPress Agentur Hannover";page;"WordPress Agentur Hannover: SEO, Tracking & CRO";"WordPress Agentur Hannover für messbare B2B-Anfragen: technisches SEO, Server-Side Tracking, CRO. Erst Projektprüfung, dann Umsetzung. CPL-Case: 150 € → 22 €.";https://hasimuener.de/wordpress-agentur-hannover/;1;0;632;0
28;2026-08-26;2026-09-22;2026-07-29;2026-08-25;query_page;current_only;https://hasimuener.de/wordpress-agentur-hannover/;"wordpress entwicklung hannover";0;4;0,0000;46,50;0;0;;;0;4;;10777;"WordPress Agentur Hannover";page;"WordPress Agentur Hannover: SEO, Tracking & CRO";"WordPress Agentur Hannover für messbare B2B-Anfragen: technisches SEO, Server-Side Tracking, CRO. Erst Projektprüfung, dann Umsetzung. CPL-Case: 150 € → 22 €.";https://hasimuener.de/wordpress-agentur-hannover/;1;0;632;0
28;2026-08-26;2026-09-22;2026-07-29;2026-08-25;query_page;both;https://hasimuener.de/wordpress-agentur-hannover/;"wordpress freelancer hannover";0;2;0,0000;43,50;0;19;0,0000;76,00;0;-17;-32,50;10777;"WordPress Agentur Hannover";page;"WordPress Agentur Hannover: SEO, Tracking & CRO";"WordPress Agentur Hannover für messbare B2B-Anfragen: technisches SEO, Server-Side Tracking, CRO. Erst Projektprüfung, dann Umsetzung. CPL-Case: 150 € → 22 €.";https://hasimuener.de/wordpress-agentur-hannover/;1;0;632;0
28;2026-08-26;2026-09-22;2026-07-29;2026-08-25;query_page;both;https://hasimuener.de/wordpress-agentur-hannover/;"wordpress hannover";0;3;0,0000;46,00;0;57;0,0000;47,30;0;-54;-1,30;10777;"WordPress Agentur Hannover";page;"WordPress Agentur Hannover: SEO, Tracking & CRO";"WordPress Agentur Hannover für messbare B2B-Anfragen: technisches SEO, Server-Side Tracking, CRO. Erst Projektprüfung, dann Umsetzung. CPL-Case: 150 € → 22 €.";https://hasimuener.de/wordpress-agentur-hannover/;1;0;632;0
28;2026-08-26;2026-09-22;2026-07-29;2026-08-25;query_page;both;https://hasimuener.de/wordpress-agentur-hannover/;"wordpress seo hannover";0;10;0,0000;21,90;0;10;0,0000;25,20;0;0;-3,30;10777;"WordPress Agentur Hannover";page;"WordPress Agentur Hannover: SEO, Tracking & CRO";"WordPress Agentur Hannover für messbare B2B-Anfragen: technisches SEO, Server-Side Tracking, CRO. Erst Projektprüfung, dann Umsetzung. CPL-Case: 150 € → 22 €.";https://hasimuener.de/wordpress-agentur-hannover/;1;0;632;0
28;2026-08-26;2026-09-22;2026-07-29;2026-08-25;query_page;both;https://hasimuener.de/wordpress-agentur-hannover/;"wordpress suchmaschinenoptimierung hannover";0;7;0,0000;23,43;0;11;0,0000;23,91;0;-4;-0,48;10777;"WordPress Agentur Hannover";page;"WordPress Agentur Hannover: SEO, Tracking & CRO";"WordPress Agentur Hannover für messbare B2B-Anfragen: technisches SEO, Server-Side Tracking, CRO. Erst Projektprüfung, dann Umsetzung. CPL-Case: 150 € → 22 €.";https://hasimuener.de/wordpress-agentur-hannover/;1;0;632;0
28;2026-08-26;2026-09-22;2026-07-29;2026-08-25;query_page;both;https://hasimuener.de/wordpress-freelancer-hannover/;"wordpress freelancer hannover";0;1;0,0000;13,00;0;2;0,0000;18,00;0;-1;-5,00;0;"Legacy Redirect";legacy_redirect;;;https://hasimuener.de/;0;0;0;0
28;2026-08-26;2026-09-22;2026-07-29;2026-08-25;query_page;current_only;https://hasimuener.de/wordpress-projekte-auslagern/;"webdesign auslagern";0;3;0,0000;25,67;0;0;;;0;3;;15335;"WordPress-Projekte auslagern: Klare Prozesse für Agenturen und Freelancer";post;"WordPress-Projekte auslagern: Prozesse für Agenturen";"WordPress-Projekte sauber auslagern: klare Prozesse für Scope, Handoff, Staging, QA, Tracking, Deployment und Handover mit Freelancern.";https://hasimuener.de/wordpress-projekte-auslagern/hasim/;1;0;1169;0
28;2026-08-26;2026-09-22;2026-07-29;2026-08-25;query_page;current_only;https://hasimuener.de/wordpress-projekte-auslagern/hasim/;"webdesign auslagern";0;1;0,0000;26,00;0;0;;;0;1;;15335;"WordPress-Projekte auslagern: Klare Prozesse für Agenturen und Freelancer";post;"WordPress-Projekte auslagern: Prozesse für Agenturen";"WordPress-Projekte sauber auslagern: klare Prozesse für Scope, Handoff, Staging, QA, Tracking, Deployment und Handover mit Freelancern.";https://hasimuener.de/wordpress-projekte-auslagern/hasim/;1;0;1169;0
28;2026-08-26;2026-09-22;2026-07-29;2026-08-25;query_page;previous_only;https://hasimuener.de/aroundhome-solar-einordnung/;"aroundhome erfahrungen handwerker";0;0;;;1;1;1,0000;1,00;-1;-1;;15206;"Aroundhome Erfahrungen für Handwerker: Kosten und Einordnung des Vergleichsportal-Modells";post;"Aroundhome Kosten für Handwerker: Lohnt sich das?";"Was kostet Aroundhome für Handwerker? Rechnen Sie Kosten pro Auftrag mit eigenen Zahlen und prüfen Sie Vertrag, Erfahrungen und Portal-Fit.";https://hasimuener.de/aroundhome-solar-einordnung/hasim/;1;0;1083;0
28;2026-08-26;2026-09-22;2026-07-29;2026-08-25;query_page;previous_only;https://hasimuener.de/aroundhome-solar-einordnung/;"aroundhome kosten für handwerker";0;0;;;1;39;0,0256;6,00;-1;-39;;15206;"Aroundhome Erfahrungen für Handwerker: Kosten und Einordnung des Vergleichsportal-Modells";post;"Aroundhome Kosten für Handwerker: Lohnt sich das?";"Was kostet Aroundhome für Handwerker? Rechnen Sie Kosten pro Auftrag mit eigenen Zahlen und prüfen Sie Vertrag, Erfahrungen und Portal-Fit.";https://hasimuener.de/aroundhome-solar-einordnung/hasim/;1;0;1083;0
28;2026-08-26;2026-09-22;2026-07-29;2026-08-25;query_page;previous_only;https://hasimuener.de/checkfox-solar-waermepumpe-einordnung/;"checkfox leads";0;0;;;1;2;0,5000;11,50;-1;-2;;15276;"Checkfox für Solar- und Wärmepumpen-Betriebe: Seriosität, Mechanik und Markteinordnung";post;"Checkfox seriös? Erfahrungen & Kosten für Solar-Betriebe";"Ist Checkfox seriös? Unabhängige Einordnung für Solar- & Wärmepumpen-Betriebe: Portal-Mechanik, Kosten-Logik und die Alternative zu gekauften Leads.";https://hasimuener.de/checkfox-solar-waermepumpe-einordnung/hasim/;1;0;703;0
28;2026-08-26;2026-09-22;2026-07-29;2026-08-25;query_page;previous_only;https://hasimuener.de/;hasim;0;0;;;0;1;0,0000;8,00;0;-1;;11953;"WordPress-Architektur &amp; Performance Marketing (B2B) · Hannover &amp; DACH";front_page;"WordPress Freelancer für Unternehmen | Haşim Üner, Hannover";"WordPress-Websites, technisches SEO und Tracking bis ins CRM. Direkt vom Entwickler aus Pattensen bei Hannover, Projekte ab 3.400 € netto.";https://hasimuener.de/;1;0;1611;0
28;2026-08-26;2026-09-22;2026-07-29;2026-08-25;query_page;previous_only;https://hasimuener.de/aroundhome-solar-einordnung/;"around home kosten";0;0;;;0;3;0,0000;9,33;0;-3;;15206;"Aroundhome Erfahrungen für Handwerker: Kosten und Einordnung des Vergleichsportal-Modells";post;"Aroundhome Kosten für Handwerker: Lohnt sich das?";"Was kostet Aroundhome für Handwerker? Rechnen Sie Kosten pro Auftrag mit eigenen Zahlen und prüfen Sie Vertrag, Erfahrungen und Portal-Fit.";https://hasimuener.de/aroundhome-solar-einordnung/hasim/;1;0;1083;0
28;2026-08-26;2026-09-22;2026-07-29;2026-08-25;query_page;previous_only;https://hasimuener.de/aroundhome-solar-einordnung/;aroundhome;0;0;;;0;1;0,0000;3,00;0;-1;;15206;"Aroundhome Erfahrungen für Handwerker: Kosten und Einordnung des Vergleichsportal-Modells";post;"Aroundhome Kosten für Handwerker: Lohnt sich das?";"Was kostet Aroundhome für Handwerker? Rechnen Sie Kosten pro Auftrag mit eigenen Zahlen und prüfen Sie Vertrag, Erfahrungen und Portal-Fit.";https://hasimuener.de/aroundhome-solar-einordnung/hasim/;1;0;1083;0
28;2026-08-26;2026-09-22;2026-07-29;2026-08-25;query_page;previous_only;https://hasimuener.de/aroundhome-solar-einordnung/;"aroundhome alternative";0;0;;;0;1;0,0000;19,00;0;-1;;15206;"Aroundhome Erfahrungen für Handwerker: Kosten und Einordnung des Vergleichsportal-Modells";post;"Aroundhome Kosten für Handwerker: Lohnt sich das?";"Was kostet Aroundhome für Handwerker? Rechnen Sie Kosten pro Auftrag mit eigenen Zahlen und prüfen Sie Vertrag, Erfahrungen und Portal-Fit.";https://hasimuener.de/aroundhome-solar-einordnung/hasim/;1;0;1083;0
28;2026-08-26;2026-09-22;2026-07-29;2026-08-25;query_page;previous_only;https://hasimuener.de/aroundhome-solar-einordnung/;"aroundhome bewertung";0;0;;;0;1;0,0000;35,00;0;-1;;15206;"Aroundhome Erfahrungen für Handwerker: Kosten und Einordnung des Vergleichsportal-Modells";post;"Aroundhome Kosten für Handwerker: Lohnt sich das?";"Was kostet Aroundhome für Handwerker? Rechnen Sie Kosten pro Auftrag mit eigenen Zahlen und prüfen Sie Vertrag, Erfahrungen und Portal-Fit.";https://hasimuener.de/aroundhome-solar-einordnung/hasim/;1;0;1083;0
28;2026-08-26;2026-09-22;2026-07-29;2026-08-25;query_page;previous_only;https://hasimuener.de/aroundhome-solar-einordnung/;"aroundhome erfahrungen";0;0;;;0;1;0,0000;33,00;0;-1;;15206;"Aroundhome Erfahrungen für Handwerker: Kosten und Einordnung des Vergleichsportal-Modells";post;"Aroundhome Kosten für Handwerker: Lohnt sich das?";"Was kostet Aroundhome für Handwerker? Rechnen Sie Kosten pro Auftrag mit eigenen Zahlen und prüfen Sie Vertrag, Erfahrungen und Portal-Fit.";https://hasimuener.de/aroundhome-solar-einordnung/hasim/;1;0;1083;0
28;2026-08-26;2026-09-22;2026-07-29;2026-08-25;query_page;previous_only;https://hasimuener.de/aroundhome-solar-einordnung/;"aroundhome kosten";0;0;;;0;75;0,0000;7,59;0;-75;;15206;"Aroundhome Erfahrungen für Handwerker: Kosten und Einordnung des Vergleichsportal-Modells";post;"Aroundhome Kosten für Handwerker: Lohnt sich das?";"Was kostet Aroundhome für Handwerker? Rechnen Sie Kosten pro Auftrag mit eigenen Zahlen und prüfen Sie Vertrag, Erfahrungen und Portal-Fit.";https://hasimuener.de/aroundhome-solar-einordnung/hasim/;1;0;1083;0
28;2026-08-26;2026-09-22;2026-07-29;2026-08-25;query_page;previous_only;https://hasimuener.de/aroundhome-solar-einordnung/;"aroundhome leads kaufen";0;0;;;0;16;0,0000;16,75;0;-16;;15206;"Aroundhome Erfahrungen für Handwerker: Kosten und Einordnung des Vergleichsportal-Modells";post;"Aroundhome Kosten für Handwerker: Lohnt sich das?";"Was kostet Aroundhome für Handwerker? Rechnen Sie Kosten pro Auftrag mit eigenen Zahlen und prüfen Sie Vertrag, Erfahrungen und Portal-Fit.";https://hasimuener.de/aroundhome-solar-einordnung/hasim/;1;0;1083;0
28;2026-08-26;2026-09-22;2026-07-29;2026-08-25;query_page;previous_only;https://hasimuener.de/aroundhome-solar-einordnung/;"aroundhome leads kosten";0;0;;;0;21;0,0000;14,19;0;-21;;15206;"Aroundhome Erfahrungen für Handwerker: Kosten und Einordnung des Vergleichsportal-Modells";post;"Aroundhome Kosten für Handwerker: Lohnt sich das?";"Was kostet Aroundhome für Handwerker? Rechnen Sie Kosten pro Auftrag mit eigenen Zahlen und prüfen Sie Vertrag, Erfahrungen und Portal-Fit.";https://hasimuener.de/aroundhome-solar-einordnung/hasim/;1;0;1083;0
28;2026-08-26;2026-09-22;2026-07-29;2026-08-25;query_page;previous_only;https://hasimuener.de/aroundhome-solar-einordnung/;"aroundhome login";0;0;;;0;3;0,0000;10,33;0;-3;;15206;"Aroundhome Erfahrungen für Handwerker: Kosten und Einordnung des Vergleichsportal-Modells";post;"Aroundhome Kosten für Handwerker: Lohnt sich das?";"Was kostet Aroundhome für Handwerker? Rechnen Sie Kosten pro Auftrag mit eigenen Zahlen und prüfen Sie Vertrag, Erfahrungen und Portal-Fit.";https://hasimuener.de/aroundhome-solar-einordnung/hasim/;1;0;1083;0
28;2026-08-26;2026-09-22;2026-07-29;2026-08-25;query_page;previous_only;https://hasimuener.de/aroundhome-solar-einordnung/;"aroundhome pv";0;0;;;0;2;0,0000;12,00;0;-2;;15206;"Aroundhome Erfahrungen für Handwerker: Kosten und Einordnung des Vergleichsportal-Modells";post;"Aroundhome Kosten für Handwerker: Lohnt sich das?";"Was kostet Aroundhome für Handwerker? Rechnen Sie Kosten pro Auftrag mit eigenen Zahlen und prüfen Sie Vertrag, Erfahrungen und Portal-Fit.";https://hasimuener.de/aroundhome-solar-einordnung/hasim/;1;0;1083;0
28;2026-08-26;2026-09-22;2026-07-29;2026-08-25;query_page;previous_only;https://hasimuener.de/aroundhome-solar-einordnung/;"aroundhome solar";0;0;;;0;7;0,0000;13,29;0;-7;;15206;"Aroundhome Erfahrungen für Handwerker: Kosten und Einordnung des Vergleichsportal-Modells";post;"Aroundhome Kosten für Handwerker: Lohnt sich das?";"Was kostet Aroundhome für Handwerker? Rechnen Sie Kosten pro Auftrag mit eigenen Zahlen und prüfen Sie Vertrag, Erfahrungen und Portal-Fit.";https://hasimuener.de/aroundhome-solar-einordnung/hasim/;1;0;1083;0
28;2026-08-26;2026-09-22;2026-07-29;2026-08-25;query_page;previous_only;https://hasimuener.de/aroundhome-solar-einordnung/;"aroundhome solar erfahrungen";0;0;;;0;12;0,0000;8,42;0;-12;;15206;"Aroundhome Erfahrungen für Handwerker: Kosten und Einordnung des Vergleichsportal-Modells";post;"Aroundhome Kosten für Handwerker: Lohnt sich das?";"Was kostet Aroundhome für Handwerker? Rechnen Sie Kosten pro Auftrag mit eigenen Zahlen und prüfen Sie Vertrag, Erfahrungen und Portal-Fit.";https://hasimuener.de/aroundhome-solar-einordnung/hasim/;1;0;1083;0
28;2026-08-26;2026-09-22;2026-07-29;2026-08-25;query_page;previous_only;https://hasimuener.de/aroundhome-solar-einordnung/;"aroundhome solaranlage";0;0;;;0;21;0,0000;14,05;0;-21;;15206;"Aroundhome Erfahrungen für Handwerker: Kosten und Einordnung des Vergleichsportal-Modells";post;"Aroundhome Kosten für Handwerker: Lohnt sich das?";"Was kostet Aroundhome für Handwerker? Rechnen Sie Kosten pro Auftrag mit eigenen Zahlen und prüfen Sie Vertrag, Erfahrungen und Portal-Fit.";https://hasimuener.de/aroundhome-solar-einordnung/hasim/;1;0;1083;0
28;2026-08-26;2026-09-22;2026-07-29;2026-08-25;query_page;previous_only;https://hasimuener.de/aroundhome-solar-einordnung/;"aroundhome wp";0;0;;;0;6;0,0000;7,67;0;-6;;15206;"Aroundhome Erfahrungen für Handwerker: Kosten und Einordnung des Vergleichsportal-Modells";post;"Aroundhome Kosten für Handwerker: Lohnt sich das?";"Was kostet Aroundhome für Handwerker? Rechnen Sie Kosten pro Auftrag mit eigenen Zahlen und prüfen Sie Vertrag, Erfahrungen und Portal-Fit.";https://hasimuener.de/aroundhome-solar-einordnung/hasim/;1;0;1083;0
28;2026-08-26;2026-09-22;2026-07-29;2026-08-25;query_page;previous_only;https://hasimuener.de/aroundhome-solar-einordnung/;"gibt es plattformen wie aroundhome für heimwerker?";0;0;;;0;1;0,0000;10,00;0;-1;;15206;"Aroundhome Erfahrungen für Handwerker: Kosten und Einordnung des Vergleichsportal-Modells";post;"Aroundhome Kosten für Handwerker: Lohnt sich das?";"Was kostet Aroundhome für Handwerker? Rechnen Sie Kosten pro Auftrag mit eigenen Zahlen und prüfen Sie Vertrag, Erfahrungen und Portal-Fit.";https://hasimuener.de/aroundhome-solar-einordnung/hasim/;1;0;1083;0
28;2026-08-26;2026-09-22;2026-07-29;2026-08-25;query_page;previous_only;https://hasimuener.de/aroundhome-solar-einordnung/;"welche alternativen gibt es zu myhammer?";0;0;;;0;1;0,0000;19,00;0;-1;;15206;"Aroundhome Erfahrungen für Handwerker: Kosten und Einordnung des Vergleichsportal-Modells";post;"Aroundhome Kosten für Handwerker: Lohnt sich das?";"Was kostet Aroundhome für Handwerker? Rechnen Sie Kosten pro Auftrag mit eigenen Zahlen und prüfen Sie Vertrag, Erfahrungen und Portal-Fit.";https://hasimuener.de/aroundhome-solar-einordnung/hasim/;1;0;1083;0
28;2026-08-26;2026-09-22;2026-07-29;2026-08-25;query_page;previous_only;https://hasimuener.de/aroundhome-solar-einordnung/;"wie funktioniert aroundhome?";0;0;;;0;1;0,0000;12,00;0;-1;;15206;"Aroundhome Erfahrungen für Handwerker: Kosten und Einordnung des Vergleichsportal-Modells";post;"Aroundhome Kosten für Handwerker: Lohnt sich das?";"Was kostet Aroundhome für Handwerker? Rechnen Sie Kosten pro Auftrag mit eigenen Zahlen und prüfen Sie Vertrag, Erfahrungen und Portal-Fit.";https://hasimuener.de/aroundhome-solar-einordnung/hasim/;1;0;1083;0
28;2026-08-26;2026-09-22;2026-07-29;2026-08-25;query_page;previous_only;https://hasimuener.de/aroundhome-solar-einordnung/;"wie funktioniert der service von aroundhome zur vermittlung von handwerksbetrieben?";0;0;;;0;1;0,0000;11,00;0;-1;;15206;"Aroundhome Erfahrungen für Handwerker: Kosten und Einordnung des Vergleichsportal-Modells";post;"Aroundhome Kosten für Handwerker: Lohnt sich das?";"Was kostet Aroundhome für Handwerker? Rechnen Sie Kosten pro Auftrag mit eigenen Zahlen und prüfen Sie Vertrag, Erfahrungen und Portal-Fit.";https://hasimuener.de/aroundhome-solar-einordnung/hasim/;1;0;1083;0
28;2026-08-26;2026-09-22;2026-07-29;2026-08-25;query_page;previous_only;https://hasimuener.de/b2b-solar-leads/;"b2b-handel solar";0;0;;;0;2;0,0000;53,50;0;-2;;15199;"B2B Solar Leads – gewerbliche Photovoltaik-Anfrage-Systeme";page;"PV-Termine B2B: qualifizierte Gewerbe-PV-Anfragen";"PV-Termine B2B für Gewerbe-PV: Projektwert, Technik und Buying-Center vorqualifizieren. Eigener Anfrageweg statt Termine ohne Projektsubstanz.";https://hasimuener.de/b2b-solar-leads/;1;0;1423;0
28;2026-08-26;2026-09-22;2026-07-29;2026-08-25;query_page;previous_only;https://hasimuener.de/b2b-solar-leads/;"buy solar leads";0;0;;;0;1;0,0000;67,00;0;-1;;15199;"B2B Solar Leads – gewerbliche Photovoltaik-Anfrage-Systeme";page;"PV-Termine B2B: qualifizierte Gewerbe-PV-Anfragen";"PV-Termine B2B für Gewerbe-PV: Projektwert, Technik und Buying-Center vorqualifizieren. Eigener Anfrageweg statt Termine ohne Projektsubstanz.";https://hasimuener.de/b2b-solar-leads/;1;0;1423;0
28;2026-08-26;2026-09-22;2026-07-29;2026-08-25;query_page;previous_only;https://hasimuener.de/b2b-solar-leads/;"energieberater leads";0;0;;;0;3;0,0000;55,00;0;-3;;15199;"B2B Solar Leads – gewerbliche Photovoltaik-Anfrage-Systeme";page;"PV-Termine B2B: qualifizierte Gewerbe-PV-Anfragen";"PV-Termine B2B für Gewerbe-PV: Projektwert, Technik und Buying-Center vorqualifizieren. Eigener Anfrageweg statt Termine ohne Projektsubstanz.";https://hasimuener.de/b2b-solar-leads/;1;0;1423;0
28;2026-08-26;2026-09-22;2026-07-29;2026-08-25;query_page;previous_only;https://hasimuener.de/b2b-solar-leads/;"energieprojekte b2b deutschland";0;0;;;0;1;0,0000;58,00;0;-1;;15199;"B2B Solar Leads – gewerbliche Photovoltaik-Anfrage-Systeme";page;"PV-Termine B2B: qualifizierte Gewerbe-PV-Anfragen";"PV-Termine B2B für Gewerbe-PV: Projektwert, Technik und Buying-Center vorqualifizieren. Eigener Anfrageweg statt Termine ohne Projektsubstanz.";https://hasimuener.de/b2b-solar-leads/;1;0;1423;0
28;2026-08-26;2026-09-22;2026-07-29;2026-08-25;query_page;previous_only;https://hasimuener.de/b2b-solar-leads/;"leadgenerator solar";0;0;;;0;1;0,0000;64,00;0;-1;;15199;"B2B Solar Leads – gewerbliche Photovoltaik-Anfrage-Systeme";page;"PV-Termine B2B: qualifizierte Gewerbe-PV-Anfragen";"PV-Termine B2B für Gewerbe-PV: Projektwert, Technik und Buying-Center vorqualifizieren. Eigener Anfrageweg statt Termine ohne Projektsubstanz.";https://hasimuener.de/b2b-solar-leads/;1;0;1423;0
28;2026-08-26;2026-09-22;2026-07-29;2026-08-25;query_page;previous_only;https://hasimuener.de/b2b-solar-leads/;"leadgenerierung photovoltaik";0;0;;;0;64;0,0000;50,53;0;-64;;15199;"B2B Solar Leads – gewerbliche Photovoltaik-Anfrage-Systeme";page;"PV-Termine B2B: qualifizierte Gewerbe-PV-Anfragen";"PV-Termine B2B für Gewerbe-PV: Projektwert, Technik und Buying-Center vorqualifizieren. Eigener Anfrageweg statt Termine ohne Projektsubstanz.";https://hasimuener.de/b2b-solar-leads/;1;0;1423;0
28;2026-08-26;2026-09-22;2026-07-29;2026-08-25;query_page;previous_only;https://hasimuener.de/b2b-solar-leads/;"leads kaufen photovoltaik";0;0;;;0;33;0,0000;76,21;0;-33;;15199;"B2B Solar Leads – gewerbliche Photovoltaik-Anfrage-Systeme";page;"PV-Termine B2B: qualifizierte Gewerbe-PV-Anfragen";"PV-Termine B2B für Gewerbe-PV: Projektwert, Technik und Buying-Center vorqualifizieren. Eigener Anfrageweg statt Termine ohne Projektsubstanz.";https://hasimuener.de/b2b-solar-leads/;1;0;1423;0
28;2026-08-26;2026-09-22;2026-07-29;2026-08-25;query_page;previous_only;https://hasimuener.de/b2b-solar-leads/;"leads photovoltaik";0;0;;;0;3;0,0000;57,67;0;-3;;15199;"B2B Solar Leads – gewerbliche Photovoltaik-Anfrage-Systeme";page;"PV-Termine B2B: qualifizierte Gewerbe-PV-Anfragen";"PV-Termine B2B für Gewerbe-PV: Projektwert, Technik und Buying-Center vorqualifizieren. Eigener Anfrageweg statt Termine ohne Projektsubstanz.";https://hasimuener.de/b2b-solar-leads/;1;0;1423;0
28;2026-08-26;2026-09-22;2026-07-29;2026-08-25;query_page;previous_only;https://hasimuener.de/b2b-solar-leads/;"leads solar";0;0;;;0;7;0,0000;53,14;0;-7;;15199;"B2B Solar Leads – gewerbliche Photovoltaik-Anfrage-Systeme";page;"PV-Termine B2B: qualifizierte Gewerbe-PV-Anfragen";"PV-Termine B2B für Gewerbe-PV: Projektwert, Technik und Buying-Center vorqualifizieren. Eigener Anfrageweg statt Termine ohne Projektsubstanz.";https://hasimuener.de/b2b-solar-leads/;1;0;1423;0
28;2026-08-26;2026-09-22;2026-07-29;2026-08-25;query_page;previous_only;https://hasimuener.de/b2b-solar-leads/;"photovoltaik leads";0;0;;;0;64;0,0000;59,38;0;-64;;15199;"B2B Solar Leads – gewerbliche Photovoltaik-Anfrage-Systeme";page;"PV-Termine B2B: qualifizierte Gewerbe-PV-Anfragen";"PV-Termine B2B für Gewerbe-PV: Projektwert, Technik und Buying-Center vorqualifizieren. Eigener Anfrageweg statt Termine ohne Projektsubstanz.";https://hasimuener.de/b2b-solar-leads/;1;0;1423;0
28;2026-08-26;2026-09-22;2026-07-29;2026-08-25;query_page;previous_only;https://hasimuener.de/b2b-solar-leads/;"photovoltaik leads kaufen";0;0;;;0;14;0,0000;61,71;0;-14;;15199;"B2B Solar Leads – gewerbliche Photovoltaik-Anfrage-Systeme";page;"PV-Termine B2B: qualifizierte Gewerbe-PV-Anfragen";"PV-Termine B2B für Gewerbe-PV: Projektwert, Technik und Buying-Center vorqualifizieren. Eigener Anfrageweg statt Termine ohne Projektsubstanz.";https://hasimuener.de/b2b-solar-leads/;1;0;1423;0
28;2026-08-26;2026-09-22;2026-07-29;2026-08-25;query_page;previous_only;https://hasimuener.de/b2b-solar-leads/;"photovoltaik marketing";0;0;;;0;2;0,0000;75,50;0;-2;;15199;"B2B Solar Leads – gewerbliche Photovoltaik-Anfrage-Systeme";page;"PV-Termine B2B: qualifizierte Gewerbe-PV-Anfragen";"PV-Termine B2B für Gewerbe-PV: Projektwert, Technik und Buying-Center vorqualifizieren. Eigener Anfrageweg statt Termine ohne Projektsubstanz.";https://hasimuener.de/b2b-solar-leads/;1;0;1423;0
28;2026-08-26;2026-09-22;2026-07-29;2026-08-25;query_page;previous_only;https://hasimuener.de/b2b-solar-leads/;photovoltaik-leads;0;0;;;0;1;0,0000;60,00;0;-1;;15199;"B2B Solar Leads – gewerbliche Photovoltaik-Anfrage-Systeme";page;"PV-Termine B2B: qualifizierte Gewerbe-PV-Anfragen";"PV-Termine B2B für Gewerbe-PV: Projektwert, Technik und Buying-Center vorqualifizieren. Eigener Anfrageweg statt Termine ohne Projektsubstanz.";https://hasimuener.de/b2b-solar-leads/;1;0;1423;0
28;2026-08-26;2026-09-22;2026-07-29;2026-08-25;query_page;previous_only;https://hasimuener.de/b2b-solar-leads/;"pv aufträge";0;0;;;0;1;0,0000;57,00;0;-1;;15199;"B2B Solar Leads – gewerbliche Photovoltaik-Anfrage-Systeme";page;"PV-Termine B2B: qualifizierte Gewerbe-PV-Anfragen";"PV-Termine B2B für Gewerbe-PV: Projektwert, Technik und Buying-Center vorqualifizieren. Eigener Anfrageweg statt Termine ohne Projektsubstanz.";https://hasimuener.de/b2b-solar-leads/;1;0;1423;0
28;2026-08-26;2026-09-22;2026-07-29;2026-08-25;query_page;previous_only;https://hasimuener.de/b2b-solar-leads/;"pv business deutschland";0;0;;;0;5;0,0000;87,20;0;-5;;15199;"B2B Solar Leads – gewerbliche Photovoltaik-Anfrage-Systeme";page;"PV-Termine B2B: qualifizierte Gewerbe-PV-Anfragen";"PV-Termine B2B für Gewerbe-PV: Projektwert, Technik und Buying-Center vorqualifizieren. Eigener Anfrageweg statt Termine ohne Projektsubstanz.";https://hasimuener.de/b2b-solar-leads/;1;0;1423;0
28;2026-08-26;2026-09-22;2026-07-29;2026-08-25;query_page;previous_only;https://hasimuener.de/b2b-solar-leads/;"pv epc unternehmensverkauf";0;0;;;0;3;0,0000;98,67;0;-3;;15199;"B2B Solar Leads – gewerbliche Photovoltaik-Anfrage-Systeme";page;"PV-Termine B2B: qualifizierte Gewerbe-PV-Anfragen";"PV-Termine B2B für Gewerbe-PV: Projektwert, Technik und Buying-Center vorqualifizieren. Eigener Anfrageweg statt Termine ohne Projektsubstanz.";https://hasimuener.de/b2b-solar-leads/;1;0;1423;0
28;2026-08-26;2026-09-22;2026-07-29;2026-08-25;query_page;previous_only;https://hasimuener.de/b2b-solar-leads/;"pv lead";0;0;;;0;2;0,0000;51,00;0;-2;;15199;"B2B Solar Leads – gewerbliche Photovoltaik-Anfrage-Systeme";page;"PV-Termine B2B: qualifizierte Gewerbe-PV-Anfragen";"PV-Termine B2B für Gewerbe-PV: Projektwert, Technik und Buying-Center vorqualifizieren. Eigener Anfrageweg statt Termine ohne Projektsubstanz.";https://hasimuener.de/b2b-solar-leads/;1;0;1423;0
28;2026-08-26;2026-09-22;2026-07-29;2026-08-25;query_page;previous_only;https://hasimuener.de/b2b-solar-leads/;"pv leads generieren";0;0;;;0;1;0,0000;68,00;0;-1;;15199;"B2B Solar Leads – gewerbliche Photovoltaik-Anfrage-Systeme";page;"PV-Termine B2B: qualifizierte Gewerbe-PV-Anfragen";"PV-Termine B2B für Gewerbe-PV: Projektwert, Technik und Buying-Center vorqualifizieren. Eigener Anfrageweg statt Termine ohne Projektsubstanz.";https://hasimuener.de/b2b-solar-leads/;1;0;1423;0
28;2026-08-26;2026-09-22;2026-07-29;2026-08-25;query_page;previous_only;https://hasimuener.de/b2b-solar-leads/;"pv leads kaufen";0;0;;;0;9;0,0000;68,78;0;-9;;15199;"B2B Solar Leads – gewerbliche Photovoltaik-Anfrage-Systeme";page;"PV-Termine B2B: qualifizierte Gewerbe-PV-Anfragen";"PV-Termine B2B für Gewerbe-PV: Projektwert, Technik und Buying-Center vorqualifizieren. Eigener Anfrageweg statt Termine ohne Projektsubstanz.";https://hasimuener.de/b2b-solar-leads/;1;0;1423;0
28;2026-08-26;2026-09-22;2026-07-29;2026-08-25;query_page;previous_only;https://hasimuener.de/b2b-solar-leads/;pv-leads;0;0;;;0;2;0,0000;52,00;0;-2;;15199;"B2B Solar Leads – gewerbliche Photovoltaik-Anfrage-Systeme";page;"PV-Termine B2B: qualifizierte Gewerbe-PV-Anfragen";"PV-Termine B2B für Gewerbe-PV: Projektwert, Technik und Buying-Center vorqualifizieren. Eigener Anfrageweg statt Termine ohne Projektsubstanz.";https://hasimuener.de/b2b-solar-leads/;1;0;1423;0
28;2026-08-26;2026-09-22;2026-07-29;2026-08-25;query_page;previous_only;https://hasimuener.de/b2b-solar-leads/;"pvb vertrieb";0;0;;;0;2;0,0000;64,50;0;-2;;15199;"B2B Solar Leads – gewerbliche Photovoltaik-Anfrage-Systeme";page;"PV-Termine B2B: qualifizierte Gewerbe-PV-Anfragen";"PV-Termine B2B für Gewerbe-PV: Projektwert, Technik und Buying-Center vorqualifizieren. Eigener Anfrageweg statt Termine ohne Projektsubstanz.";https://hasimuener.de/b2b-solar-leads/;1;0;1423;0
28;2026-08-26;2026-09-22;2026-07-29;2026-08-25;query_page;previous_only;https://hasimuener.de/b2b-solar-leads/;"qualifizierte energie leads";0;0;;;0;2;0,0000;44,00;0;-2;;15199;"B2B Solar Leads – gewerbliche Photovoltaik-Anfrage-Systeme";page;"PV-Termine B2B: qualifizierte Gewerbe-PV-Anfragen";"PV-Termine B2B für Gewerbe-PV: Projektwert, Technik und Buying-Center vorqualifizieren. Eigener Anfrageweg statt Termine ohne Projektsubstanz.";https://hasimuener.de/b2b-solar-leads/;1;0;1423;0
28;2026-08-26;2026-09-22;2026-07-29;2026-08-25;query_page;previous_only;https://hasimuener.de/b2b-solar-leads/;"solar b2b";0;0;;;0;21;0,0000;55,57;0;-21;;15199;"B2B Solar Leads – gewerbliche Photovoltaik-Anfrage-Systeme";page;"PV-Termine B2B: qualifizierte Gewerbe-PV-Anfragen";"PV-Termine B2B für Gewerbe-PV: Projektwert, Technik und Buying-Center vorqualifizieren. Eigener Anfrageweg statt Termine ohne Projektsubstanz.";https://hasimuener.de/b2b-solar-leads/;1;0;1423;0
28;2026-08-26;2026-09-22;2026-07-29;2026-08-25;query_page;previous_only;https://hasimuener.de/b2b-solar-leads/;"solar lead generation";0;0;;;0;3;0,0000;61,33;0;-3;;15199;"B2B Solar Leads – gewerbliche Photovoltaik-Anfrage-Systeme";page;"PV-Termine B2B: qualifizierte Gewerbe-PV-Anfragen";"PV-Termine B2B für Gewerbe-PV: Projektwert, Technik und Buying-Center vorqualifizieren. Eigener Anfrageweg statt Termine ohne Projektsubstanz.";https://hasimuener.de/b2b-solar-leads/;1;0;1423;0
28;2026-08-26;2026-09-22;2026-07-29;2026-08-25;query_page;previous_only;https://hasimuener.de/b2b-solar-leads/;"solar lead generator";0;0;;;0;1;0,0000;88,00;0;-1;;15199;"B2B Solar Leads – gewerbliche Photovoltaik-Anfrage-Systeme";page;"PV-Termine B2B: qualifizierte Gewerbe-PV-Anfragen";"PV-Termine B2B für Gewerbe-PV: Projektwert, Technik und Buying-Center vorqualifizieren. Eigener Anfrageweg statt Termine ohne Projektsubstanz.";https://hasimuener.de/b2b-solar-leads/;1;0;1423;0
28;2026-08-26;2026-09-22;2026-07-29;2026-08-25;query_page;previous_only;https://hasimuener.de/b2b-solar-leads/;"solar leads";0;0;;;0;14;0,0000;52,50;0;-14;;15199;"B2B Solar Leads – gewerbliche Photovoltaik-Anfrage-Systeme";page;"PV-Termine B2B: qualifizierte Gewerbe-PV-Anfragen";"PV-Termine B2B für Gewerbe-PV: Projektwert, Technik und Buying-Center vorqualifizieren. Eigener Anfrageweg statt Termine ohne Projektsubstanz.";https://hasimuener.de/b2b-solar-leads/;1;0;1423;0
28;2026-08-26;2026-09-22;2026-07-29;2026-08-25;query_page;previous_only;https://hasimuener.de/b2b-solar-leads/;"solar leads kaufen";0;0;;;0;38;0,0000;68,32;0;-38;;15199;"B2B Solar Leads – gewerbliche Photovoltaik-Anfrage-Systeme";page;"PV-Termine B2B: qualifizierte Gewerbe-PV-Anfragen";"PV-Termine B2B für Gewerbe-PV: Projektwert, Technik und Buying-Center vorqualifizieren. Eigener Anfrageweg statt Termine ohne Projektsubstanz.";https://hasimuener.de/b2b-solar-leads/;1;0;1423;0
28;2026-08-26;2026-09-22;2026-07-29;2026-08-25;query_page;previous_only;https://hasimuener.de/b2b-solar-leads/;solarleads;0;0;;;0;2;0,0000;37,50;0;-2;;15199;"B2B Solar Leads – gewerbliche Photovoltaik-Anfrage-Systeme";page;"PV-Termine B2B: qualifizierte Gewerbe-PV-Anfragen";"PV-Termine B2B für Gewerbe-PV: Projektwert, Technik und Buying-Center vorqualifizieren. Eigener Anfrageweg statt Termine ohne Projektsubstanz.";https://hasimuener.de/b2b-solar-leads/;1;0;1423;0
28;2026-08-26;2026-09-22;2026-07-29;2026-08-25;query_page;previous_only;https://hasimuener.de/b2b-solar-leads/;"strom leads gewerbe";0;0;;;0;1;0,0000;54,00;0;-1;;15199;"B2B Solar Leads – gewerbliche Photovoltaik-Anfrage-Systeme";page;"PV-Termine B2B: qualifizierte Gewerbe-PV-Anfragen";"PV-Termine B2B für Gewerbe-PV: Projektwert, Technik und Buying-Center vorqualifizieren. Eigener Anfrageweg statt Termine ohne Projektsubstanz.";https://hasimuener.de/b2b-solar-leads/;1;0;1423;0
28;2026-08-26;2026-09-22;2026-07-29;2026-08-25;query_page;previous_only;https://hasimuener.de/b2b-solar-leads/;"vertrieb von photovoltaikmodulen";0;0;;;0;1;0,0000;90,00;0;-1;;15199;"B2B Solar Leads – gewerbliche Photovoltaik-Anfrage-Systeme";page;"PV-Termine B2B: qualifizierte Gewerbe-PV-Anfragen";"PV-Termine B2B für Gewerbe-PV: Projektwert, Technik und Buying-Center vorqualifizieren. Eigener Anfrageweg statt Termine ohne Projektsubstanz.";https://hasimuener.de/b2b-solar-leads/;1;0;1423;0
28;2026-08-26;2026-09-22;2026-07-29;2026-08-25;query_page;previous_only;https://hasimuener.de/checkfox-solar-waermepumpe-einordnung/;"checkfox hörgeräte erfahrungen";0;0;;;0;1;0,0000;1,00;0;-1;;15276;"Checkfox für Solar- und Wärmepumpen-Betriebe: Seriosität, Mechanik und Markteinordnung";post;"Checkfox seriös? Erfahrungen & Kosten für Solar-Betriebe";"Ist Checkfox seriös? Unabhängige Einordnung für Solar- & Wärmepumpen-Betriebe: Portal-Mechanik, Kosten-Logik und die Alternative zu gekauften Leads.";https://hasimuener.de/checkfox-solar-waermepumpe-einordnung/hasim/;1;0;703;0
28;2026-08-26;2026-09-22;2026-07-29;2026-08-25;query_page;previous_only;https://hasimuener.de/checkfox-solar-waermepumpe-einordnung/;"checkfox pro leads";0;0;;;0;14;0,0000;9,86;0;-14;;15276;"Checkfox für Solar- und Wärmepumpen-Betriebe: Seriosität, Mechanik und Markteinordnung";post;"Checkfox seriös? Erfahrungen & Kosten für Solar-Betriebe";"Ist Checkfox seriös? Unabhängige Einordnung für Solar- & Wärmepumpen-Betriebe: Portal-Mechanik, Kosten-Logik und die Alternative zu gekauften Leads.";https://hasimuener.de/checkfox-solar-waermepumpe-einordnung/hasim/;1;0;703;0
28;2026-08-26;2026-09-22;2026-07-29;2026-08-25;query_page;previous_only;https://hasimuener.de/checkfox-solar-waermepumpe-einordnung/;"checkfox service gmbh";0;0;;;0;3;0,0000;25,33;0;-3;;15276;"Checkfox für Solar- und Wärmepumpen-Betriebe: Seriosität, Mechanik und Markteinordnung";post;"Checkfox seriös? Erfahrungen & Kosten für Solar-Betriebe";"Ist Checkfox seriös? Unabhängige Einordnung für Solar- & Wärmepumpen-Betriebe: Portal-Mechanik, Kosten-Logik und die Alternative zu gekauften Leads.";https://hasimuener.de/checkfox-solar-waermepumpe-einordnung/hasim/;1;0;703;0
28;2026-08-26;2026-09-22;2026-07-29;2026-08-25;query_page;previous_only;https://hasimuener.de/checkfox-solar-waermepumpe-einordnung/;"checkfox service gmbh erfahrungen";0;0;;;0;4;0,0000;9,25;0;-4;;15276;"Checkfox für Solar- und Wärmepumpen-Betriebe: Seriosität, Mechanik und Markteinordnung";post;"Checkfox seriös? Erfahrungen & Kosten für Solar-Betriebe";"Ist Checkfox seriös? Unabhängige Einordnung für Solar- & Wärmepumpen-Betriebe: Portal-Mechanik, Kosten-Logik und die Alternative zu gekauften Leads.";https://hasimuener.de/checkfox-solar-waermepumpe-einordnung/hasim/;1;0;703;0
28;2026-08-26;2026-09-22;2026-07-29;2026-08-25;query_page;previous_only;https://hasimuener.de/checkfox-solar-waermepumpe-einordnung/;"checkfox solar seriös";0;0;;;0;7;0,0000;5,57;0;-7;;15276;"Checkfox für Solar- und Wärmepumpen-Betriebe: Seriosität, Mechanik und Markteinordnung";post;"Checkfox seriös? Erfahrungen & Kosten für Solar-Betriebe";"Ist Checkfox seriös? Unabhängige Einordnung für Solar- & Wärmepumpen-Betriebe: Portal-Mechanik, Kosten-Logik und die Alternative zu gekauften Leads.";https://hasimuener.de/checkfox-solar-waermepumpe-einordnung/hasim/;1;0;703;0
28;2026-08-26;2026-09-22;2026-07-29;2026-08-25;query_page;previous_only;https://hasimuener.de/checkfox-solar-waermepumpe-einordnung/;"checkfox wärmepumpe";0;0;;;0;7;0,0000;11,14;0;-7;;15276;"Checkfox für Solar- und Wärmepumpen-Betriebe: Seriosität, Mechanik und Markteinordnung";post;"Checkfox seriös? Erfahrungen & Kosten für Solar-Betriebe";"Ist Checkfox seriös? Unabhängige Einordnung für Solar- & Wärmepumpen-Betriebe: Portal-Mechanik, Kosten-Logik und die Alternative zu gekauften Leads.";https://hasimuener.de/checkfox-solar-waermepumpe-einordnung/hasim/;1;0;703;0
28;2026-08-26;2026-09-22;2026-07-29;2026-08-25;query_page;previous_only;https://hasimuener.de/checkfox-solar-waermepumpe-einordnung/;"checkfox.de seriös";0;0;;;0;1;0,0000;11,00;0;-1;;15276;"Checkfox für Solar- und Wärmepumpen-Betriebe: Seriosität, Mechanik und Markteinordnung";post;"Checkfox seriös? Erfahrungen & Kosten für Solar-Betriebe";"Ist Checkfox seriös? Unabhängige Einordnung für Solar- & Wärmepumpen-Betriebe: Portal-Mechanik, Kosten-Logik und die Alternative zu gekauften Leads.";https://hasimuener.de/checkfox-solar-waermepumpe-einordnung/hasim/;1;0;703;0
28;2026-08-26;2026-09-22;2026-07-29;2026-08-25;query_page;previous_only;https://hasimuener.de/checkfox-solar-waermepumpe-einordnung/;"erfahrungen checkfox";0;0;;;0;1;0,0000;9,00;0;-1;;15276;"Checkfox für Solar- und Wärmepumpen-Betriebe: Seriosität, Mechanik und Markteinordnung";post;"Checkfox seriös? Erfahrungen & Kosten für Solar-Betriebe";"Ist Checkfox seriös? Unabhängige Einordnung für Solar- & Wärmepumpen-Betriebe: Portal-Mechanik, Kosten-Logik und die Alternative zu gekauften Leads.";https://hasimuener.de/checkfox-solar-waermepumpe-einordnung/hasim/;1;0;703;0
28;2026-08-26;2026-09-22;2026-07-29;2026-08-25;query_page;previous_only;https://hasimuener.de/checkfox-solar-waermepumpe-einordnung/;"wer ist checkfox";0;0;;;0;8;0,0000;9,50;0;-8;;15276;"Checkfox für Solar- und Wärmepumpen-Betriebe: Seriosität, Mechanik und Markteinordnung";post;"Checkfox seriös? Erfahrungen & Kosten für Solar-Betriebe";"Ist Checkfox seriös? Unabhängige Einordnung für Solar- & Wärmepumpen-Betriebe: Portal-Mechanik, Kosten-Logik und die Alternative zu gekauften Leads.";https://hasimuener.de/checkfox-solar-waermepumpe-einordnung/hasim/;1;0;703;0
28;2026-08-26;2026-09-22;2026-07-29;2026-08-25;query_page;previous_only;https://hasimuener.de/checkfox-solar-waermepumpe-einordnung/;wärmepumpe;0;0;;;0;1;0,0000;15,00;0;-1;;15276;"Checkfox für Solar- und Wärmepumpen-Betriebe: Seriosität, Mechanik und Markteinordnung";post;"Checkfox seriös? Erfahrungen & Kosten für Solar-Betriebe";"Ist Checkfox seriös? Unabhängige Einordnung für Solar- & Wärmepumpen-Betriebe: Portal-Mechanik, Kosten-Logik und die Alternative zu gekauften Leads.";https://hasimuener.de/checkfox-solar-waermepumpe-einordnung/hasim/;1;0;703;0
28;2026-08-26;2026-09-22;2026-07-29;2026-08-25;query_page;previous_only;https://hasimuener.de/e3-new-energy/;"e3 new energy";0;0;;;0;1;0,0000;37,00;0;-1;;0;"Legacy Redirect";legacy_redirect;;;https://hasimuener.de/case-study-solar-leadgenerierung/;0;0;0;0
28;2026-08-26;2026-09-22;2026-07-29;2026-08-25;query_page;previous_only;https://hasimuener.de/e3-new-energy/;"e3 new energy wärmepumpe erfahrungen";0;0;;;0;1;0,0000;18,00;0;-1;;0;"Legacy Redirect";legacy_redirect;;;https://hasimuener.de/case-study-solar-leadgenerierung/;0;0;0;0
28;2026-08-26;2026-09-22;2026-07-29;2026-08-25;query_page;previous_only;https://hasimuener.de/glossar/canonical-url/;"canonical url";0;0;;;0;1;0,0000;37,00;0;-1;;14959;"Canonical URL";glossary_term;"Canonical URL: Definition und typische Fehler | Haşim Üner";"Welche URL soll bei gleichen oder sehr ähnlichen Seiten bevorzugt werden? Verständlich erklärt mit Beispiel und typischen Fehlern.";https://hasimuener.de/glossar/canonical-url/;1;0;186;0
28;2026-08-26;2026-09-22;2026-07-29;2026-08-25;query_page;previous_only;https://hasimuener.de/kunden-gewinnen-solarteure/;"einfachsolar portal";0;0;;;0;3;0,0000;79,33;0;-3;;15202;"Kunden gewinnen für Solarteure – ohne Portal-Leads";page;"Kunden gewinnen für Solarteure – ohne Portal-Leads";"Wie Solarteure & Wärmepumpen-Anbieter systematisch Kunden gewinnen – ohne DAA, Aroundhome oder Check24. Case Study: über 85 % niedrigerer CPL.";https://hasimuener.de/kunden-gewinnen-solarteure/;1;0;828;0
28;2026-08-26;2026-09-22;2026-07-29;2026-08-25;query_page;previous_only;https://hasimuener.de/lead-funnel-solar/;"solar funnels";0;0;;;0;2;0,0000;62,50;0;-2;;15201;"Lead-Funnel Solar – Pillar-Page";page;"Lead-Funnel Solar & Wärmepumpe – Aufbau für B2B-Marketing";"Lead-Funnel-Architektur für Photovoltaik- und Wärmepumpen-Anbieter: vom Erstkontakt zur qualifizierten Anfrage. Vorqualifizierung, Lead-Scoring, CRM-Übergabe.";https://hasimuener.de/lead-funnel-solar/;1;0;675;0
28;2026-08-26;2026-09-22;2026-07-29;2026-08-25;query_page;previous_only;https://hasimuener.de/lead-funnel-solar/;"solar lead funnels";0;0;;;0;7;0,0000;77,71;0;-7;;15201;"Lead-Funnel Solar – Pillar-Page";page;"Lead-Funnel Solar & Wärmepumpe – Aufbau für B2B-Marketing";"Lead-Funnel-Architektur für Photovoltaik- und Wärmepumpen-Anbieter: vom Erstkontakt zur qualifizierten Anfrage. Vorqualifizierung, Lead-Scoring, CRM-Übergabe.";https://hasimuener.de/lead-funnel-solar/;1;0;675;0
28;2026-08-26;2026-09-22;2026-07-29;2026-08-25;query_page;previous_only;https://hasimuener.de/qualifizierte-pv-anfragen/;"pv projektanfragen";0;0;;;0;2;0,0000;60,00;0;-2;;15205;"Qualifizierte PV-Anfragen – Vier Merkmale für hochwertige Leads";page;"Qualifizierte PV-Anfragen: 4 Merkmale guter Solar-Leads";"Vier Merkmale einer qualifizierten Photovoltaik-Anfrage: Intent, Exklusivität, Vorqualifizierung, Echtzeit — mit Praxisbezug aus einer Case Study.";https://hasimuener.de/qualifizierte-pv-anfragen/;1;0;738;0
28;2026-08-26;2026-09-22;2026-07-29;2026-08-25;query_page;previous_only;https://hasimuener.de/qualifizierte-pv-anfragen/;"qualifizierte anfragen";0;0;;;0;2;0,0000;50,50;0;-2;;15205;"Qualifizierte PV-Anfragen – Vier Merkmale für hochwertige Leads";page;"Qualifizierte PV-Anfragen: 4 Merkmale guter Solar-Leads";"Vier Merkmale einer qualifizierten Photovoltaik-Anfrage: Intent, Exklusivität, Vorqualifizierung, Echtzeit — mit Praxisbezug aus einer Case Study.";https://hasimuener.de/qualifizierte-pv-anfragen/;1;0;738;0
28;2026-08-26;2026-09-22;2026-07-29;2026-08-25;query_page;previous_only;https://hasimuener.de/qualifizierte-pv-anfragen/;"qualifizierte energie leads";0;0;;;0;1;0,0000;59,00;0;-1;;15205;"Qualifizierte PV-Anfragen – Vier Merkmale für hochwertige Leads";page;"Qualifizierte PV-Anfragen: 4 Merkmale guter Solar-Leads";"Vier Merkmale einer qualifizierten Photovoltaik-Anfrage: Intent, Exklusivität, Vorqualifizierung, Echtzeit — mit Praxisbezug aus einer Case Study.";https://hasimuener.de/qualifizierte-pv-anfragen/;1;0;738;0
28;2026-08-26;2026-09-22;2026-07-29;2026-08-25;query_page;previous_only;https://hasimuener.de/qualifizierte-pv-anfragen/;"qualifizierte pv leads";0;0;;;0;2;0,0000;57,00;0;-2;;15205;"Qualifizierte PV-Anfragen – Vier Merkmale für hochwertige Leads";page;"Qualifizierte PV-Anfragen: 4 Merkmale guter Solar-Leads";"Vier Merkmale einer qualifizierten Photovoltaik-Anfrage: Intent, Exklusivität, Vorqualifizierung, Echtzeit — mit Praxisbezug aus einer Case Study.";https://hasimuener.de/qualifizierte-pv-anfragen/;1;0;738;0
28;2026-08-26;2026-09-22;2026-07-29;2026-08-25;query_page;previous_only;https://hasimuener.de/server-side-tracking-b2b/;"beratung serverside tracking";0;0;;;0;2;0,0000;91,50;0;-2;;15198;"Server-Side Tracking für B2B-Leadgenerierung";page;"Server-Side Tracking einrichten lassen | GA4, Ads & Consent";"Server-Side Tracking für GA4, Google Ads und Meta CAPI: geprüft, eingerichtet, parallel getestet und dokumentiert. Setup ab 1.290 € netto.";https://hasimuener.de/server-side-tracking-b2b/;1;0;2443;0
28;2026-08-26;2026-09-22;2026-07-29;2026-08-25;query_page;previous_only;https://hasimuener.de/server-side-tracking-b2b/;"google analytics server side tracking";0;0;;;0;2;0,0000;76,50;0;-2;;15198;"Server-Side Tracking für B2B-Leadgenerierung";page;"Server-Side Tracking einrichten lassen | GA4, Ads & Consent";"Server-Side Tracking für GA4, Google Ads und Meta CAPI: geprüft, eingerichtet, parallel getestet und dokumentiert. Setup ab 1.290 € netto.";https://hasimuener.de/server-side-tracking-b2b/;1;0;2443;0
28;2026-08-26;2026-09-22;2026-07-29;2026-08-25;query_page;previous_only;https://hasimuener.de/server-side-tracking-b2b/;"meldet sich";0;0;;;0;1;0,0000;10,00;0;-1;;15198;"Server-Side Tracking für B2B-Leadgenerierung";page;"Server-Side Tracking einrichten lassen | GA4, Ads & Consent";"Server-Side Tracking für GA4, Google Ads und Meta CAPI: geprüft, eingerichtet, parallel getestet und dokumentiert. Setup ab 1.290 € netto.";https://hasimuener.de/server-side-tracking-b2b/;1;0;2443;0
28;2026-08-26;2026-09-22;2026-07-29;2026-08-25;query_page;previous_only;https://hasimuener.de/server-side-tracking-b2b/;"server side tracking agency";0;0;;;0;1;0,0000;90,00;0;-1;;15198;"Server-Side Tracking für B2B-Leadgenerierung";page;"Server-Side Tracking einrichten lassen | GA4, Ads & Consent";"Server-Side Tracking für GA4, Google Ads und Meta CAPI: geprüft, eingerichtet, parallel getestet und dokumentiert. Setup ab 1.290 € netto.";https://hasimuener.de/server-side-tracking-b2b/;1;0;2443;0
28;2026-08-26;2026-09-22;2026-07-29;2026-08-25;query_page;previous_only;https://hasimuener.de/server-side-tracking-b2b/;"server side tracking agentur münchen";0;0;;;0;2;0,0000;74,50;0;-2;;15198;"Server-Side Tracking für B2B-Leadgenerierung";page;"Server-Side Tracking einrichten lassen | GA4, Ads & Consent";"Server-Side Tracking für GA4, Google Ads und Meta CAPI: geprüft, eingerichtet, parallel getestet und dokumentiert. Setup ab 1.290 € netto.";https://hasimuener.de/server-side-tracking-b2b/;1;0;2443;0
28;2026-08-26;2026-09-22;2026-07-29;2026-08-25;query_page;previous_only;https://hasimuener.de/server-side-tracking-b2b/;"server side tracking anbieter";0;0;;;0;2;0,0000;73,00;0;-2;;15198;"Server-Side Tracking für B2B-Leadgenerierung";page;"Server-Side Tracking einrichten lassen | GA4, Ads & Consent";"Server-Side Tracking für GA4, Google Ads und Meta CAPI: geprüft, eingerichtet, parallel getestet und dokumentiert. Setup ab 1.290 € netto.";https://hasimuener.de/server-side-tracking-b2b/;1;0;2443;0
28;2026-08-26;2026-09-22;2026-07-29;2026-08-25;query_page;previous_only;https://hasimuener.de/server-side-tracking-b2b/;"server side tracking dsgvo";0;0;;;0;6;0,0000;70,50;0;-6;;15198;"Server-Side Tracking für B2B-Leadgenerierung";page;"Server-Side Tracking einrichten lassen | GA4, Ads & Consent";"Server-Side Tracking für GA4, Google Ads und Meta CAPI: geprüft, eingerichtet, parallel getestet und dokumentiert. Setup ab 1.290 € netto.";https://hasimuener.de/server-side-tracking-b2b/;1;0;2443;0
28;2026-08-26;2026-09-22;2026-07-29;2026-08-25;query_page;previous_only;https://hasimuener.de/server-side-tracking-b2b/;"server side tracking regensburg";0;0;;;0;25;0,0000;61,80;0;-25;;15198;"Server-Side Tracking für B2B-Leadgenerierung";page;"Server-Side Tracking einrichten lassen | GA4, Ads & Consent";"Server-Side Tracking für GA4, Google Ads und Meta CAPI: geprüft, eingerichtet, parallel getestet und dokumentiert. Setup ab 1.290 € netto.";https://hasimuener.de/server-side-tracking-b2b/;1;0;2443;0
28;2026-08-26;2026-09-22;2026-07-29;2026-08-25;query_page;previous_only;https://hasimuener.de/server-side-tracking-b2b/;"server side tracking wordpress";0;0;;;0;14;0,0000;51,64;0;-14;;15198;"Server-Side Tracking für B2B-Leadgenerierung";page;"Server-Side Tracking einrichten lassen | GA4, Ads & Consent";"Server-Side Tracking für GA4, Google Ads und Meta CAPI: geprüft, eingerichtet, parallel getestet und dokumentiert. Setup ab 1.290 € netto.";https://hasimuener.de/server-side-tracking-b2b/;1;0;2443;0
28;2026-08-26;2026-09-22;2026-07-29;2026-08-25;query_page;previous_only;https://hasimuener.de/server-side-tracking-b2b/;"server-side tracking dsgvo";0;0;;;0;1;0,0000;70,00;0;-1;;15198;"Server-Side Tracking für B2B-Leadgenerierung";page;"Server-Side Tracking einrichten lassen | GA4, Ads & Consent";"Server-Side Tracking für GA4, Google Ads und Meta CAPI: geprüft, eingerichtet, parallel getestet und dokumentiert. Setup ab 1.290 € netto.";https://hasimuener.de/server-side-tracking-b2b/;1;0;2443;0
28;2026-08-26;2026-09-22;2026-07-29;2026-08-25;query_page;previous_only;https://hasimuener.de/server-side-tracking-b2b/;"serverseitiges tracking agentur";0;0;;;0;1;0,0000;93,00;0;-1;;15198;"Server-Side Tracking für B2B-Leadgenerierung";page;"Server-Side Tracking einrichten lassen | GA4, Ads & Consent";"Server-Side Tracking für GA4, Google Ads und Meta CAPI: geprüft, eingerichtet, parallel getestet und dokumentiert. Setup ab 1.290 € netto.";https://hasimuener.de/server-side-tracking-b2b/;1;0;2443;0
28;2026-08-26;2026-09-22;2026-07-29;2026-08-25;query_page;previous_only;https://hasimuener.de/solar-leads-kaufen-alternative/;"checkfox erfahrungen";0;0;;;0;1;0,0000;43,00;0;-1;;15197;"Solar Leads kaufen – Alternative: eigenes Anfrage-System";page;"Photovoltaik & Solar Leads kaufen? Alternative ohne Portale";"Photovoltaik-, PV- oder Solar-Leads kaufen — oder eigene Anfragen aufbauen? Portal-Leads gehen an mehrere Betriebe. Case Study: über 85 % niedrigerer CPL.";https://hasimuener.de/solar-leads-kaufen-alternative/;1;0;1149;0
28;2026-08-26;2026-09-22;2026-07-29;2026-08-25;query_page;previous_only;https://hasimuener.de/solar-leads-kaufen-alternative/;"leads kaufen photovoltaik";0;0;;;0;40;0,0000;47,20;0;-40;;15197;"Solar Leads kaufen – Alternative: eigenes Anfrage-System";page;"Photovoltaik & Solar Leads kaufen? Alternative ohne Portale";"Photovoltaik-, PV- oder Solar-Leads kaufen — oder eigene Anfragen aufbauen? Portal-Leads gehen an mehrere Betriebe. Case Study: über 85 % niedrigerer CPL.";https://hasimuener.de/solar-leads-kaufen-alternative/;1;0;1149;0
28;2026-08-26;2026-09-22;2026-07-29;2026-08-25;query_page;previous_only;https://hasimuener.de/solar-leads-kaufen-alternative/;"photovoltaik leads kaufen";0;0;;;0;3;0,0000;44,67;0;-3;;15197;"Solar Leads kaufen – Alternative: eigenes Anfrage-System";page;"Photovoltaik & Solar Leads kaufen? Alternative ohne Portale";"Photovoltaik-, PV- oder Solar-Leads kaufen — oder eigene Anfragen aufbauen? Portal-Leads gehen an mehrere Betriebe. Case Study: über 85 % niedrigerer CPL.";https://hasimuener.de/solar-leads-kaufen-alternative/;1;0;1149;0
28;2026-08-26;2026-09-22;2026-07-29;2026-08-25;query_page;previous_only;https://hasimuener.de/solar-leads-kaufen-alternative/;"pv leads kaufen";0;0;;;0;6;0,0000;48,67;0;-6;;15197;"Solar Leads kaufen – Alternative: eigenes Anfrage-System";page;"Photovoltaik & Solar Leads kaufen? Alternative ohne Portale";"Photovoltaik-, PV- oder Solar-Leads kaufen — oder eigene Anfragen aufbauen? Portal-Leads gehen an mehrere Betriebe. Case Study: über 85 % niedrigerer CPL.";https://hasimuener.de/solar-leads-kaufen-alternative/;1;0;1149;0
28;2026-08-26;2026-09-22;2026-07-29;2026-08-25;query_page;previous_only;https://hasimuener.de/solar-leads-kaufen-alternative/;"solar leads kaufen";0;0;;;0;28;0,0000;40,14;0;-28;;15197;"Solar Leads kaufen – Alternative: eigenes Anfrage-System";page;"Photovoltaik & Solar Leads kaufen? Alternative ohne Portale";"Photovoltaik-, PV- oder Solar-Leads kaufen — oder eigene Anfragen aufbauen? Portal-Leads gehen an mehrere Betriebe. Case Study: über 85 % niedrigerer CPL.";https://hasimuener.de/solar-leads-kaufen-alternative/;1;0;1149;0
28;2026-08-26;2026-09-22;2026-07-29;2026-08-25;query_page;previous_only;https://hasimuener.de/solar-leads-kaufen-alternative/;"wärmepumpen leads";0;0;;;0;11;0,0000;58,82;0;-11;;15197;"Solar Leads kaufen – Alternative: eigenes Anfrage-System";page;"Photovoltaik & Solar Leads kaufen? Alternative ohne Portale";"Photovoltaik-, PV- oder Solar-Leads kaufen — oder eigene Anfragen aufbauen? Portal-Leads gehen an mehrere Betriebe. Case Study: über 85 % niedrigerer CPL.";https://hasimuener.de/solar-leads-kaufen-alternative/;1;0;1149;0
28;2026-08-26;2026-09-22;2026-07-29;2026-08-25;query_page;previous_only;https://hasimuener.de/solar-leads-kosten-studie/;"photovoltaik leads kaufen kosten";0;0;;;0;2;0,0000;14,50;0;-2;;15255;"Was kosten Solar-Leads? Marktstudie DACH";page;"Solar-Leads Kosten 2026: CPL, CPO & Portal-Vergleich";"Was kosten Solar-Leads wirklich? Marktstudie mit Photovoltaik- und Wärmepumpen-CPL, Cost-per-Order, Portal-Modellen, Methodik und Case-Study-Benchmark.";https://hasimuener.de/solar-leads-kosten-studie/;1;0;915;0
28;2026-08-26;2026-09-22;2026-07-29;2026-08-25;query_page;previous_only;https://hasimuener.de/waermepumpen-leads/;"checkfox erfahrungen";0;0;;;0;1;0,0000;23,00;0;-1;;15272;"Wärmepumpen Leads – Alternative: eigenes Anfrage-System";page;"Wärmepumpen Leads kaufen? Alternative ohne Portale";"Wärmepumpen-Leads kaufen oder eigene Anfragen aufbauen? Portal-Leads gehen an mehrere Betriebe und schließen selten ab. Case Study: über 85 % weniger CPL.";https://hasimuener.de/waermepumpen-leads/;1;0;1153;0
28;2026-08-26;2026-09-22;2026-07-29;2026-08-25;query_page;previous_only;https://hasimuener.de/waermepumpen-leads/;"wärmepumpen leads";0;0;;;0;81;0,0000;35,51;0;-81;;15272;"Wärmepumpen Leads – Alternative: eigenes Anfrage-System";page;"Wärmepumpen Leads kaufen? Alternative ohne Portale";"Wärmepumpen-Leads kaufen oder eigene Anfragen aufbauen? Portal-Leads gehen an mehrere Betriebe und schließen selten ab. Case Study: über 85 % weniger CPL.";https://hasimuener.de/waermepumpen-leads/;1;0;1153;0
28;2026-08-26;2026-09-22;2026-07-29;2026-08-25;query_page;previous_only;https://hasimuener.de/waermepumpen-leads/;"wärmepumpen leads kaufen";0;0;;;0;39;0,0000;29,18;0;-39;;15272;"Wärmepumpen Leads – Alternative: eigenes Anfrage-System";page;"Wärmepumpen Leads kaufen? Alternative ohne Portale";"Wärmepumpen-Leads kaufen oder eigene Anfragen aufbauen? Portal-Leads gehen an mehrere Betriebe und schließen selten ab. Case Study: über 85 % weniger CPL.";https://hasimuener.de/waermepumpen-leads/;1;0;1153;0
28;2026-08-26;2026-09-22;2026-07-29;2026-08-25;query_page;previous_only;https://hasimuener.de/wgos-assets/tracking-audit/;"tracking auditor";0;0;;;0;1;0,0000;23,00;0;-1;;14863;"Tracking Audit";wgos_asset;"Tracking Audit - WGOS Asset | Haşim Üner";"Tracking Audit für B2B-Websites: Messfehler finden, Datenqualität absichern und die Basis für Reporting und Optimierung legen.";https://hasimuener.de/wgos-assets/tracking-audit/;0;1;449;0
28;2026-08-26;2026-09-22;2026-07-29;2026-08-25;query_page;previous_only;https://hasimuener.de/wordpress-agentur-hannover/;"wordpress website hannover";0;0;;;0;1;0,0000;56,00;0;-1;;10777;"WordPress Agentur Hannover";page;"WordPress Agentur Hannover: SEO, Tracking & CRO";"WordPress Agentur Hannover für messbare B2B-Anfragen: technisches SEO, Server-Side Tracking, CRO. Erst Projektprüfung, dann Umsetzung. CPL-Case: 150 € → 22 €.";https://hasimuener.de/wordpress-agentur-hannover/;1;0;632;0
28;2026-08-26;2026-09-22;2026-07-29;2026-08-25;page_total;both;https://hasimuener.de/checkfox-solar-waermepumpe-einordnung/;;10;1024;0,0098;6,61;8;1516;0,0053;8,88;2;-492;-2,27;15276;"Checkfox für Solar- und Wärmepumpen-Betriebe: Seriosität, Mechanik und Markteinordnung";post;"Checkfox seriös? Erfahrungen & Kosten für Solar-Betriebe";"Ist Checkfox seriös? Unabhängige Einordnung für Solar- & Wärmepumpen-Betriebe: Portal-Mechanik, Kosten-Logik und die Alternative zu gekauften Leads.";https://hasimuener.de/checkfox-solar-waermepumpe-einordnung/hasim/;1;0;703;0
28;2026-08-26;2026-09-22;2026-07-29;2026-08-25;page_total;both;https://hasimuener.de/;;2;38;0,0526;6,95;3;33;0,0909;3,79;-1;5;3,16;11953;"WordPress-Architektur &amp; Performance Marketing (B2B) · Hannover &amp; DACH";front_page;"WordPress Freelancer für Unternehmen | Haşim Üner, Hannover";"WordPress-Websites, technisches SEO und Tracking bis ins CRM. Direkt vom Entwickler aus Pattensen bei Hannover, Projekte ab 3.400 € netto.";https://hasimuener.de/;1;0;1611;0
28;2026-08-26;2026-09-22;2026-07-29;2026-08-25;page_total;current_only;https://hasimuener.de/performance-marketing/;;2;12;0,1667;5,17;0;0;;;2;12;;13125;"Performance Marketing";page;"Performance Marketing im WGOS | Haşim Üner";"Performance Marketing als WGOS-Aktivierungslayer: erst Tracking, Technik und Landing Page, dann Reichweite mit sauberer Priorisierung.";https://hasimuener.de/performance-marketing/;1;0;368;0
28;2026-08-26;2026-09-22;2026-07-29;2026-08-25;page_total;both;https://hasimuener.de/aroundhome-solar-einordnung/;;1;74;0,0135;6,24;3;325;0,0092;9,22;-2;-251;-2,98;15206;"Aroundhome Erfahrungen für Handwerker: Kosten und Einordnung des Vergleichsportal-Modells";post;"Aroundhome Kosten für Handwerker: Lohnt sich das?";"Was kostet Aroundhome für Handwerker? Rechnen Sie Kosten pro Auftrag mit eigenen Zahlen und prüfen Sie Vertrag, Erfahrungen und Portal-Fit.";https://hasimuener.de/aroundhome-solar-einordnung/hasim/;1;0;1083;0
28;2026-08-26;2026-09-22;2026-07-29;2026-08-25;page_total;both;https://hasimuener.de/cost-per-lead-photovoltaik/;;1;4;0,2500;4,00;0;4;0,0000;17,00;1;0;-13,00;15204;"Cost per Lead Photovoltaik – Was Solar-Anfragen wirklich kosten";page;"Cost per Lead Photovoltaik: Was Solar-Anfragen wirklich kosten";"CPL-Rechnung für Photovoltaik- und Wärmepumpen-Anbieter: Portal-Leads vs. eigenes System. Case Study: über 85 % weniger Kosten pro Anfrage in 6 Monaten.";https://hasimuener.de/cost-per-lead-photovoltaik/;1;0;757;0
28;2026-08-26;2026-09-22;2026-07-29;2026-08-25;page_total;both;https://hasimuener.de/kontakt/;;1;21;0,0476;3,43;0;11;0,0000;9,27;1;10;-5,84;3660;Kontakt;page;"Kontakt & Projektanfrage | Haşim Üner";"Projekt oder Frage kurz einordnen: ein Formular, händisch geprüfte Rückmeldung innerhalb von 24 Stunden werktags. Kein Pflicht-Call, kein Vertriebsteam.";https://hasimuener.de/kontakt/;1;0;242;0
28;2026-08-26;2026-09-22;2026-07-29;2026-08-25;page_total;both;https://hasimuener.de/whitelabel-retainer/;;1;18;0,0556;13,72;0;29;0,0000;52,10;1;-11;-38,38;14885;"Whitelabel &amp; Retainer";page;"White-Label für Agenturen: WordPress, SEO, Tracking";"White-Label für Agenturen: WordPress-Umsetzung, technisches SEO und die vollständige Messkette aus einer Hand. Einstieg über ein Erstprojekt mit fixem Scope und Festpreis.";https://hasimuener.de/whitelabel-retainer/;1;0;1316;0
28;2026-08-26;2026-09-22;2026-07-29;2026-08-25;page_total;both;https://hasimuener.de/b2b-solar-leads/;;0;136;0,0000;48,01;1;654;0,0015;46,15;-1;-518;1,86;15199;"B2B Solar Leads – gewerbliche Photovoltaik-Anfrage-Systeme";page;"PV-Termine B2B: qualifizierte Gewerbe-PV-Anfragen";"PV-Termine B2B für Gewerbe-PV: Projektwert, Technik und Buying-Center vorqualifizieren. Eigener Anfrageweg statt Termine ohne Projektsubstanz.";https://hasimuener.de/b2b-solar-leads/;1;0;1423;0
28;2026-08-26;2026-09-22;2026-07-29;2026-08-25;page_total;both;https://hasimuener.de/blog/;;0;6;0,0000;5,67;0;7;0,0000;6,29;0;-1;-0,62;12687;Blog;blog_index;"Blog: WordPress, Tracking, SEO & Conversion | Haşim Üner";"Analysen zu WordPress, technischem SEO, Tracking, Conversion und Performance. Dazu Praxiswissen zu Anfragesystemen für Solar und Wärmepumpe.";https://hasimuener.de/blog/;1;0;716;0
28;2026-08-26;2026-09-22;2026-07-29;2026-08-25;page_total;both;https://hasimuener.de/category/solar-waermepumpen-anfrage-systeme/;;0;3;0,0000;7,67;0;6;0,0000;5,67;0;-3;2,00;0;;;;;;0;0;0;0
28;2026-08-26;2026-09-22;2026-07-29;2026-08-25;page_total;current_only;https://hasimuener.de/checkfox-solar-waermepumpe-einordnung/hasim/;;0;77;0,0000;7,43;0;0;;;0;77;;15276;"Checkfox für Solar- und Wärmepumpen-Betriebe: Seriosität, Mechanik und Markteinordnung";post;"Checkfox seriös? Erfahrungen & Kosten für Solar-Betriebe";"Ist Checkfox seriös? Unabhängige Einordnung für Solar- & Wärmepumpen-Betriebe: Portal-Mechanik, Kosten-Logik und die Alternative zu gekauften Leads.";https://hasimuener.de/checkfox-solar-waermepumpe-einordnung/hasim/;1;0;703;0
28;2026-08-26;2026-09-22;2026-07-29;2026-08-25;page_total;current_only;https://hasimuener.de/checkfox-solar-waermepumpe-einordnung/hasim/#hu-cpo-portal-1-title;;0;1;0,0000;11,00;0;0;;;0;1;;15276;"Checkfox für Solar- und Wärmepumpen-Betriebe: Seriosität, Mechanik und Markteinordnung";post;"Checkfox seriös? Erfahrungen & Kosten für Solar-Betriebe";"Ist Checkfox seriös? Unabhängige Einordnung für Solar- & Wärmepumpen-Betriebe: Portal-Mechanik, Kosten-Logik und die Alternative zu gekauften Leads.";https://hasimuener.de/checkfox-solar-waermepumpe-einordnung/hasim/;1;0;703;0
28;2026-08-26;2026-09-22;2026-07-29;2026-08-25;page_total;current_only;https://hasimuener.de/checkfox-solar-waermepumpe-einordnung/hasim/#section-0;;0;1;0,0000;11,00;0;0;;;0;1;;15276;"Checkfox für Solar- und Wärmepumpen-Betriebe: Seriosität, Mechanik und Markteinordnung";post;"Checkfox seriös? Erfahrungen & Kosten für Solar-Betriebe";"Ist Checkfox seriös? Unabhängige Einordnung für Solar- & Wärmepumpen-Betriebe: Portal-Mechanik, Kosten-Logik und die Alternative zu gekauften Leads.";https://hasimuener.de/checkfox-solar-waermepumpe-einordnung/hasim/;1;0;703;0
28;2026-08-26;2026-09-22;2026-07-29;2026-08-25;page_total;current_only;https://hasimuener.de/checkfox-solar-waermepumpe-einordnung/hasim/#section-1;;0;1;0,0000;11,00;0;0;;;0;1;;15276;"Checkfox für Solar- und Wärmepumpen-Betriebe: Seriosität, Mechanik und Markteinordnung";post;"Checkfox seriös? Erfahrungen & Kosten für Solar-Betriebe";"Ist Checkfox seriös? Unabhängige Einordnung für Solar- & Wärmepumpen-Betriebe: Portal-Mechanik, Kosten-Logik und die Alternative zu gekauften Leads.";https://hasimuener.de/checkfox-solar-waermepumpe-einordnung/hasim/;1;0;703;0
28;2026-08-26;2026-09-22;2026-07-29;2026-08-25;page_total;current_only;https://hasimuener.de/checkfox-solar-waermepumpe-einordnung/hasim/#section-4;;0;1;0,0000;11,00;0;0;;;0;1;;15276;"Checkfox für Solar- und Wärmepumpen-Betriebe: Seriosität, Mechanik und Markteinordnung";post;"Checkfox seriös? Erfahrungen & Kosten für Solar-Betriebe";"Ist Checkfox seriös? Unabhängige Einordnung für Solar- & Wärmepumpen-Betriebe: Portal-Mechanik, Kosten-Logik und die Alternative zu gekauften Leads.";https://hasimuener.de/checkfox-solar-waermepumpe-einordnung/hasim/;1;0;703;0
28;2026-08-26;2026-09-22;2026-07-29;2026-08-25;page_total;both;https://hasimuener.de/daa-photovoltaik-leads-einordnung/;;0;7;0,0000;5,86;0;13;0,0000;5,54;0;-6;0,32;15208;"DAA Photovoltaik Leads: Markteinordnung des Branchen-Portal-Modells";post;"DAA Leads: Erfahrungen, Kosten & Einordnung für Solarteure";"DAA Leads aus Solarteur-Sicht: Spezialisierung, Verteilungslogik, Kosten pro Auftrag und die Alternative durch eigene Anfrage-Systeme.";https://hasimuener.de/daa-photovoltaik-leads-einordnung/hasim/;1;0;683;0
28;2026-08-26;2026-09-22;2026-07-29;2026-08-25;page_total;both;https://hasimuener.de/design-ist-mehr-als-aesthetik/;;0;27;0,0000;12,81;0;28;0,0000;13,79;0;-1;-0,97;13492;"Design ist kein Geschmack. Es ist Architektur.";post;"Design ist mehr als Ästhetik – Bedeutung, Wirkung & Praxis";"Warum Design Erwartungen, Verhalten und Vertrauen prägt – digital wie physisch. Geschichte, Psychologie, Semiotik, Ethik & Business-Impact.";https://hasimuener.de/design-ist-mehr-als-aesthetik/hasim/;1;0;2161;0
28;2026-08-26;2026-09-22;2026-07-29;2026-08-25;page_total;both;https://hasimuener.de/ergebnisse/;;0;14;0,0000;42,36;0;5;0,0000;5,60;0;9;36,76;14883;Ergebnisse;page;"WordPress-Projekte & Ergebnisse | Haşim Üner";"WordPress-Arbeiten mit konkretem Umsetzungsumfang, eine technische Projektgeschichte, ein eingeordneter Solar-Fall und ein Übergabemuster für Agenturen.";https://hasimuener.de/ergebnisse/;0;1;1023;0
28;2026-08-26;2026-09-22;2026-07-29;2026-08-25;page_total;both;https://hasimuener.de/ga4-tracking-setup/;;0;9;0,0000;18,11;0;1;0,0000;62,00;0;8;-43,89;13183;"GA4 &amp; Tracking Setup: Die Wahrheit hinter Ihren Daten";page;"GA4 Tracking Setup | WGOS-Cluster von Haşim Üner";"GA4 Tracking Setup als WGOS-Cluster: Tracking Audit, Event-Blueprint, Consent und serverseitige Messung für belastbare Daten.";https://hasimuener.de/ga4-tracking-setup/;1;0;669;0
28;2026-08-26;2026-09-22;2026-07-29;2026-08-25;page_total;current_only;https://hasimuener.de/glossar/;;0;2;0,0000;1,50;0;0;;;0;2;;14954;Glossar;page;"Glossar fuer SEO, Tracking und CRO | Haşim Üner";"Glossar fuer SEO, Tracking, Performance und Conversion: definitorische Begriffe mit sauberer Bruecke zu den passenden Primary URLs.";https://hasimuener.de/glossar/;1;0;903;0
28;2026-08-26;2026-09-22;2026-07-29;2026-08-25;page_total;current_only;https://hasimuener.de/glossar/message-match/;;0;1;0,0000;5,00;0;0;;;0;1;;14961;"Message Match";glossary_term;"Message Match: Definition und Bedeutung für CRO | Haşim Üner";"Passt die Zielseite zu dem Versprechen, auf das jemand geklickt hat? Verständlich erklärt mit Beispiel und typischen Fehlern.";https://hasimuener.de/glossar/message-match/;1;0;171;0
28;2026-08-26;2026-09-22;2026-07-29;2026-08-25;page_total;current_only;https://hasimuener.de/hasim-uener/;;0;4;0,0000;2,50;0;0;;;0;4;;12033;"Über mich";page;"Über Haşim Üner | Arbeitsweise für B2B-Websites";"Ihre Website führt Gespräche, bei denen Sie nicht dabei sind. Wie Haşim Üner Websites baut, die gut kommunizieren und zeigen, was aus Anfragen wird.";https://hasimuener.de/hasim-uener/;1;0;783;0
28;2026-08-26;2026-09-22;2026-07-29;2026-08-25;page_total;both;https://hasimuener.de/lead-funnel-solar/;;0;1;0,0000;9,00;0;20;0,0000;44,00;0;-19;-35,00;15201;"Lead-Funnel Solar – Pillar-Page";page;"Lead-Funnel Solar & Wärmepumpe – Aufbau für B2B-Marketing";"Lead-Funnel-Architektur für Photovoltaik- und Wärmepumpen-Anbieter: vom Erstkontakt zur qualifizierten Anfrage. Vorqualifizierung, Lead-Scoring, CRM-Übergabe.";https://hasimuener.de/lead-funnel-solar/;1;0;675;0
28;2026-08-26;2026-09-22;2026-07-29;2026-08-25;page_total;both;https://hasimuener.de/leadfluss-pv-leads-einordnung/;;0;1;0,0000;2,00;0;1;0,0000;4,00;0;0;-2,00;15209;"Leadfluss für Solarteure: Markteinordnung des regionalen Videomarketing-Modells";post;"Leadfluss PV-Leads: Markteinordnung";"Leadfluss PV-Leads: regionales Videomarketing, Eigenmarken-Effekt, Ownership-Frage und wirtschaftliche Einordnung.";https://hasimuener.de/leadfluss-pv-leads-einordnung/hasim/;1;0;587;0
28;2026-08-26;2026-09-22;2026-07-29;2026-08-25;page_total;current_only;https://hasimuener.de/leadfluss-pv-leads-einordnung/hasim/;;0;5;0,0000;11,20;0;0;;;0;5;;15209;"Leadfluss für Solarteure: Markteinordnung des regionalen Videomarketing-Modells";post;"Leadfluss PV-Leads: Markteinordnung";"Leadfluss PV-Leads: regionales Videomarketing, Eigenmarken-Effekt, Ownership-Frage und wirtschaftliche Einordnung.";https://hasimuener.de/leadfluss-pv-leads-einordnung/hasim/;1;0;587;0
28;2026-08-26;2026-09-22;2026-07-29;2026-08-25;page_total;current_only;https://hasimuener.de/owned-leads-statt-ad-miete/hasim/;;0;1;0,0000;3,00;0;0;;;0;1;;14614;"Die 150€-pro-Lead-Falle: Wie B2B-Unternehmen von Ad-Miete zu Owned Leads wechseln";post;"B2B Leads ohne Ads: Von Ad-Miete zu Owned Leads [2026]";"Von gemieteter Ad-Nachfrage zu eigenen Leads: Warum Owned-Lead-Infrastruktur B2B-Anbieter unabhängiger macht als Dauer-Budget bei Meta und Google Ads.";https://hasimuener.de/owned-leads-statt-ad-miete/hasim/;1;0;2434;0
28;2026-08-26;2026-09-22;2026-07-29;2026-08-25;page_total;both;https://hasimuener.de/qualifizierte-pv-anfragen/;;0;6;0,0000;37,50;0;16;0,0000;36,69;0;-10;0,81;15205;"Qualifizierte PV-Anfragen – Vier Merkmale für hochwertige Leads";page;"Qualifizierte PV-Anfragen: 4 Merkmale guter Solar-Leads";"Vier Merkmale einer qualifizierten Photovoltaik-Anfrage: Intent, Exklusivität, Vorqualifizierung, Echtzeit — mit Praxisbezug aus einer Case Study.";https://hasimuener.de/qualifizierte-pv-anfragen/;1;0;738;0
28;2026-08-26;2026-09-22;2026-07-29;2026-08-25;page_total;both;https://hasimuener.de/server-side-tracking-b2b/;;0;114;0,0000;85,80;0;220;0,0000;72,18;0;-106;13,62;15198;"Server-Side Tracking für B2B-Leadgenerierung";page;"Server-Side Tracking einrichten lassen | GA4, Ads & Consent";"Server-Side Tracking für GA4, Google Ads und Meta CAPI: geprüft, eingerichtet, parallel getestet und dokumentiert. Setup ab 1.290 € netto.";https://hasimuener.de/server-side-tracking-b2b/;1;0;2443;0
28;2026-08-26;2026-09-22;2026-07-29;2026-08-25;page_total;both;https://hasimuener.de/solar-leads-kaufen-alternative/;;0;10;0,0000;23,40;0;118;0,0000;38,79;0;-108;-15,39;15197;"Solar Leads kaufen – Alternative: eigenes Anfrage-System";page;"Photovoltaik & Solar Leads kaufen? Alternative ohne Portale";"Photovoltaik-, PV- oder Solar-Leads kaufen — oder eigene Anfragen aufbauen? Portal-Leads gehen an mehrere Betriebe. Case Study: über 85 % niedrigerer CPL.";https://hasimuener.de/solar-leads-kaufen-alternative/;1;0;1149;0
28;2026-08-26;2026-09-22;2026-07-29;2026-08-25;page_total;both;https://hasimuener.de/solar-leads-kaufen-lohnt-sich/;;0;35;0,0000;3,66;0;4;0,0000;4,25;0;31;-0,59;0;"Legacy Redirect";legacy_redirect;;;https://hasimuener.de/solar-leads-kaufen-alternative/;0;0;0;0
28;2026-08-26;2026-09-22;2026-07-29;2026-08-25;page_total;both;https://hasimuener.de/solar-leads-kosten-studie/;;0;27;0,0000;9,48;0;44;0,0000;9,89;0;-17;-0,40;15255;"Was kosten Solar-Leads? Marktstudie DACH";page;"Solar-Leads Kosten 2026: CPL, CPO & Portal-Vergleich";"Was kosten Solar-Leads wirklich? Marktstudie mit Photovoltaik- und Wärmepumpen-CPL, Cost-per-Order, Portal-Modellen, Methodik und Case-Study-Benchmark.";https://hasimuener.de/solar-leads-kosten-studie/;1;0;915;0
28;2026-08-26;2026-09-22;2026-07-29;2026-08-25;page_total;both;https://hasimuener.de/solar-waermepumpen-leadgenerierung/;;0;20;0,0000;3,90;0;16;0,0000;7,38;0;4;-3,48;15048;"Leadgenerierung für Solar- und Wärmepumpen-Anbieter";page;"Photovoltaik-Anfragen selbst generieren statt Leads kaufen";"Eigenes Anfragesystem für Photovoltaik und Wärmepumpe: Anfragen auf Ihrer Domain, vorqualifiziert, serverseitig gemessen. Aufbau ab 14.900 €, Einstieg ab 790 €.";https://hasimuener.de/solar-waermepumpen-leadgenerierung/;1;0;2830;0
28;2026-08-26;2026-09-22;2026-07-29;2026-08-25;page_total;current_only;https://hasimuener.de/stack-agentur/;;0;28;0,0000;2,07;0;0;;;0;28;;0;"Legacy Redirect";legacy_redirect;;;https://hasimuener.de/whitelabel-retainer/;0;0;0;0
28;2026-08-26;2026-09-22;2026-07-29;2026-08-25;page_total;current_only;https://hasimuener.de/stack-solar/;;0;48;0,0000;1,04;0;0;;;0;48;;0;"Legacy Redirect";legacy_redirect;;;https://hasimuener.de/solar-waermepumpen-leadgenerierung/;0;0;0;0
28;2026-08-26;2026-09-22;2026-07-29;2026-08-25;page_total;both;https://hasimuener.de/uber-mich/;;0;3;0,0000;6,00;1;23;0,0435;8,09;-1;-20;-2,09;0;"Legacy Redirect";legacy_redirect;;;https://hasimuener.de/hasim-uener/;0;0;0;0
28;2026-08-26;2026-09-22;2026-07-29;2026-08-25;page_total;both;https://hasimuener.de/waermepumpen-leads/;;0;18;0,0000;7,83;1;170;0,0059;27,70;-1;-152;-19,87;15272;"Wärmepumpen Leads – Alternative: eigenes Anfrage-System";page;"Wärmepumpen Leads kaufen? Alternative ohne Portale";"Wärmepumpen-Leads kaufen oder eigene Anfragen aufbauen? Portal-Leads gehen an mehrere Betriebe und schließen selten ab. Case Study: über 85 % weniger CPL.";https://hasimuener.de/waermepumpen-leads/;1;0;1153;0
28;2026-08-26;2026-09-22;2026-07-29;2026-08-25;page_total;both;https://hasimuener.de/wattfox-solar-leads-einordnung/;;0;22;0,0000;7,18;0;27;0,0000;8,44;0;-5;-1,26;15207;"Wattfox Erfahrungen für Solarteure: Leads, Kosten und Markteinordnung";post;"Wattfox Erfahrungen & Kosten: Einordnung für Solarteure";"Wattfox aus Anbietersicht: was Erfahrungs-Suchen beantworten müssen, wie die Lead-Kosten-Logik funktioniert und wann eigene Anfrage-Systeme stärker sind.";https://hasimuener.de/wattfox-solar-leads-einordnung/hasim/;1;0;858;0
28;2026-08-26;2026-09-22;2026-07-29;2026-08-25;page_total;both;https://hasimuener.de/wgos-assets/llm-workflow-automatisierung/;;0;1;0,0000;11,00;0;3;0,0000;7,33;0;-2;3,67;15040;"LLM-Workflow-Automatisierung (n8n)";wgos_asset;"LLM-Workflow-Automatisierung mit n8n – WGOS Asset | Haşim Üner";"Geschäftsprozesse mit KI-Schritten automatisieren: Zusammenfassungen, Klassifikation, Routing – server-seitig auf n8n. 20 Credits.";https://hasimuener.de/wgos-assets/llm-workflow-automatisierung/;0;1;480;0
28;2026-08-26;2026-09-22;2026-07-29;2026-08-25;page_total;both;https://hasimuener.de/wordpress-agentur-hannover/;;0;284;0,0000;29,54;0;321;0,0000;38,70;0;-37;-9,16;10777;"WordPress Agentur Hannover";page;"WordPress Agentur Hannover: SEO, Tracking & CRO";"WordPress Agentur Hannover für messbare B2B-Anfragen: technisches SEO, Server-Side Tracking, CRO. Erst Projektprüfung, dann Umsetzung. CPL-Case: 150 € → 22 €.";https://hasimuener.de/wordpress-agentur-hannover/;1;0;632;0
28;2026-08-26;2026-09-22;2026-07-29;2026-08-25;page_total;both;https://hasimuener.de/wordpress-freelancer-hannover/;;0;4;0,0000;4,75;0;5;0,0000;9,00;0;-1;-4,25;0;"Legacy Redirect";legacy_redirect;;;https://hasimuener.de/;0;0;0;0
28;2026-08-26;2026-09-22;2026-07-29;2026-08-25;page_total;current_only;https://hasimuener.de/wordpress-projekte-auslagern/;;0;11;0,0000;19,73;0;0;;;0;11;;15335;"WordPress-Projekte auslagern: Klare Prozesse für Agenturen und Freelancer";post;"WordPress-Projekte auslagern: Prozesse für Agenturen";"WordPress-Projekte sauber auslagern: klare Prozesse für Scope, Handoff, Staging, QA, Tracking, Deployment und Handover mit Freelancern.";https://hasimuener.de/wordpress-projekte-auslagern/hasim/;1;0;1169;0
28;2026-08-26;2026-09-22;2026-07-29;2026-08-25;page_total;current_only;https://hasimuener.de/wordpress-projekte-auslagern/hasim/;;0;1;0,0000;26,00;0;0;;;0;1;;15335;"WordPress-Projekte auslagern: Klare Prozesse für Agenturen und Freelancer";post;"WordPress-Projekte auslagern: Prozesse für Agenturen";"WordPress-Projekte sauber auslagern: klare Prozesse für Scope, Handoff, Staging, QA, Tracking, Deployment und Handover mit Freelancern.";https://hasimuener.de/wordpress-projekte-auslagern/hasim/;1;0;1169;0
28;2026-08-26;2026-09-22;2026-07-29;2026-08-25;page_total;both;https://hasimuener.de/wordpress-ttfb-google-ads-ladezeit/;;0;9;0,0000;2,44;0;1;0,0000;39,00;0;8;-36,56;15226;"WordPress TTFB optimieren: Was Server-Antwortzeit für Google Ads wirklich bedeutet";post;"WordPress TTFB optimieren: Google Ads richtig einordnen";"TTFB ist kein Core Web Vital und der Qualitätsfaktor kein Auktionssignal. So messen und optimieren Sie die WordPress-Server-Antwortzeit sauber.";https://hasimuener.de/wordpress-ttfb-google-ads-ladezeit/hasim/;1;0;1302;0
28;2026-08-26;2026-09-22;2026-07-29;2026-08-25;page_total;previous_only;https://hasimuener.de/category/markteinordnung/;;0;0;;;0;1;0,0000;11,00;0;-1;;0;;;;;;0;0;0;0
28;2026-08-26;2026-09-22;2026-07-29;2026-08-25;page_total;previous_only;https://hasimuener.de/e3-new-energy/;;0;0;;;0;4;0,0000;17,25;0;-4;;0;"Legacy Redirect";legacy_redirect;;;https://hasimuener.de/case-study-solar-leadgenerierung/;0;0;0;0
28;2026-08-26;2026-09-22;2026-07-29;2026-08-25;page_total;previous_only;https://hasimuener.de/eigene-leadgenerierung-vs-portale/;;0;0;;;0;4;0,0000;5,75;0;-4;;15200;"Eigene Leadgenerierung vs. Portal-Leads – Vergleich";page;"Portal-Leads vs. eigenes System: TCO-Vergleich Solar/SHK";"24-Monats-TCO: Portal-Leads (DAA, Aroundhome, Check24) vs. eigenes Anfragesystem. Case Study: über 85 % niedrigerer CPL in 6 Monaten.";https://hasimuener.de/eigene-leadgenerierung-vs-portale/;1;0;934;0
28;2026-08-26;2026-09-22;2026-07-29;2026-08-25;page_total;previous_only;https://hasimuener.de/glossar/canonical-url/;;0;0;;;0;1;0,0000;37,00;0;-1;;14959;"Canonical URL";glossary_term;"Canonical URL: Definition und typische Fehler | Haşim Üner";"Welche URL soll bei gleichen oder sehr ähnlichen Seiten bevorzugt werden? Verständlich erklärt mit Beispiel und typischen Fehlern.";https://hasimuener.de/glossar/canonical-url/;1;0;186;0
28;2026-08-26;2026-09-22;2026-07-29;2026-08-25;page_total;previous_only;https://hasimuener.de/kunden-gewinnen-solarteure/;;0;0;;;0;17;0,0000;27,65;0;-17;;15202;"Kunden gewinnen für Solarteure – ohne Portal-Leads";page;"Kunden gewinnen für Solarteure – ohne Portal-Leads";"Wie Solarteure & Wärmepumpen-Anbieter systematisch Kunden gewinnen – ohne DAA, Aroundhome oder Check24. Case Study: über 85 % niedrigerer CPL.";https://hasimuener.de/kunden-gewinnen-solarteure/;1;0;828;0
28;2026-08-26;2026-09-22;2026-07-29;2026-08-25;page_total;previous_only;https://hasimuener.de/wgos-assets/tracking-audit/;;0;0;;;0;1;0,0000;23,00;0;-1;;14863;"Tracking Audit";wgos_asset;"Tracking Audit - WGOS Asset | Haşim Üner";"Tracking Audit für B2B-Websites: Messfehler finden, Datenqualität absichern und die Basis für Reporting und Optimierung legen.";https://hasimuener.de/wgos-assets/tracking-audit/;0;1;449;0
