range_days;current_start;current_end;previous_start;previous_end;row_scope;period_presence;page;query;clicks;impressions;ctr;position;previous_clicks;previous_impressions;previous_ctr;previous_position;delta_clicks;delta_impressions;delta_position;post_id;post_title;page_type;seo_title;seo_description;canonical;in_sitemap;noindex;word_count;non_target_query
90;2026-06-04;2026-09-01;2026-03-06;2026-06-03;query_page;current_only;https://hasimuener.de/checkfox-solar-waermepumpe-einordnung/;"checkfox erfahrungen";3;311;0,0096;9,21;0;0;;;3;311;;15276;"Checkfox für Solar- und Wärmepumpen-Betriebe: Seriosität, Mechanik und Markteinordnung";post;"Checkfox seriös? Erfahrungen & Kosten für Solar-Betriebe";"Ist Checkfox seriös? Unabhängige Einordnung für Solar- & Wärmepumpen-Betriebe: Portal-Mechanik, Kosten-Logik und die Alternative zu gekauften Leads.";https://hasimuener.de/checkfox-solar-waermepumpe-einordnung/;1;0;703;0
90;2026-06-04;2026-09-01;2026-03-06;2026-06-03;query_page;current_only;https://hasimuener.de/;pattensen;1;1;1,0000;1,00;0;0;;;1;1;;11953;"WordPress-Architektur &amp; Performance Marketing (B2B) · Hannover &amp; DACH";front_page;"WordPress, Tracking & Conversion | Haşim Üner";"WordPress-Entwicklung, technisches SEO, Tracking und Conversion aus Pattensen bei Hannover. Für direkte Projekte, Agenturen und Solar-/Wärmepumpen-Anbieter.";https://hasimuener.de/;1;0;495;0
90;2026-06-04;2026-09-01;2026-03-06;2026-06-03;query_page;current_only;https://hasimuener.de/aroundhome-solar-einordnung/;"aroundhome erfahrungen handwerker";1;1;1,0000;1,00;0;0;;;1;1;;15206;"Aroundhome Erfahrungen für Handwerker: Kosten und Einordnung des Vergleichsportal-Modells";post;"Aroundhome Kosten für Handwerker: Lohnt sich das?";"Was kostet Aroundhome für Handwerker? Rechnen Sie Kosten pro Auftrag mit eigenen Zahlen und prüfen Sie Vertrag, Erfahrungen und Portal-Fit.";https://hasimuener.de/aroundhome-solar-einordnung/;1;0;1083;0
90;2026-06-04;2026-09-01;2026-03-06;2026-06-03;query_page;current_only;https://hasimuener.de/aroundhome-solar-einordnung/;"aroundhome kosten für handwerker";1;43;0,0233;6,19;0;0;;;1;43;;15206;"Aroundhome Erfahrungen für Handwerker: Kosten und Einordnung des Vergleichsportal-Modells";post;"Aroundhome Kosten für Handwerker: Lohnt sich das?";"Was kostet Aroundhome für Handwerker? Rechnen Sie Kosten pro Auftrag mit eigenen Zahlen und prüfen Sie Vertrag, Erfahrungen und Portal-Fit.";https://hasimuener.de/aroundhome-solar-einordnung/;1;0;1083;0
90;2026-06-04;2026-09-01;2026-03-06;2026-06-03;query_page;both;https://hasimuener.de/b2b-solar-leads/;"b2b photovoltaik";1;5;0,2000;10,40;0;3;0,0000;33,67;1;2;-23,27;15199;"B2B Solar Leads – gewerbliche Photovoltaik-Anfrage-Systeme";page;"PV-Termine B2B: qualifizierte Gewerbe-PV-Anfragen";"PV-Termine B2B für Gewerbe-PV: Projektwert, Technik und Buying-Center vorqualifizieren. Eigener Anfrageweg statt Termine ohne Projektsubstanz.";https://hasimuener.de/b2b-solar-leads/;1;0;1416;0
90;2026-06-04;2026-09-01;2026-03-06;2026-06-03;query_page;current_only;https://hasimuener.de/checkfox-solar-waermepumpe-einordnung/;"checkfox leads";1;2;0,5000;11,50;0;0;;;1;2;;15276;"Checkfox für Solar- und Wärmepumpen-Betriebe: Seriosität, Mechanik und Markteinordnung";post;"Checkfox seriös? Erfahrungen & Kosten für Solar-Betriebe";"Ist Checkfox seriös? Unabhängige Einordnung für Solar- & Wärmepumpen-Betriebe: Portal-Mechanik, Kosten-Logik und die Alternative zu gekauften Leads.";https://hasimuener.de/checkfox-solar-waermepumpe-einordnung/;1;0;703;0
90;2026-06-04;2026-09-01;2026-03-06;2026-06-03;query_page;current_only;https://hasimuener.de/checkfox-solar-waermepumpe-einordnung/;"checkfox solar erfahrungen";1;31;0,0323;7,84;0;0;;;1;31;;15276;"Checkfox für Solar- und Wärmepumpen-Betriebe: Seriosität, Mechanik und Markteinordnung";post;"Checkfox seriös? Erfahrungen & Kosten für Solar-Betriebe";"Ist Checkfox seriös? Unabhängige Einordnung für Solar- & Wärmepumpen-Betriebe: Portal-Mechanik, Kosten-Logik und die Alternative zu gekauften Leads.";https://hasimuener.de/checkfox-solar-waermepumpe-einordnung/;1;0;703;0
90;2026-06-04;2026-09-01;2026-03-06;2026-06-03;query_page;current_only;https://hasimuener.de/checkfox-solar-waermepumpe-einordnung/;"ist checkfox seriös";1;62;0,0161;6,98;0;0;;;1;62;;15276;"Checkfox für Solar- und Wärmepumpen-Betriebe: Seriosität, Mechanik und Markteinordnung";post;"Checkfox seriös? Erfahrungen & Kosten für Solar-Betriebe";"Ist Checkfox seriös? Unabhängige Einordnung für Solar- & Wärmepumpen-Betriebe: Portal-Mechanik, Kosten-Logik und die Alternative zu gekauften Leads.";https://hasimuener.de/checkfox-solar-waermepumpe-einordnung/;1;0;703;0
90;2026-06-04;2026-09-01;2026-03-06;2026-06-03;query_page;current_only;https://hasimuener.de/solar-leads-kaufen-alternative/;wattfox;1;4;0,2500;25,25;0;0;;;1;4;;15197;"Solar Leads kaufen – Alternative: eigenes Anfrage-System";page;"Photovoltaik & Solar Leads kaufen? Alternative ohne Portale";"Photovoltaik-, PV- oder Solar-Leads kaufen — oder eigene Anfragen aufbauen? Portal-Leads gehen an mehrere Betriebe. Case Study: über 85 % niedrigerer CPL.";https://hasimuener.de/solar-leads-kaufen-alternative/;1;0;1152;0
90;2026-06-04;2026-09-01;2026-03-06;2026-06-03;query_page;both;https://hasimuener.de/wordpress-agentur-hannover/;"wordpress agentur hannover";1;709;0,0014;22,71;1;527;0,0019;31,54;0;182;-8,83;10777;"WordPress Agentur Hannover";page;"WordPress Agentur Hannover: SEO, Tracking & CRO";"WordPress Agentur Hannover für messbare B2B-Anfragen: technisches SEO, Server-Side Tracking, CRO. Erst Projektprüfung, dann Umsetzung. CPL-Case: 150 € → 22 €.";https://hasimuener.de/wordpress-agentur-hannover/;1;0;632;0
90;2026-06-04;2026-09-01;2026-03-06;2026-06-03;query_page;current_only;https://hasimuener.de/;"architekten pattensen";0;1;0,0000;2,00;0;0;;;0;1;;11953;"WordPress-Architektur &amp; Performance Marketing (B2B) · Hannover &amp; DACH";front_page;"WordPress, Tracking & Conversion | Haşim Üner";"WordPress-Entwicklung, technisches SEO, Tracking und Conversion aus Pattensen bei Hannover. Für direkte Projekte, Agenturen und Solar-/Wärmepumpen-Anbieter.";https://hasimuener.de/;1;0;495;0
90;2026-06-04;2026-09-01;2026-03-06;2026-06-03;query_page;current_only;https://hasimuener.de/;"hakan üner";0;1;0,0000;3,00;0;0;;;0;1;;11953;"WordPress-Architektur &amp; Performance Marketing (B2B) · Hannover &amp; DACH";front_page;"WordPress, Tracking & Conversion | Haşim Üner";"WordPress-Entwicklung, technisches SEO, Tracking und Conversion aus Pattensen bei Hannover. Für direkte Projekte, Agenturen und Solar-/Wärmepumpen-Anbieter.";https://hasimuener.de/;1;0;495;0
90;2026-06-04;2026-09-01;2026-03-06;2026-06-03;query_page;both;https://hasimuener.de/;hasim;0;13;0,0000;10,54;0;11;0,0000;26,18;0;2;-15,64;11953;"WordPress-Architektur &amp; Performance Marketing (B2B) · Hannover &amp; DACH";front_page;"WordPress, Tracking & Conversion | Haşim Üner";"WordPress-Entwicklung, technisches SEO, Tracking und Conversion aus Pattensen bei Hannover. Für direkte Projekte, Agenturen und Solar-/Wärmepumpen-Anbieter.";https://hasimuener.de/;1;0;495;0
90;2026-06-04;2026-09-01;2026-03-06;2026-06-03;query_page;both;https://hasimuener.de/;"seo pattensen";0;5;0,0000;11,40;0;11;0,0000;23,64;0;-6;-12,24;11953;"WordPress-Architektur &amp; Performance Marketing (B2B) · Hannover &amp; DACH";front_page;"WordPress, Tracking & Conversion | Haşim Üner";"WordPress-Entwicklung, technisches SEO, Tracking und Conversion aus Pattensen bei Hannover. Für direkte Projekte, Agenturen und Solar-/Wärmepumpen-Anbieter.";https://hasimuener.de/;1;0;495;0
90;2026-06-04;2026-09-01;2026-03-06;2026-06-03;query_page;current_only;https://hasimuener.de/aroundhome-solar-einordnung/;"around home kosten";0;3;0,0000;9,33;0;0;;;0;3;;15206;"Aroundhome Erfahrungen für Handwerker: Kosten und Einordnung des Vergleichsportal-Modells";post;"Aroundhome Kosten für Handwerker: Lohnt sich das?";"Was kostet Aroundhome für Handwerker? Rechnen Sie Kosten pro Auftrag mit eigenen Zahlen und prüfen Sie Vertrag, Erfahrungen und Portal-Fit.";https://hasimuener.de/aroundhome-solar-einordnung/;1;0;1083;0
90;2026-06-04;2026-09-01;2026-03-06;2026-06-03;query_page;current_only;https://hasimuener.de/aroundhome-solar-einordnung/;aroundhome;0;1;0,0000;3,00;0;0;;;0;1;;15206;"Aroundhome Erfahrungen für Handwerker: Kosten und Einordnung des Vergleichsportal-Modells";post;"Aroundhome Kosten für Handwerker: Lohnt sich das?";"Was kostet Aroundhome für Handwerker? Rechnen Sie Kosten pro Auftrag mit eigenen Zahlen und prüfen Sie Vertrag, Erfahrungen und Portal-Fit.";https://hasimuener.de/aroundhome-solar-einordnung/;1;0;1083;0
90;2026-06-04;2026-09-01;2026-03-06;2026-06-03;query_page;current_only;https://hasimuener.de/aroundhome-solar-einordnung/;"aroundhome alternative";0;1;0,0000;19,00;0;0;;;0;1;;15206;"Aroundhome Erfahrungen für Handwerker: Kosten und Einordnung des Vergleichsportal-Modells";post;"Aroundhome Kosten für Handwerker: Lohnt sich das?";"Was kostet Aroundhome für Handwerker? Rechnen Sie Kosten pro Auftrag mit eigenen Zahlen und prüfen Sie Vertrag, Erfahrungen und Portal-Fit.";https://hasimuener.de/aroundhome-solar-einordnung/;1;0;1083;0
90;2026-06-04;2026-09-01;2026-03-06;2026-06-03;query_page;current_only;https://hasimuener.de/aroundhome-solar-einordnung/;"aroundhome bewertung";0;1;0,0000;35,00;0;0;;;0;1;;15206;"Aroundhome Erfahrungen für Handwerker: Kosten und Einordnung des Vergleichsportal-Modells";post;"Aroundhome Kosten für Handwerker: Lohnt sich das?";"Was kostet Aroundhome für Handwerker? Rechnen Sie Kosten pro Auftrag mit eigenen Zahlen und prüfen Sie Vertrag, Erfahrungen und Portal-Fit.";https://hasimuener.de/aroundhome-solar-einordnung/;1;0;1083;0
90;2026-06-04;2026-09-01;2026-03-06;2026-06-03;query_page;current_only;https://hasimuener.de/aroundhome-solar-einordnung/;"aroundhome erfahrungen";0;1;0,0000;33,00;0;0;;;0;1;;15206;"Aroundhome Erfahrungen für Handwerker: Kosten und Einordnung des Vergleichsportal-Modells";post;"Aroundhome Kosten für Handwerker: Lohnt sich das?";"Was kostet Aroundhome für Handwerker? Rechnen Sie Kosten pro Auftrag mit eigenen Zahlen und prüfen Sie Vertrag, Erfahrungen und Portal-Fit.";https://hasimuener.de/aroundhome-solar-einordnung/;1;0;1083;0
90;2026-06-04;2026-09-01;2026-03-06;2026-06-03;query_page;current_only;https://hasimuener.de/aroundhome-solar-einordnung/;"aroundhome kosten";0;80;0,0000;7,60;0;0;;;0;80;;15206;"Aroundhome Erfahrungen für Handwerker: Kosten und Einordnung des Vergleichsportal-Modells";post;"Aroundhome Kosten für Handwerker: Lohnt sich das?";"Was kostet Aroundhome für Handwerker? Rechnen Sie Kosten pro Auftrag mit eigenen Zahlen und prüfen Sie Vertrag, Erfahrungen und Portal-Fit.";https://hasimuener.de/aroundhome-solar-einordnung/;1;0;1083;0
90;2026-06-04;2026-09-01;2026-03-06;2026-06-03;query_page;current_only;https://hasimuener.de/aroundhome-solar-einordnung/;"aroundhome leads kaufen";0;17;0,0000;16,76;0;0;;;0;17;;15206;"Aroundhome Erfahrungen für Handwerker: Kosten und Einordnung des Vergleichsportal-Modells";post;"Aroundhome Kosten für Handwerker: Lohnt sich das?";"Was kostet Aroundhome für Handwerker? Rechnen Sie Kosten pro Auftrag mit eigenen Zahlen und prüfen Sie Vertrag, Erfahrungen und Portal-Fit.";https://hasimuener.de/aroundhome-solar-einordnung/;1;0;1083;0
90;2026-06-04;2026-09-01;2026-03-06;2026-06-03;query_page;current_only;https://hasimuener.de/aroundhome-solar-einordnung/;"aroundhome leads kosten";0;21;0,0000;14,19;0;0;;;0;21;;15206;"Aroundhome Erfahrungen für Handwerker: Kosten und Einordnung des Vergleichsportal-Modells";post;"Aroundhome Kosten für Handwerker: Lohnt sich das?";"Was kostet Aroundhome für Handwerker? Rechnen Sie Kosten pro Auftrag mit eigenen Zahlen und prüfen Sie Vertrag, Erfahrungen und Portal-Fit.";https://hasimuener.de/aroundhome-solar-einordnung/;1;0;1083;0
90;2026-06-04;2026-09-01;2026-03-06;2026-06-03;query_page;current_only;https://hasimuener.de/aroundhome-solar-einordnung/;"aroundhome login";0;6;0,0000;10,17;0;0;;;0;6;;15206;"Aroundhome Erfahrungen für Handwerker: Kosten und Einordnung des Vergleichsportal-Modells";post;"Aroundhome Kosten für Handwerker: Lohnt sich das?";"Was kostet Aroundhome für Handwerker? Rechnen Sie Kosten pro Auftrag mit eigenen Zahlen und prüfen Sie Vertrag, Erfahrungen und Portal-Fit.";https://hasimuener.de/aroundhome-solar-einordnung/;1;0;1083;0
90;2026-06-04;2026-09-01;2026-03-06;2026-06-03;query_page;current_only;https://hasimuener.de/aroundhome-solar-einordnung/;"aroundhome pv";0;2;0,0000;12,00;0;0;;;0;2;;15206;"Aroundhome Erfahrungen für Handwerker: Kosten und Einordnung des Vergleichsportal-Modells";post;"Aroundhome Kosten für Handwerker: Lohnt sich das?";"Was kostet Aroundhome für Handwerker? Rechnen Sie Kosten pro Auftrag mit eigenen Zahlen und prüfen Sie Vertrag, Erfahrungen und Portal-Fit.";https://hasimuener.de/aroundhome-solar-einordnung/;1;0;1083;0
90;2026-06-04;2026-09-01;2026-03-06;2026-06-03;query_page;current_only;https://hasimuener.de/aroundhome-solar-einordnung/;"aroundhome solar";0;8;0,0000;13,25;0;0;;;0;8;;15206;"Aroundhome Erfahrungen für Handwerker: Kosten und Einordnung des Vergleichsportal-Modells";post;"Aroundhome Kosten für Handwerker: Lohnt sich das?";"Was kostet Aroundhome für Handwerker? Rechnen Sie Kosten pro Auftrag mit eigenen Zahlen und prüfen Sie Vertrag, Erfahrungen und Portal-Fit.";https://hasimuener.de/aroundhome-solar-einordnung/;1;0;1083;0
90;2026-06-04;2026-09-01;2026-03-06;2026-06-03;query_page;current_only;https://hasimuener.de/aroundhome-solar-einordnung/;"aroundhome solar erfahrungen";0;15;0,0000;8,73;0;0;;;0;15;;15206;"Aroundhome Erfahrungen für Handwerker: Kosten und Einordnung des Vergleichsportal-Modells";post;"Aroundhome Kosten für Handwerker: Lohnt sich das?";"Was kostet Aroundhome für Handwerker? Rechnen Sie Kosten pro Auftrag mit eigenen Zahlen und prüfen Sie Vertrag, Erfahrungen und Portal-Fit.";https://hasimuener.de/aroundhome-solar-einordnung/;1;0;1083;0
90;2026-06-04;2026-09-01;2026-03-06;2026-06-03;query_page;current_only;https://hasimuener.de/aroundhome-solar-einordnung/;"aroundhome solaranlage";0;25;0,0000;14,00;0;0;;;0;25;;15206;"Aroundhome Erfahrungen für Handwerker: Kosten und Einordnung des Vergleichsportal-Modells";post;"Aroundhome Kosten für Handwerker: Lohnt sich das?";"Was kostet Aroundhome für Handwerker? Rechnen Sie Kosten pro Auftrag mit eigenen Zahlen und prüfen Sie Vertrag, Erfahrungen und Portal-Fit.";https://hasimuener.de/aroundhome-solar-einordnung/;1;0;1083;0
90;2026-06-04;2026-09-01;2026-03-06;2026-06-03;query_page;current_only;https://hasimuener.de/aroundhome-solar-einordnung/;"aroundhome wp";0;6;0,0000;7,67;0;0;;;0;6;;15206;"Aroundhome Erfahrungen für Handwerker: Kosten und Einordnung des Vergleichsportal-Modells";post;"Aroundhome Kosten für Handwerker: Lohnt sich das?";"Was kostet Aroundhome für Handwerker? Rechnen Sie Kosten pro Auftrag mit eigenen Zahlen und prüfen Sie Vertrag, Erfahrungen und Portal-Fit.";https://hasimuener.de/aroundhome-solar-einordnung/;1;0;1083;0
90;2026-06-04;2026-09-01;2026-03-06;2026-06-03;query_page;current_only;https://hasimuener.de/aroundhome-solar-einordnung/;"gibt es plattformen wie aroundhome für heimwerker?";0;1;0,0000;10,00;0;0;;;0;1;;15206;"Aroundhome Erfahrungen für Handwerker: Kosten und Einordnung des Vergleichsportal-Modells";post;"Aroundhome Kosten für Handwerker: Lohnt sich das?";"Was kostet Aroundhome für Handwerker? Rechnen Sie Kosten pro Auftrag mit eigenen Zahlen und prüfen Sie Vertrag, Erfahrungen und Portal-Fit.";https://hasimuener.de/aroundhome-solar-einordnung/;1;0;1083;0
90;2026-06-04;2026-09-01;2026-03-06;2026-06-03;query_page;current_only;https://hasimuener.de/aroundhome-solar-einordnung/;"welche alternativen gibt es zu myhammer?";0;1;0,0000;19,00;0;0;;;0;1;;15206;"Aroundhome Erfahrungen für Handwerker: Kosten und Einordnung des Vergleichsportal-Modells";post;"Aroundhome Kosten für Handwerker: Lohnt sich das?";"Was kostet Aroundhome für Handwerker? Rechnen Sie Kosten pro Auftrag mit eigenen Zahlen und prüfen Sie Vertrag, Erfahrungen und Portal-Fit.";https://hasimuener.de/aroundhome-solar-einordnung/;1;0;1083;0
90;2026-06-04;2026-09-01;2026-03-06;2026-06-03;query_page;current_only;https://hasimuener.de/aroundhome-solar-einordnung/;"welche vorteile bietet aroundhome für handwerksbetriebe oder dienstleister?";0;6;0,0000;6,50;0;0;;;0;6;;15206;"Aroundhome Erfahrungen für Handwerker: Kosten und Einordnung des Vergleichsportal-Modells";post;"Aroundhome Kosten für Handwerker: Lohnt sich das?";"Was kostet Aroundhome für Handwerker? Rechnen Sie Kosten pro Auftrag mit eigenen Zahlen und prüfen Sie Vertrag, Erfahrungen und Portal-Fit.";https://hasimuener.de/aroundhome-solar-einordnung/;1;0;1083;0
90;2026-06-04;2026-09-01;2026-03-06;2026-06-03;query_page;current_only;https://hasimuener.de/aroundhome-solar-einordnung/;"wie funktioniert aroundhome?";0;1;0,0000;12,00;0;0;;;0;1;;15206;"Aroundhome Erfahrungen für Handwerker: Kosten und Einordnung des Vergleichsportal-Modells";post;"Aroundhome Kosten für Handwerker: Lohnt sich das?";"Was kostet Aroundhome für Handwerker? Rechnen Sie Kosten pro Auftrag mit eigenen Zahlen und prüfen Sie Vertrag, Erfahrungen und Portal-Fit.";https://hasimuener.de/aroundhome-solar-einordnung/;1;0;1083;0
90;2026-06-04;2026-09-01;2026-03-06;2026-06-03;query_page;current_only;https://hasimuener.de/aroundhome-solar-einordnung/;"wie funktioniert der service von aroundhome zur vermittlung von handwerksbetrieben?";0;1;0,0000;11,00;0;0;;;0;1;;15206;"Aroundhome Erfahrungen für Handwerker: Kosten und Einordnung des Vergleichsportal-Modells";post;"Aroundhome Kosten für Handwerker: Lohnt sich das?";"Was kostet Aroundhome für Handwerker? Rechnen Sie Kosten pro Auftrag mit eigenen Zahlen und prüfen Sie Vertrag, Erfahrungen und Portal-Fit.";https://hasimuener.de/aroundhome-solar-einordnung/;1;0;1083;0
90;2026-06-04;2026-09-01;2026-03-06;2026-06-03;query_page;current_only;https://hasimuener.de/b2b-solar-leads/;"b2b leads energie";0;5;0,0000;31,20;0;0;;;0;5;;15199;"B2B Solar Leads – gewerbliche Photovoltaik-Anfrage-Systeme";page;"PV-Termine B2B: qualifizierte Gewerbe-PV-Anfragen";"PV-Termine B2B für Gewerbe-PV: Projektwert, Technik und Buying-Center vorqualifizieren. Eigener Anfrageweg statt Termine ohne Projektsubstanz.";https://hasimuener.de/b2b-solar-leads/;1;0;1416;0
90;2026-06-04;2026-09-01;2026-03-06;2026-06-03;query_page;both;https://hasimuener.de/b2b-solar-leads/;"b2b photovoltaik handel";0;10;0,0000;40,60;0;1;0,0000;42,00;0;9;-1,40;15199;"B2B Solar Leads – gewerbliche Photovoltaik-Anfrage-Systeme";page;"PV-Termine B2B: qualifizierte Gewerbe-PV-Anfragen";"PV-Termine B2B für Gewerbe-PV: Projektwert, Technik und Buying-Center vorqualifizieren. Eigener Anfrageweg statt Termine ohne Projektsubstanz.";https://hasimuener.de/b2b-solar-leads/;1;0;1416;0
90;2026-06-04;2026-09-01;2026-03-06;2026-06-03;query_page;current_only;https://hasimuener.de/b2b-solar-leads/;"b2b projektanfragen energie";0;1;0,0000;23,00;0;0;;;0;1;;15199;"B2B Solar Leads – gewerbliche Photovoltaik-Anfrage-Systeme";page;"PV-Termine B2B: qualifizierte Gewerbe-PV-Anfragen";"PV-Termine B2B für Gewerbe-PV: Projektwert, Technik und Buying-Center vorqualifizieren. Eigener Anfrageweg statt Termine ohne Projektsubstanz.";https://hasimuener.de/b2b-solar-leads/;1;0;1416;0
90;2026-06-04;2026-09-01;2026-03-06;2026-06-03;query_page;current_only;https://hasimuener.de/b2b-solar-leads/;"b2b solar panels";0;1;0,0000;43,00;0;0;;;0;1;;15199;"B2B Solar Leads – gewerbliche Photovoltaik-Anfrage-Systeme";page;"PV-Termine B2B: qualifizierte Gewerbe-PV-Anfragen";"PV-Termine B2B für Gewerbe-PV: Projektwert, Technik und Buying-Center vorqualifizieren. Eigener Anfrageweg statt Termine ohne Projektsubstanz.";https://hasimuener.de/b2b-solar-leads/;1;0;1416;0
90;2026-06-04;2026-09-01;2026-03-06;2026-06-03;query_page;current_only;https://hasimuener.de/b2b-solar-leads/;"b2b-handel photovoltaik";0;9;0,0000;36,56;0;0;;;0;9;;15199;"B2B Solar Leads – gewerbliche Photovoltaik-Anfrage-Systeme";page;"PV-Termine B2B: qualifizierte Gewerbe-PV-Anfragen";"PV-Termine B2B für Gewerbe-PV: Projektwert, Technik und Buying-Center vorqualifizieren. Eigener Anfrageweg statt Termine ohne Projektsubstanz.";https://hasimuener.de/b2b-solar-leads/;1;0;1416;0
90;2026-06-04;2026-09-01;2026-03-06;2026-06-03;query_page;current_only;https://hasimuener.de/b2b-solar-leads/;"b2b-handel pv";0;11;0,0000;32,91;0;0;;;0;11;;15199;"B2B Solar Leads – gewerbliche Photovoltaik-Anfrage-Systeme";page;"PV-Termine B2B: qualifizierte Gewerbe-PV-Anfragen";"PV-Termine B2B für Gewerbe-PV: Projektwert, Technik und Buying-Center vorqualifizieren. Eigener Anfrageweg statt Termine ohne Projektsubstanz.";https://hasimuener.de/b2b-solar-leads/;1;0;1416;0
90;2026-06-04;2026-09-01;2026-03-06;2026-06-03;query_page;current_only;https://hasimuener.de/b2b-solar-leads/;"b2b-handel solar";0;5;0,0000;55,20;0;0;;;0;5;;15199;"B2B Solar Leads – gewerbliche Photovoltaik-Anfrage-Systeme";page;"PV-Termine B2B: qualifizierte Gewerbe-PV-Anfragen";"PV-Termine B2B für Gewerbe-PV: Projektwert, Technik und Buying-Center vorqualifizieren. Eigener Anfrageweg statt Termine ohne Projektsubstanz.";https://hasimuener.de/b2b-solar-leads/;1;0;1416;0
90;2026-06-04;2026-09-01;2026-03-06;2026-06-03;query_page;current_only;https://hasimuener.de/b2b-solar-leads/;"buy solar leads";0;1;0,0000;67,00;0;0;;;0;1;;15199;"B2B Solar Leads – gewerbliche Photovoltaik-Anfrage-Systeme";page;"PV-Termine B2B: qualifizierte Gewerbe-PV-Anfragen";"PV-Termine B2B für Gewerbe-PV: Projektwert, Technik und Buying-Center vorqualifizieren. Eigener Anfrageweg statt Termine ohne Projektsubstanz.";https://hasimuener.de/b2b-solar-leads/;1;0;1416;0
90;2026-06-04;2026-09-01;2026-03-06;2026-06-03;query_page;current_only;https://hasimuener.de/b2b-solar-leads/;"energie leads b2b";0;28;0,0000;21,00;0;0;;;0;28;;15199;"B2B Solar Leads – gewerbliche Photovoltaik-Anfrage-Systeme";page;"PV-Termine B2B: qualifizierte Gewerbe-PV-Anfragen";"PV-Termine B2B für Gewerbe-PV: Projektwert, Technik und Buying-Center vorqualifizieren. Eigener Anfrageweg statt Termine ohne Projektsubstanz.";https://hasimuener.de/b2b-solar-leads/;1;0;1416;0
90;2026-06-04;2026-09-01;2026-03-06;2026-06-03;query_page;current_only;https://hasimuener.de/b2b-solar-leads/;"energieberater leads";0;8;0,0000;51,88;0;0;;;0;8;;15199;"B2B Solar Leads – gewerbliche Photovoltaik-Anfrage-Systeme";page;"PV-Termine B2B: qualifizierte Gewerbe-PV-Anfragen";"PV-Termine B2B für Gewerbe-PV: Projektwert, Technik und Buying-Center vorqualifizieren. Eigener Anfrageweg statt Termine ohne Projektsubstanz.";https://hasimuener.de/b2b-solar-leads/;1;0;1416;0
90;2026-06-04;2026-09-01;2026-03-06;2026-06-03;query_page;current_only;https://hasimuener.de/b2b-solar-leads/;"energieberatung leads";0;2;0,0000;42,50;0;0;;;0;2;;15199;"B2B Solar Leads – gewerbliche Photovoltaik-Anfrage-Systeme";page;"PV-Termine B2B: qualifizierte Gewerbe-PV-Anfragen";"PV-Termine B2B für Gewerbe-PV: Projektwert, Technik und Buying-Center vorqualifizieren. Eigener Anfrageweg statt Termine ohne Projektsubstanz.";https://hasimuener.de/b2b-solar-leads/;1;0;1416;0
90;2026-06-04;2026-09-01;2026-03-06;2026-06-03;query_page;current_only;https://hasimuener.de/b2b-solar-leads/;"energieprojekte b2b deutschland";0;3;0,0000;69,67;0;0;;;0;3;;15199;"B2B Solar Leads – gewerbliche Photovoltaik-Anfrage-Systeme";page;"PV-Termine B2B: qualifizierte Gewerbe-PV-Anfragen";"PV-Termine B2B für Gewerbe-PV: Projektwert, Technik und Buying-Center vorqualifizieren. Eigener Anfrageweg statt Termine ohne Projektsubstanz.";https://hasimuener.de/b2b-solar-leads/;1;0;1416;0
90;2026-06-04;2026-09-01;2026-03-06;2026-06-03;query_page;current_only;https://hasimuener.de/b2b-solar-leads/;"leadgenerator solar";0;2;0,0000;71,50;0;0;;;0;2;;15199;"B2B Solar Leads – gewerbliche Photovoltaik-Anfrage-Systeme";page;"PV-Termine B2B: qualifizierte Gewerbe-PV-Anfragen";"PV-Termine B2B für Gewerbe-PV: Projektwert, Technik und Buying-Center vorqualifizieren. Eigener Anfrageweg statt Termine ohne Projektsubstanz.";https://hasimuener.de/b2b-solar-leads/;1;0;1416;0
90;2026-06-04;2026-09-01;2026-03-06;2026-06-03;query_page;both;https://hasimuener.de/b2b-solar-leads/;"leadgenerierung photovoltaik";0;115;0,0000;52,35;0;8;0,0000;80,88;0;107;-28,53;15199;"B2B Solar Leads – gewerbliche Photovoltaik-Anfrage-Systeme";page;"PV-Termine B2B: qualifizierte Gewerbe-PV-Anfragen";"PV-Termine B2B für Gewerbe-PV: Projektwert, Technik und Buying-Center vorqualifizieren. Eigener Anfrageweg statt Termine ohne Projektsubstanz.";https://hasimuener.de/b2b-solar-leads/;1;0;1416;0
90;2026-06-04;2026-09-01;2026-03-06;2026-06-03;query_page;current_only;https://hasimuener.de/b2b-solar-leads/;"leadgenerierung solar";0;6;0,0000;45,00;0;0;;;0;6;;15199;"B2B Solar Leads – gewerbliche Photovoltaik-Anfrage-Systeme";page;"PV-Termine B2B: qualifizierte Gewerbe-PV-Anfragen";"PV-Termine B2B für Gewerbe-PV: Projektwert, Technik und Buying-Center vorqualifizieren. Eigener Anfrageweg statt Termine ohne Projektsubstanz.";https://hasimuener.de/b2b-solar-leads/;1;0;1416;0
90;2026-06-04;2026-09-01;2026-03-06;2026-06-03;query_page;current_only;https://hasimuener.de/b2b-solar-leads/;"leads kaufen photovoltaik";0;34;0,0000;75,79;0;0;;;0;34;;15199;"B2B Solar Leads – gewerbliche Photovoltaik-Anfrage-Systeme";page;"PV-Termine B2B: qualifizierte Gewerbe-PV-Anfragen";"PV-Termine B2B für Gewerbe-PV: Projektwert, Technik und Buying-Center vorqualifizieren. Eigener Anfrageweg statt Termine ohne Projektsubstanz.";https://hasimuener.de/b2b-solar-leads/;1;0;1416;0
90;2026-06-04;2026-09-01;2026-03-06;2026-06-03;query_page;current_only;https://hasimuener.de/b2b-solar-leads/;"leads photovoltaik";0;5;0,0000;53,80;0;0;;;0;5;;15199;"B2B Solar Leads – gewerbliche Photovoltaik-Anfrage-Systeme";page;"PV-Termine B2B: qualifizierte Gewerbe-PV-Anfragen";"PV-Termine B2B für Gewerbe-PV: Projektwert, Technik und Buying-Center vorqualifizieren. Eigener Anfrageweg statt Termine ohne Projektsubstanz.";https://hasimuener.de/b2b-solar-leads/;1;0;1416;0
90;2026-06-04;2026-09-01;2026-03-06;2026-06-03;query_page;current_only;https://hasimuener.de/b2b-solar-leads/;"leads solar";0;10;0,0000;52,60;0;0;;;0;10;;15199;"B2B Solar Leads – gewerbliche Photovoltaik-Anfrage-Systeme";page;"PV-Termine B2B: qualifizierte Gewerbe-PV-Anfragen";"PV-Termine B2B für Gewerbe-PV: Projektwert, Technik und Buying-Center vorqualifizieren. Eigener Anfrageweg statt Termine ohne Projektsubstanz.";https://hasimuener.de/b2b-solar-leads/;1;0;1416;0
90;2026-06-04;2026-09-01;2026-03-06;2026-06-03;query_page;both;https://hasimuener.de/b2b-solar-leads/;"photovoltaik b2b";0;20;0,0000;37,30;0;4;0,0000;43,00;0;16;-5,70;15199;"B2B Solar Leads – gewerbliche Photovoltaik-Anfrage-Systeme";page;"PV-Termine B2B: qualifizierte Gewerbe-PV-Anfragen";"PV-Termine B2B für Gewerbe-PV: Projektwert, Technik und Buying-Center vorqualifizieren. Eigener Anfrageweg statt Termine ohne Projektsubstanz.";https://hasimuener.de/b2b-solar-leads/;1;0;1416;0
90;2026-06-04;2026-09-01;2026-03-06;2026-06-03;query_page;both;https://hasimuener.de/b2b-solar-leads/;"photovoltaik b2b lösung";0;201;0,0000;47,27;0;38;0,0000;61,74;0;163;-14,47;15199;"B2B Solar Leads – gewerbliche Photovoltaik-Anfrage-Systeme";page;"PV-Termine B2B: qualifizierte Gewerbe-PV-Anfragen";"PV-Termine B2B für Gewerbe-PV: Projektwert, Technik und Buying-Center vorqualifizieren. Eigener Anfrageweg statt Termine ohne Projektsubstanz.";https://hasimuener.de/b2b-solar-leads/;1;0;1416;0
90;2026-06-04;2026-09-01;2026-03-06;2026-06-03;query_page;current_only;https://hasimuener.de/b2b-solar-leads/;"photovoltaik leads";0;106;0,0000;55,50;0;0;;;0;106;;15199;"B2B Solar Leads – gewerbliche Photovoltaik-Anfrage-Systeme";page;"PV-Termine B2B: qualifizierte Gewerbe-PV-Anfragen";"PV-Termine B2B für Gewerbe-PV: Projektwert, Technik und Buying-Center vorqualifizieren. Eigener Anfrageweg statt Termine ohne Projektsubstanz.";https://hasimuener.de/b2b-solar-leads/;1;0;1416;0
90;2026-06-04;2026-09-01;2026-03-06;2026-06-03;query_page;current_only;https://hasimuener.de/b2b-solar-leads/;"photovoltaik leads gewerbe";0;19;0,0000;20,11;0;0;;;0;19;;15199;"B2B Solar Leads – gewerbliche Photovoltaik-Anfrage-Systeme";page;"PV-Termine B2B: qualifizierte Gewerbe-PV-Anfragen";"PV-Termine B2B für Gewerbe-PV: Projektwert, Technik und Buying-Center vorqualifizieren. Eigener Anfrageweg statt Termine ohne Projektsubstanz.";https://hasimuener.de/b2b-solar-leads/;1;0;1416;0
90;2026-06-04;2026-09-01;2026-03-06;2026-06-03;query_page;current_only;https://hasimuener.de/b2b-solar-leads/;"photovoltaik leads kaufen";0;26;0,0000;58,81;0;0;;;0;26;;15199;"B2B Solar Leads – gewerbliche Photovoltaik-Anfrage-Systeme";page;"PV-Termine B2B: qualifizierte Gewerbe-PV-Anfragen";"PV-Termine B2B für Gewerbe-PV: Projektwert, Technik und Buying-Center vorqualifizieren. Eigener Anfrageweg statt Termine ohne Projektsubstanz.";https://hasimuener.de/b2b-solar-leads/;1;0;1416;0
90;2026-06-04;2026-09-01;2026-03-06;2026-06-03;query_page;current_only;https://hasimuener.de/b2b-solar-leads/;"photovoltaik marketing";0;3;0,0000;73,33;0;0;;;0;3;;15199;"B2B Solar Leads – gewerbliche Photovoltaik-Anfrage-Systeme";page;"PV-Termine B2B: qualifizierte Gewerbe-PV-Anfragen";"PV-Termine B2B für Gewerbe-PV: Projektwert, Technik und Buying-Center vorqualifizieren. Eigener Anfrageweg statt Termine ohne Projektsubstanz.";https://hasimuener.de/b2b-solar-leads/;1;0;1416;0
90;2026-06-04;2026-09-01;2026-03-06;2026-06-03;query_page;current_only;https://hasimuener.de/b2b-solar-leads/;"photovoltaik termine gewerbe";0;1;0,0000;69,00;0;0;;;0;1;;15199;"B2B Solar Leads – gewerbliche Photovoltaik-Anfrage-Systeme";page;"PV-Termine B2B: qualifizierte Gewerbe-PV-Anfragen";"PV-Termine B2B für Gewerbe-PV: Projektwert, Technik und Buying-Center vorqualifizieren. Eigener Anfrageweg statt Termine ohne Projektsubstanz.";https://hasimuener.de/b2b-solar-leads/;1;0;1416;0
90;2026-06-04;2026-09-01;2026-03-06;2026-06-03;query_page;current_only;https://hasimuener.de/b2b-solar-leads/;photovoltaik-leads;0;3;0,0000;56,00;0;0;;;0;3;;15199;"B2B Solar Leads – gewerbliche Photovoltaik-Anfrage-Systeme";page;"PV-Termine B2B: qualifizierte Gewerbe-PV-Anfragen";"PV-Termine B2B für Gewerbe-PV: Projektwert, Technik und Buying-Center vorqualifizieren. Eigener Anfrageweg statt Termine ohne Projektsubstanz.";https://hasimuener.de/b2b-solar-leads/;1;0;1416;0
90;2026-06-04;2026-09-01;2026-03-06;2026-06-03;query_page;current_only;https://hasimuener.de/b2b-solar-leads/;"pv aufträge";0;1;0,0000;57,00;0;0;;;0;1;;15199;"B2B Solar Leads – gewerbliche Photovoltaik-Anfrage-Systeme";page;"PV-Termine B2B: qualifizierte Gewerbe-PV-Anfragen";"PV-Termine B2B für Gewerbe-PV: Projektwert, Technik und Buying-Center vorqualifizieren. Eigener Anfrageweg statt Termine ohne Projektsubstanz.";https://hasimuener.de/b2b-solar-leads/;1;0;1416;0
90;2026-06-04;2026-09-01;2026-03-06;2026-06-03;query_page;current_only;https://hasimuener.de/b2b-solar-leads/;"pv business deutschland";0;9;0,0000;86,33;0;0;;;0;9;;15199;"B2B Solar Leads – gewerbliche Photovoltaik-Anfrage-Systeme";page;"PV-Termine B2B: qualifizierte Gewerbe-PV-Anfragen";"PV-Termine B2B für Gewerbe-PV: Projektwert, Technik und Buying-Center vorqualifizieren. Eigener Anfrageweg statt Termine ohne Projektsubstanz.";https://hasimuener.de/b2b-solar-leads/;1;0;1416;0
90;2026-06-04;2026-09-01;2026-03-06;2026-06-03;query_page;current_only;https://hasimuener.de/b2b-solar-leads/;"pv droben";0;2;0,0000;44,00;0;0;;;0;2;;15199;"B2B Solar Leads – gewerbliche Photovoltaik-Anfrage-Systeme";page;"PV-Termine B2B: qualifizierte Gewerbe-PV-Anfragen";"PV-Termine B2B für Gewerbe-PV: Projektwert, Technik und Buying-Center vorqualifizieren. Eigener Anfrageweg statt Termine ohne Projektsubstanz.";https://hasimuener.de/b2b-solar-leads/;1;0;1416;0
90;2026-06-04;2026-09-01;2026-03-06;2026-06-03;query_page;current_only;https://hasimuener.de/b2b-solar-leads/;"pv epc unternehmensverkauf";0;4;0,0000;98,50;0;0;;;0;4;;15199;"B2B Solar Leads – gewerbliche Photovoltaik-Anfrage-Systeme";page;"PV-Termine B2B: qualifizierte Gewerbe-PV-Anfragen";"PV-Termine B2B für Gewerbe-PV: Projektwert, Technik und Buying-Center vorqualifizieren. Eigener Anfrageweg statt Termine ohne Projektsubstanz.";https://hasimuener.de/b2b-solar-leads/;1;0;1416;0
90;2026-06-04;2026-09-01;2026-03-06;2026-06-03;query_page;current_only;https://hasimuener.de/b2b-solar-leads/;"pv lead";0;3;0,0000;48,33;0;0;;;0;3;;15199;"B2B Solar Leads – gewerbliche Photovoltaik-Anfrage-Systeme";page;"PV-Termine B2B: qualifizierte Gewerbe-PV-Anfragen";"PV-Termine B2B für Gewerbe-PV: Projektwert, Technik und Buying-Center vorqualifizieren. Eigener Anfrageweg statt Termine ohne Projektsubstanz.";https://hasimuener.de/b2b-solar-leads/;1;0;1416;0
90;2026-06-04;2026-09-01;2026-03-06;2026-06-03;query_page;current_only;https://hasimuener.de/b2b-solar-leads/;"pv leads";0;31;0,0000;51,32;0;0;;;0;31;;15199;"B2B Solar Leads – gewerbliche Photovoltaik-Anfrage-Systeme";page;"PV-Termine B2B: qualifizierte Gewerbe-PV-Anfragen";"PV-Termine B2B für Gewerbe-PV: Projektwert, Technik und Buying-Center vorqualifizieren. Eigener Anfrageweg statt Termine ohne Projektsubstanz.";https://hasimuener.de/b2b-solar-leads/;1;0;1416;0
90;2026-06-04;2026-09-01;2026-03-06;2026-06-03;query_page;current_only;https://hasimuener.de/b2b-solar-leads/;"pv leads generieren";0;2;0,0000;66,50;0;0;;;0;2;;15199;"B2B Solar Leads – gewerbliche Photovoltaik-Anfrage-Systeme";page;"PV-Termine B2B: qualifizierte Gewerbe-PV-Anfragen";"PV-Termine B2B für Gewerbe-PV: Projektwert, Technik und Buying-Center vorqualifizieren. Eigener Anfrageweg statt Termine ohne Projektsubstanz.";https://hasimuener.de/b2b-solar-leads/;1;0;1416;0
90;2026-06-04;2026-09-01;2026-03-06;2026-06-03;query_page;current_only;https://hasimuener.de/b2b-solar-leads/;"pv leads gewerbe";0;93;0,0000;17,52;0;0;;;0;93;;15199;"B2B Solar Leads – gewerbliche Photovoltaik-Anfrage-Systeme";page;"PV-Termine B2B: qualifizierte Gewerbe-PV-Anfragen";"PV-Termine B2B für Gewerbe-PV: Projektwert, Technik und Buying-Center vorqualifizieren. Eigener Anfrageweg statt Termine ohne Projektsubstanz.";https://hasimuener.de/b2b-solar-leads/;1;0;1416;0
90;2026-06-04;2026-09-01;2026-03-06;2026-06-03;query_page;current_only;https://hasimuener.de/b2b-solar-leads/;"pv leads kaufen";0;14;0,0000;66,43;0;0;;;0;14;;15199;"B2B Solar Leads – gewerbliche Photovoltaik-Anfrage-Systeme";page;"PV-Termine B2B: qualifizierte Gewerbe-PV-Anfragen";"PV-Termine B2B für Gewerbe-PV: Projektwert, Technik und Buying-Center vorqualifizieren. Eigener Anfrageweg statt Termine ohne Projektsubstanz.";https://hasimuener.de/b2b-solar-leads/;1;0;1416;0
90;2026-06-04;2026-09-01;2026-03-06;2026-06-03;query_page;current_only;https://hasimuener.de/b2b-solar-leads/;"pv projektanfragen";0;2;0,0000;81,00;0;0;;;0;2;;15199;"B2B Solar Leads – gewerbliche Photovoltaik-Anfrage-Systeme";page;"PV-Termine B2B: qualifizierte Gewerbe-PV-Anfragen";"PV-Termine B2B für Gewerbe-PV: Projektwert, Technik und Buying-Center vorqualifizieren. Eigener Anfrageweg statt Termine ohne Projektsubstanz.";https://hasimuener.de/b2b-solar-leads/;1;0;1416;0
90;2026-06-04;2026-09-01;2026-03-06;2026-06-03;query_page;current_only;https://hasimuener.de/b2b-solar-leads/;"pv termine b2b";0;217;0,0000;7,06;0;0;;;0;217;;15199;"B2B Solar Leads – gewerbliche Photovoltaik-Anfrage-Systeme";page;"PV-Termine B2B: qualifizierte Gewerbe-PV-Anfragen";"PV-Termine B2B für Gewerbe-PV: Projektwert, Technik und Buying-Center vorqualifizieren. Eigener Anfrageweg statt Termine ohne Projektsubstanz.";https://hasimuener.de/b2b-solar-leads/;1;0;1416;0
90;2026-06-04;2026-09-01;2026-03-06;2026-06-03;query_page;current_only;https://hasimuener.de/b2b-solar-leads/;pv-leads;0;3;0,0000;50,67;0;0;;;0;3;;15199;"B2B Solar Leads – gewerbliche Photovoltaik-Anfrage-Systeme";page;"PV-Termine B2B: qualifizierte Gewerbe-PV-Anfragen";"PV-Termine B2B für Gewerbe-PV: Projektwert, Technik und Buying-Center vorqualifizieren. Eigener Anfrageweg statt Termine ohne Projektsubstanz.";https://hasimuener.de/b2b-solar-leads/;1;0;1416;0
90;2026-06-04;2026-09-01;2026-03-06;2026-06-03;query_page;current_only;https://hasimuener.de/b2b-solar-leads/;"pvb vertrieb";0;2;0,0000;64,50;0;0;;;0;2;;15199;"B2B Solar Leads – gewerbliche Photovoltaik-Anfrage-Systeme";page;"PV-Termine B2B: qualifizierte Gewerbe-PV-Anfragen";"PV-Termine B2B für Gewerbe-PV: Projektwert, Technik und Buying-Center vorqualifizieren. Eigener Anfrageweg statt Termine ohne Projektsubstanz.";https://hasimuener.de/b2b-solar-leads/;1;0;1416;0
90;2026-06-04;2026-09-01;2026-03-06;2026-06-03;query_page;current_only;https://hasimuener.de/b2b-solar-leads/;"qualifizierte energie leads";0;2;0,0000;44,00;0;0;;;0;2;;15199;"B2B Solar Leads – gewerbliche Photovoltaik-Anfrage-Systeme";page;"PV-Termine B2B: qualifizierte Gewerbe-PV-Anfragen";"PV-Termine B2B für Gewerbe-PV: Projektwert, Technik und Buying-Center vorqualifizieren. Eigener Anfrageweg statt Termine ohne Projektsubstanz.";https://hasimuener.de/b2b-solar-leads/;1;0;1416;0
90;2026-06-04;2026-09-01;2026-03-06;2026-06-03;query_page;current_only;https://hasimuener.de/b2b-solar-leads/;"qualifizierte pv leads";0;3;0,0000;57,67;0;0;;;0;3;;15199;"B2B Solar Leads – gewerbliche Photovoltaik-Anfrage-Systeme";page;"PV-Termine B2B: qualifizierte Gewerbe-PV-Anfragen";"PV-Termine B2B für Gewerbe-PV: Projektwert, Technik und Buying-Center vorqualifizieren. Eigener Anfrageweg statt Termine ohne Projektsubstanz.";https://hasimuener.de/b2b-solar-leads/;1;0;1416;0
90;2026-06-04;2026-09-01;2026-03-06;2026-06-03;query_page;current_only;https://hasimuener.de/b2b-solar-leads/;"solar b2b";0;23;0,0000;54,13;0;0;;;0;23;;15199;"B2B Solar Leads – gewerbliche Photovoltaik-Anfrage-Systeme";page;"PV-Termine B2B: qualifizierte Gewerbe-PV-Anfragen";"PV-Termine B2B für Gewerbe-PV: Projektwert, Technik und Buying-Center vorqualifizieren. Eigener Anfrageweg statt Termine ohne Projektsubstanz.";https://hasimuener.de/b2b-solar-leads/;1;0;1416;0
90;2026-06-04;2026-09-01;2026-03-06;2026-06-03;query_page;current_only;https://hasimuener.de/b2b-solar-leads/;"solar lead generation";0;8;0,0000;57,75;0;0;;;0;8;;15199;"B2B Solar Leads – gewerbliche Photovoltaik-Anfrage-Systeme";page;"PV-Termine B2B: qualifizierte Gewerbe-PV-Anfragen";"PV-Termine B2B für Gewerbe-PV: Projektwert, Technik und Buying-Center vorqualifizieren. Eigener Anfrageweg statt Termine ohne Projektsubstanz.";https://hasimuener.de/b2b-solar-leads/;1;0;1416;0
90;2026-06-04;2026-09-01;2026-03-06;2026-06-03;query_page;current_only;https://hasimuener.de/b2b-solar-leads/;"solar lead generator";0;2;0,0000;80,00;0;0;;;0;2;;15199;"B2B Solar Leads – gewerbliche Photovoltaik-Anfrage-Systeme";page;"PV-Termine B2B: qualifizierte Gewerbe-PV-Anfragen";"PV-Termine B2B für Gewerbe-PV: Projektwert, Technik und Buying-Center vorqualifizieren. Eigener Anfrageweg statt Termine ohne Projektsubstanz.";https://hasimuener.de/b2b-solar-leads/;1;0;1416;0
90;2026-06-04;2026-09-01;2026-03-06;2026-06-03;query_page;current_only;https://hasimuener.de/b2b-solar-leads/;"solar leads";0;28;0,0000;47,46;0;0;;;0;28;;15199;"B2B Solar Leads – gewerbliche Photovoltaik-Anfrage-Systeme";page;"PV-Termine B2B: qualifizierte Gewerbe-PV-Anfragen";"PV-Termine B2B für Gewerbe-PV: Projektwert, Technik und Buying-Center vorqualifizieren. Eigener Anfrageweg statt Termine ohne Projektsubstanz.";https://hasimuener.de/b2b-solar-leads/;1;0;1416;0
90;2026-06-04;2026-09-01;2026-03-06;2026-06-03;query_page;current_only;https://hasimuener.de/b2b-solar-leads/;"solar leads kaufen";0;40;0,0000;67,55;0;0;;;0;40;;15199;"B2B Solar Leads – gewerbliche Photovoltaik-Anfrage-Systeme";page;"PV-Termine B2B: qualifizierte Gewerbe-PV-Anfragen";"PV-Termine B2B für Gewerbe-PV: Projektwert, Technik und Buying-Center vorqualifizieren. Eigener Anfrageweg statt Termine ohne Projektsubstanz.";https://hasimuener.de/b2b-solar-leads/;1;0;1416;0
90;2026-06-04;2026-09-01;2026-03-06;2026-06-03;query_page;current_only;https://hasimuener.de/b2b-solar-leads/;"solar pv leads";0;8;0,0000;77,75;0;0;;;0;8;;15199;"B2B Solar Leads – gewerbliche Photovoltaik-Anfrage-Systeme";page;"PV-Termine B2B: qualifizierte Gewerbe-PV-Anfragen";"PV-Termine B2B für Gewerbe-PV: Projektwert, Technik und Buying-Center vorqualifizieren. Eigener Anfrageweg statt Termine ohne Projektsubstanz.";https://hasimuener.de/b2b-solar-leads/;1;0;1416;0
90;2026-06-04;2026-09-01;2026-03-06;2026-06-03;query_page;current_only;https://hasimuener.de/b2b-solar-leads/;solarleads;0;2;0,0000;37,50;0;0;;;0;2;;15199;"B2B Solar Leads – gewerbliche Photovoltaik-Anfrage-Systeme";page;"PV-Termine B2B: qualifizierte Gewerbe-PV-Anfragen";"PV-Termine B2B für Gewerbe-PV: Projektwert, Technik und Buying-Center vorqualifizieren. Eigener Anfrageweg statt Termine ohne Projektsubstanz.";https://hasimuener.de/b2b-solar-leads/;1;0;1416;0
90;2026-06-04;2026-09-01;2026-03-06;2026-06-03;query_page;both;https://hasimuener.de/b2b-solar-leads/;"solarstrom b2b";0;7;0,0000;55,71;0;4;0,0000;65,00;0;3;-9,29;15199;"B2B Solar Leads – gewerbliche Photovoltaik-Anfrage-Systeme";page;"PV-Termine B2B: qualifizierte Gewerbe-PV-Anfragen";"PV-Termine B2B für Gewerbe-PV: Projektwert, Technik und Buying-Center vorqualifizieren. Eigener Anfrageweg statt Termine ohne Projektsubstanz.";https://hasimuener.de/b2b-solar-leads/;1;0;1416;0
90;2026-06-04;2026-09-01;2026-03-06;2026-06-03;query_page;current_only;https://hasimuener.de/b2b-solar-leads/;"strom leads gewerbe";0;1;0,0000;54,00;0;0;;;0;1;;15199;"B2B Solar Leads – gewerbliche Photovoltaik-Anfrage-Systeme";page;"PV-Termine B2B: qualifizierte Gewerbe-PV-Anfragen";"PV-Termine B2B für Gewerbe-PV: Projektwert, Technik und Buying-Center vorqualifizieren. Eigener Anfrageweg statt Termine ohne Projektsubstanz.";https://hasimuener.de/b2b-solar-leads/;1;0;1416;0
90;2026-06-04;2026-09-01;2026-03-06;2026-06-03;query_page;current_only;https://hasimuener.de/b2b-solar-leads/;"vertrieb von photovoltaikmodulen";0;1;0,0000;90,00;0;0;;;0;1;;15199;"B2B Solar Leads – gewerbliche Photovoltaik-Anfrage-Systeme";page;"PV-Termine B2B: qualifizierte Gewerbe-PV-Anfragen";"PV-Termine B2B für Gewerbe-PV: Projektwert, Technik und Buying-Center vorqualifizieren. Eigener Anfrageweg statt Termine ohne Projektsubstanz.";https://hasimuener.de/b2b-solar-leads/;1;0;1416;0
90;2026-06-04;2026-09-01;2026-03-06;2026-06-03;query_page;current_only;https://hasimuener.de/checkfox-solar-waermepumpe-einordnung/;"check fox";0;1;0,0000;25,00;0;0;;;0;1;;15276;"Checkfox für Solar- und Wärmepumpen-Betriebe: Seriosität, Mechanik und Markteinordnung";post;"Checkfox seriös? Erfahrungen & Kosten für Solar-Betriebe";"Ist Checkfox seriös? Unabhängige Einordnung für Solar- & Wärmepumpen-Betriebe: Portal-Mechanik, Kosten-Logik und die Alternative zu gekauften Leads.";https://hasimuener.de/checkfox-solar-waermepumpe-einordnung/;1;0;703;0
90;2026-06-04;2026-09-01;2026-03-06;2026-06-03;query_page;current_only;https://hasimuener.de/checkfox-solar-waermepumpe-einordnung/;"check fox seriös";0;57;0,0000;6,56;0;0;;;0;57;;15276;"Checkfox für Solar- und Wärmepumpen-Betriebe: Seriosität, Mechanik und Markteinordnung";post;"Checkfox seriös? Erfahrungen & Kosten für Solar-Betriebe";"Ist Checkfox seriös? Unabhängige Einordnung für Solar- & Wärmepumpen-Betriebe: Portal-Mechanik, Kosten-Logik und die Alternative zu gekauften Leads.";https://hasimuener.de/checkfox-solar-waermepumpe-einordnung/;1;0;703;0
90;2026-06-04;2026-09-01;2026-03-06;2026-06-03;query_page;current_only;https://hasimuener.de/checkfox-solar-waermepumpe-einordnung/;checkfox;0;14;0,0000;17,64;0;0;;;0;14;;15276;"Checkfox für Solar- und Wärmepumpen-Betriebe: Seriosität, Mechanik und Markteinordnung";post;"Checkfox seriös? Erfahrungen & Kosten für Solar-Betriebe";"Ist Checkfox seriös? Unabhängige Einordnung für Solar- & Wärmepumpen-Betriebe: Portal-Mechanik, Kosten-Logik und die Alternative zu gekauften Leads.";https://hasimuener.de/checkfox-solar-waermepumpe-einordnung/;1;0;703;0
90;2026-06-04;2026-09-01;2026-03-06;2026-06-03;query_page;current_only;https://hasimuener.de/checkfox-solar-waermepumpe-einordnung/;"checkfox bewertung";0;69;0,0000;10,62;0;0;;;0;69;;15276;"Checkfox für Solar- und Wärmepumpen-Betriebe: Seriosität, Mechanik und Markteinordnung";post;"Checkfox seriös? Erfahrungen & Kosten für Solar-Betriebe";"Ist Checkfox seriös? Unabhängige Einordnung für Solar- & Wärmepumpen-Betriebe: Portal-Mechanik, Kosten-Logik und die Alternative zu gekauften Leads.";https://hasimuener.de/checkfox-solar-waermepumpe-einordnung/;1;0;703;0
90;2026-06-04;2026-09-01;2026-03-06;2026-06-03;query_page;current_only;https://hasimuener.de/checkfox-solar-waermepumpe-einordnung/;"checkfox erfahrung";0;38;0,0000;8,55;0;0;;;0;38;;15276;"Checkfox für Solar- und Wärmepumpen-Betriebe: Seriosität, Mechanik und Markteinordnung";post;"Checkfox seriös? Erfahrungen & Kosten für Solar-Betriebe";"Ist Checkfox seriös? Unabhängige Einordnung für Solar- & Wärmepumpen-Betriebe: Portal-Mechanik, Kosten-Logik und die Alternative zu gekauften Leads.";https://hasimuener.de/checkfox-solar-waermepumpe-einordnung/;1;0;703;0
90;2026-06-04;2026-09-01;2026-03-06;2026-06-03;query_page;current_only;https://hasimuener.de/checkfox-solar-waermepumpe-einordnung/;"checkfox hörgeräte erfahrungen";0;1;0,0000;1,00;0;0;;;0;1;;15276;"Checkfox für Solar- und Wärmepumpen-Betriebe: Seriosität, Mechanik und Markteinordnung";post;"Checkfox seriös? Erfahrungen & Kosten für Solar-Betriebe";"Ist Checkfox seriös? Unabhängige Einordnung für Solar- & Wärmepumpen-Betriebe: Portal-Mechanik, Kosten-Logik und die Alternative zu gekauften Leads.";https://hasimuener.de/checkfox-solar-waermepumpe-einordnung/;1;0;703;0
90;2026-06-04;2026-09-01;2026-03-06;2026-06-03;query_page;current_only;https://hasimuener.de/checkfox-solar-waermepumpe-einordnung/;"checkfox photovoltaik";0;8;0,0000;12,25;0;0;;;0;8;;15276;"Checkfox für Solar- und Wärmepumpen-Betriebe: Seriosität, Mechanik und Markteinordnung";post;"Checkfox seriös? Erfahrungen & Kosten für Solar-Betriebe";"Ist Checkfox seriös? Unabhängige Einordnung für Solar- & Wärmepumpen-Betriebe: Portal-Mechanik, Kosten-Logik und die Alternative zu gekauften Leads.";https://hasimuener.de/checkfox-solar-waermepumpe-einordnung/;1;0;703;0
90;2026-06-04;2026-09-01;2026-03-06;2026-06-03;query_page;current_only;https://hasimuener.de/checkfox-solar-waermepumpe-einordnung/;"checkfox photovoltaik seriös";0;39;0,0000;7,44;0;0;;;0;39;;15276;"Checkfox für Solar- und Wärmepumpen-Betriebe: Seriosität, Mechanik und Markteinordnung";post;"Checkfox seriös? Erfahrungen & Kosten für Solar-Betriebe";"Ist Checkfox seriös? Unabhängige Einordnung für Solar- & Wärmepumpen-Betriebe: Portal-Mechanik, Kosten-Logik und die Alternative zu gekauften Leads.";https://hasimuener.de/checkfox-solar-waermepumpe-einordnung/;1;0;703;0
90;2026-06-04;2026-09-01;2026-03-06;2026-06-03;query_page;current_only;https://hasimuener.de/checkfox-solar-waermepumpe-einordnung/;"checkfox pro";0;1;0,0000;11,00;0;0;;;0;1;;15276;"Checkfox für Solar- und Wärmepumpen-Betriebe: Seriosität, Mechanik und Markteinordnung";post;"Checkfox seriös? Erfahrungen & Kosten für Solar-Betriebe";"Ist Checkfox seriös? Unabhängige Einordnung für Solar- & Wärmepumpen-Betriebe: Portal-Mechanik, Kosten-Logik und die Alternative zu gekauften Leads.";https://hasimuener.de/checkfox-solar-waermepumpe-einordnung/;1;0;703;0
90;2026-06-04;2026-09-01;2026-03-06;2026-06-03;query_page;current_only;https://hasimuener.de/checkfox-solar-waermepumpe-einordnung/;"checkfox pro leads";0;17;0,0000;9,71;0;0;;;0;17;;15276;"Checkfox für Solar- und Wärmepumpen-Betriebe: Seriosität, Mechanik und Markteinordnung";post;"Checkfox seriös? Erfahrungen & Kosten für Solar-Betriebe";"Ist Checkfox seriös? Unabhängige Einordnung für Solar- & Wärmepumpen-Betriebe: Portal-Mechanik, Kosten-Logik und die Alternative zu gekauften Leads.";https://hasimuener.de/checkfox-solar-waermepumpe-einordnung/;1;0;703;0
90;2026-06-04;2026-09-01;2026-03-06;2026-06-03;query_page;current_only;https://hasimuener.de/checkfox-solar-waermepumpe-einordnung/;"checkfox seriös";0;785;0,0000;8,58;0;0;;;0;785;;15276;"Checkfox für Solar- und Wärmepumpen-Betriebe: Seriosität, Mechanik und Markteinordnung";post;"Checkfox seriös? Erfahrungen & Kosten für Solar-Betriebe";"Ist Checkfox seriös? Unabhängige Einordnung für Solar- & Wärmepumpen-Betriebe: Portal-Mechanik, Kosten-Logik und die Alternative zu gekauften Leads.";https://hasimuener.de/checkfox-solar-waermepumpe-einordnung/;1;0;703;0
90;2026-06-04;2026-09-01;2026-03-06;2026-06-03;query_page;current_only;https://hasimuener.de/checkfox-solar-waermepumpe-einordnung/;"checkfox seriös erfahrungen";0;19;0,0000;7,89;0;0;;;0;19;;15276;"Checkfox für Solar- und Wärmepumpen-Betriebe: Seriosität, Mechanik und Markteinordnung";post;"Checkfox seriös? Erfahrungen & Kosten für Solar-Betriebe";"Ist Checkfox seriös? Unabhängige Einordnung für Solar- & Wärmepumpen-Betriebe: Portal-Mechanik, Kosten-Logik und die Alternative zu gekauften Leads.";https://hasimuener.de/checkfox-solar-waermepumpe-einordnung/;1;0;703;0
90;2026-06-04;2026-09-01;2026-03-06;2026-06-03;query_page;current_only;https://hasimuener.de/checkfox-solar-waermepumpe-einordnung/;"checkfox service gmbh";0;3;0,0000;25,33;0;0;;;0;3;;15276;"Checkfox für Solar- und Wärmepumpen-Betriebe: Seriosität, Mechanik und Markteinordnung";post;"Checkfox seriös? Erfahrungen & Kosten für Solar-Betriebe";"Ist Checkfox seriös? Unabhängige Einordnung für Solar- & Wärmepumpen-Betriebe: Portal-Mechanik, Kosten-Logik und die Alternative zu gekauften Leads.";https://hasimuener.de/checkfox-solar-waermepumpe-einordnung/;1;0;703;0
90;2026-06-04;2026-09-01;2026-03-06;2026-06-03;query_page;current_only;https://hasimuener.de/checkfox-solar-waermepumpe-einordnung/;"checkfox service gmbh erfahrungen";0;4;0,0000;9,25;0;0;;;0;4;;15276;"Checkfox für Solar- und Wärmepumpen-Betriebe: Seriosität, Mechanik und Markteinordnung";post;"Checkfox seriös? Erfahrungen & Kosten für Solar-Betriebe";"Ist Checkfox seriös? Unabhängige Einordnung für Solar- & Wärmepumpen-Betriebe: Portal-Mechanik, Kosten-Logik und die Alternative zu gekauften Leads.";https://hasimuener.de/checkfox-solar-waermepumpe-einordnung/;1;0;703;0
90;2026-06-04;2026-09-01;2026-03-06;2026-06-03;query_page;current_only;https://hasimuener.de/checkfox-solar-waermepumpe-einordnung/;"checkfox solar";0;26;0,0000;10,58;0;0;;;0;26;;15276;"Checkfox für Solar- und Wärmepumpen-Betriebe: Seriosität, Mechanik und Markteinordnung";post;"Checkfox seriös? Erfahrungen & Kosten für Solar-Betriebe";"Ist Checkfox seriös? Unabhängige Einordnung für Solar- & Wärmepumpen-Betriebe: Portal-Mechanik, Kosten-Logik und die Alternative zu gekauften Leads.";https://hasimuener.de/checkfox-solar-waermepumpe-einordnung/;1;0;703;0
90;2026-06-04;2026-09-01;2026-03-06;2026-06-03;query_page;current_only;https://hasimuener.de/checkfox-solar-waermepumpe-einordnung/;"checkfox solar seriös";0;8;0,0000;5,00;0;0;;;0;8;;15276;"Checkfox für Solar- und Wärmepumpen-Betriebe: Seriosität, Mechanik und Markteinordnung";post;"Checkfox seriös? Erfahrungen & Kosten für Solar-Betriebe";"Ist Checkfox seriös? Unabhängige Einordnung für Solar- & Wärmepumpen-Betriebe: Portal-Mechanik, Kosten-Logik und die Alternative zu gekauften Leads.";https://hasimuener.de/checkfox-solar-waermepumpe-einordnung/;1;0;703;0
90;2026-06-04;2026-09-01;2026-03-06;2026-06-03;query_page;current_only;https://hasimuener.de/checkfox-solar-waermepumpe-einordnung/;"checkfox wärmepumpe";0;13;0,0000;11,31;0;0;;;0;13;;15276;"Checkfox für Solar- und Wärmepumpen-Betriebe: Seriosität, Mechanik und Markteinordnung";post;"Checkfox seriös? Erfahrungen & Kosten für Solar-Betriebe";"Ist Checkfox seriös? Unabhängige Einordnung für Solar- & Wärmepumpen-Betriebe: Portal-Mechanik, Kosten-Logik und die Alternative zu gekauften Leads.";https://hasimuener.de/checkfox-solar-waermepumpe-einordnung/;1;0;703;0
90;2026-06-04;2026-09-01;2026-03-06;2026-06-03;query_page;current_only;https://hasimuener.de/checkfox-solar-waermepumpe-einordnung/;"checkfox.de seriös";0;1;0,0000;11,00;0;0;;;0;1;;15276;"Checkfox für Solar- und Wärmepumpen-Betriebe: Seriosität, Mechanik und Markteinordnung";post;"Checkfox seriös? Erfahrungen & Kosten für Solar-Betriebe";"Ist Checkfox seriös? Unabhängige Einordnung für Solar- & Wärmepumpen-Betriebe: Portal-Mechanik, Kosten-Logik und die Alternative zu gekauften Leads.";https://hasimuener.de/checkfox-solar-waermepumpe-einordnung/;1;0;703;0
90;2026-06-04;2026-09-01;2026-03-06;2026-06-03;query_page;current_only;https://hasimuener.de/checkfox-solar-waermepumpe-einordnung/;checkfoxpro;0;12;0,0000;8,25;0;0;;;0;12;;15276;"Checkfox für Solar- und Wärmepumpen-Betriebe: Seriosität, Mechanik und Markteinordnung";post;"Checkfox seriös? Erfahrungen & Kosten für Solar-Betriebe";"Ist Checkfox seriös? Unabhängige Einordnung für Solar- & Wärmepumpen-Betriebe: Portal-Mechanik, Kosten-Logik und die Alternative zu gekauften Leads.";https://hasimuener.de/checkfox-solar-waermepumpe-einordnung/;1;0;703;0
90;2026-06-04;2026-09-01;2026-03-06;2026-06-03;query_page;current_only;https://hasimuener.de/checkfox-solar-waermepumpe-einordnung/;"erfahrungen checkfox";0;2;0,0000;8,00;0;0;;;0;2;;15276;"Checkfox für Solar- und Wärmepumpen-Betriebe: Seriosität, Mechanik und Markteinordnung";post;"Checkfox seriös? Erfahrungen & Kosten für Solar-Betriebe";"Ist Checkfox seriös? Unabhängige Einordnung für Solar- & Wärmepumpen-Betriebe: Portal-Mechanik, Kosten-Logik und die Alternative zu gekauften Leads.";https://hasimuener.de/checkfox-solar-waermepumpe-einordnung/;1;0;703;0
90;2026-06-04;2026-09-01;2026-03-06;2026-06-03;query_page;current_only;https://hasimuener.de/checkfox-solar-waermepumpe-einordnung/;"erfahrungen mit checkfox";0;6;0,0000;9,33;0;0;;;0;6;;15276;"Checkfox für Solar- und Wärmepumpen-Betriebe: Seriosität, Mechanik und Markteinordnung";post;"Checkfox seriös? Erfahrungen & Kosten für Solar-Betriebe";"Ist Checkfox seriös? Unabhängige Einordnung für Solar- & Wärmepumpen-Betriebe: Portal-Mechanik, Kosten-Logik und die Alternative zu gekauften Leads.";https://hasimuener.de/checkfox-solar-waermepumpe-einordnung/;1;0;703;0
90;2026-06-04;2026-09-01;2026-03-06;2026-06-03;query_page;current_only;https://hasimuener.de/checkfox-solar-waermepumpe-einordnung/;erfahrungsberichte;0;2;0,0000;2,50;0;0;;;0;2;;15276;"Checkfox für Solar- und Wärmepumpen-Betriebe: Seriosität, Mechanik und Markteinordnung";post;"Checkfox seriös? Erfahrungen & Kosten für Solar-Betriebe";"Ist Checkfox seriös? Unabhängige Einordnung für Solar- & Wärmepumpen-Betriebe: Portal-Mechanik, Kosten-Logik und die Alternative zu gekauften Leads.";https://hasimuener.de/checkfox-solar-waermepumpe-einordnung/;1;0;703;0
90;2026-06-04;2026-09-01;2026-03-06;2026-06-03;query_page;current_only;https://hasimuener.de/checkfox-solar-waermepumpe-einordnung/;solar;0;1;0,0000;4,00;0;0;;;0;1;;15276;"Checkfox für Solar- und Wärmepumpen-Betriebe: Seriosität, Mechanik und Markteinordnung";post;"Checkfox seriös? Erfahrungen & Kosten für Solar-Betriebe";"Ist Checkfox seriös? Unabhängige Einordnung für Solar- & Wärmepumpen-Betriebe: Portal-Mechanik, Kosten-Logik und die Alternative zu gekauften Leads.";https://hasimuener.de/checkfox-solar-waermepumpe-einordnung/;1;0;703;0
90;2026-06-04;2026-09-01;2026-03-06;2026-06-03;query_page;current_only;https://hasimuener.de/checkfox-solar-waermepumpe-einordnung/;"was ist checkfox";0;27;0,0000;9,70;0;0;;;0;27;;15276;"Checkfox für Solar- und Wärmepumpen-Betriebe: Seriosität, Mechanik und Markteinordnung";post;"Checkfox seriös? Erfahrungen & Kosten für Solar-Betriebe";"Ist Checkfox seriös? Unabhängige Einordnung für Solar- & Wärmepumpen-Betriebe: Portal-Mechanik, Kosten-Logik und die Alternative zu gekauften Leads.";https://hasimuener.de/checkfox-solar-waermepumpe-einordnung/;1;0;703;0
90;2026-06-04;2026-09-01;2026-03-06;2026-06-03;query_page;current_only;https://hasimuener.de/checkfox-solar-waermepumpe-einordnung/;"was ist checkfox seriös";0;6;0,0000;7,33;0;0;;;0;6;;15276;"Checkfox für Solar- und Wärmepumpen-Betriebe: Seriosität, Mechanik und Markteinordnung";post;"Checkfox seriös? Erfahrungen & Kosten für Solar-Betriebe";"Ist Checkfox seriös? Unabhängige Einordnung für Solar- & Wärmepumpen-Betriebe: Portal-Mechanik, Kosten-Logik und die Alternative zu gekauften Leads.";https://hasimuener.de/checkfox-solar-waermepumpe-einordnung/;1;0;703;0
90;2026-06-04;2026-09-01;2026-03-06;2026-06-03;query_page;current_only;https://hasimuener.de/checkfox-solar-waermepumpe-einordnung/;"wer ist checkfox";0;9;0,0000;9,67;0;0;;;0;9;;15276;"Checkfox für Solar- und Wärmepumpen-Betriebe: Seriosität, Mechanik und Markteinordnung";post;"Checkfox seriös? Erfahrungen & Kosten für Solar-Betriebe";"Ist Checkfox seriös? Unabhängige Einordnung für Solar- & Wärmepumpen-Betriebe: Portal-Mechanik, Kosten-Logik und die Alternative zu gekauften Leads.";https://hasimuener.de/checkfox-solar-waermepumpe-einordnung/;1;0;703;0
90;2026-06-04;2026-09-01;2026-03-06;2026-06-03;query_page;current_only;https://hasimuener.de/checkfox-solar-waermepumpe-einordnung/;wärmepumpe;0;1;0,0000;15,00;0;0;;;0;1;;15276;"Checkfox für Solar- und Wärmepumpen-Betriebe: Seriosität, Mechanik und Markteinordnung";post;"Checkfox seriös? Erfahrungen & Kosten für Solar-Betriebe";"Ist Checkfox seriös? Unabhängige Einordnung für Solar- & Wärmepumpen-Betriebe: Portal-Mechanik, Kosten-Logik und die Alternative zu gekauften Leads.";https://hasimuener.de/checkfox-solar-waermepumpe-einordnung/;1;0;703;0
90;2026-06-04;2026-09-01;2026-03-06;2026-06-03;query_page;current_only;https://hasimuener.de/cost-per-lead-photovoltaik/;"kosten pro lead";0;1;0,0000;7,00;0;0;;;0;1;;15204;"Cost per Lead Photovoltaik – Was Solar-Anfragen wirklich kosten";page;"Cost per Lead Photovoltaik: Was Solar-Anfragen wirklich kosten";"CPL-Rechnung für Photovoltaik- und Wärmepumpen-Anbieter: Portal-Leads vs. eigenes System. Case Study: über 85 % weniger Kosten pro Anfrage in 6 Monaten.";https://hasimuener.de/cost-per-lead-photovoltaik/;1;0;763;0
90;2026-06-04;2026-09-01;2026-03-06;2026-06-03;query_page;current_only;https://hasimuener.de/design-ist-mehr-als-aesthetik/;"ästhetik und funktionalität im design verbinden";0;24;0,0000;16,71;0;0;;;0;24;;13492;"Design ist kein Geschmack. Es ist Architektur.";post;"Design ist mehr als Ästhetik – Bedeutung, Wirkung & Praxis";"Warum Design Erwartungen, Verhalten und Vertrauen prägt – digital wie physisch. Geschichte, Psychologie, Semiotik, Ethik & Business-Impact.";https://hasimuener.de/design-ist-mehr-als-aesthetik/;1;0;2161;0
90;2026-06-04;2026-09-01;2026-03-06;2026-06-03;query_page;current_only;https://hasimuener.de/design-ist-mehr-als-aesthetik/;"ästhetisch orientiertes design";0;6;0,0000;21,50;0;0;;;0;6;;13492;"Design ist kein Geschmack. Es ist Architektur.";post;"Design ist mehr als Ästhetik – Bedeutung, Wirkung & Praxis";"Warum Design Erwartungen, Verhalten und Vertrauen prägt – digital wie physisch. Geschichte, Psychologie, Semiotik, Ethik & Business-Impact.";https://hasimuener.de/design-ist-mehr-als-aesthetik/;1;0;2161;0
90;2026-06-04;2026-09-01;2026-03-06;2026-06-03;query_page;both;https://hasimuener.de/e3-new-energy/;"e3 new energy";0;3;0,0000;35,67;0;5;0,0000;28,40;0;-2;7,27;0;"Legacy Redirect";legacy_redirect;;;https://hasimuener.de/case-study-solar-leadgenerierung/;0;0;0;0
90;2026-06-04;2026-09-01;2026-03-06;2026-06-03;query_page;both;https://hasimuener.de/e3-new-energy/;"e3 new energy gmbh";0;1;0,0000;40,00;0;3;0,0000;50,67;0;-2;-10,67;0;"Legacy Redirect";legacy_redirect;;;https://hasimuener.de/case-study-solar-leadgenerierung/;0;0;0;0
90;2026-06-04;2026-09-01;2026-03-06;2026-06-03;query_page;current_only;https://hasimuener.de/e3-new-energy/;"e3 new energy wärmepumpe erfahrungen";0;2;0,0000;21,50;0;0;;;0;2;;0;"Legacy Redirect";legacy_redirect;;;https://hasimuener.de/case-study-solar-leadgenerierung/;0;0;0;0
90;2026-06-04;2026-09-01;2026-03-06;2026-06-03;query_page;current_only;https://hasimuener.de/e3-new-energy/;"rezensionen für e3 new energy";0;1;0,0000;20,00;0;0;;;0;1;;0;"Legacy Redirect";legacy_redirect;;;https://hasimuener.de/case-study-solar-leadgenerierung/;0;0;0;0
90;2026-06-04;2026-09-01;2026-03-06;2026-06-03;query_page;current_only;https://hasimuener.de/eigene-leadgenerierung-vs-portale/;"leadgenerator solar";0;1;0,0000;84,00;0;0;;;0;1;;15200;"Eigene Leadgenerierung vs. Portal-Leads – Vergleich";page;"Portal-Leads vs. eigenes System: TCO-Vergleich Solar/SHK";"24-Monats-TCO: Portal-Leads (DAA, Aroundhome, Check24) vs. eigenes Anfragesystem. Case Study: über 85 % niedrigerer CPL in 6 Monaten.";https://hasimuener.de/eigene-leadgenerierung-vs-portale/;1;0;940;0
90;2026-06-04;2026-09-01;2026-03-06;2026-06-03;query_page;current_only;https://hasimuener.de/eigene-leadgenerierung-vs-portale/;"vergleich der führenden agenturen für digitale leadgenerierung im solarhandwerk";0;1;0,0000;9,00;0;0;;;0;1;;15200;"Eigene Leadgenerierung vs. Portal-Leads – Vergleich";page;"Portal-Leads vs. eigenes System: TCO-Vergleich Solar/SHK";"24-Monats-TCO: Portal-Leads (DAA, Aroundhome, Check24) vs. eigenes Anfragesystem. Case Study: über 85 % niedrigerer CPL in 6 Monaten.";https://hasimuener.de/eigene-leadgenerierung-vs-portale/;1;0;940;0
90;2026-06-04;2026-09-01;2026-03-06;2026-06-03;query_page;current_only;https://hasimuener.de/ergebnisse/;"seo weener";0;1;0,0000;91,00;0;0;;;0;1;;14883;Ergebnisse;page;"Ergebnisse & Case Studies | WordPress, SEO, CRO";"Ergebnisse aus WordPress-, SEO-, Tracking- und CRO-Projekten: Case Study eines PV-Installationsbetriebs, Systemlogik und konkrete nächste Schritte.";https://hasimuener.de/ergebnisse/;1;0;233;0
90;2026-06-04;2026-09-01;2026-03-06;2026-06-03;query_page;current_only;https://hasimuener.de/ga4-tracking-setup/;"ga4 setup agentur";0;3;0,0000;64,67;0;0;;;0;3;;13183;"GA4 &amp; Tracking Setup: Die Wahrheit hinter Ihren Daten";page;"GA4 Tracking Setup | WGOS-Cluster von Haşim Üner";"GA4 Tracking Setup als WGOS-Cluster: Tracking Audit, Event-Blueprint, Consent und serverseitige Messung für belastbare Daten.";https://hasimuener.de/ga4-tracking-setup/;1;0;669;0
90;2026-06-04;2026-09-01;2026-03-06;2026-06-03;query_page;current_only;https://hasimuener.de/glossar/canonical-url/;"canonical url";0;1;0,0000;37,00;0;0;;;0;1;;14959;"Canonical URL";glossary_term;"Canonical URL: Definition und typische Fehler | Haşim Üner";"Canonical URL erklärt: Was der Tag bewirkt, wo häufige Fehler liegen und warum technische SEO mehr ist als nur ein einzelner Head-Tag.";https://hasimuener.de/glossar/canonical-url/;1;0;357;0
90;2026-06-04;2026-09-01;2026-03-06;2026-06-03;query_page;current_only;https://hasimuener.de/kontakt/;pattensen;0;1;0,0000;1,00;0;0;;;0;1;;3660;Kontakt;page;"Kontakt & Projektanfrage | Haşim Üner";"Projekt oder Frage kurz einordnen: ein Formular, händisch geprüfte Rückmeldung innerhalb von 24 Stunden werktags. Kein Pflicht-Call, kein Vertriebsteam.";https://hasimuener.de/kontakt/;1;0;218;0
90;2026-06-04;2026-09-01;2026-03-06;2026-06-03;query_page;current_only;https://hasimuener.de/kunden-gewinnen-solarteure/;aroundhome;0;1;0,0000;37,00;0;0;;;0;1;;15202;"Kunden gewinnen für Solarteure – ohne Portal-Leads";page;"Kunden gewinnen für Solarteure – ohne Portal-Leads";"Wie Solarteure & Wärmepumpen-Anbieter systematisch Kunden gewinnen – ohne DAA, Aroundhome oder Check24. Case Study: über 85 % niedrigerer CPL.";https://hasimuener.de/kunden-gewinnen-solarteure/;1;0;817;0
90;2026-06-04;2026-09-01;2026-03-06;2026-06-03;query_page;current_only;https://hasimuener.de/kunden-gewinnen-solarteure/;"einfachsolar portal";0;5;0,0000;74,40;0;0;;;0;5;;15202;"Kunden gewinnen für Solarteure – ohne Portal-Leads";page;"Kunden gewinnen für Solarteure – ohne Portal-Leads";"Wie Solarteure & Wärmepumpen-Anbieter systematisch Kunden gewinnen – ohne DAA, Aroundhome oder Check24. Case Study: über 85 % niedrigerer CPL.";https://hasimuener.de/kunden-gewinnen-solarteure/;1;0;817;0
90;2026-06-04;2026-09-01;2026-03-06;2026-06-03;query_page;current_only;https://hasimuener.de/kunden-gewinnen-solarteure/;"seo für solarteure";0;14;0,0000;43,57;0;0;;;0;14;;15202;"Kunden gewinnen für Solarteure – ohne Portal-Leads";page;"Kunden gewinnen für Solarteure – ohne Portal-Leads";"Wie Solarteure & Wärmepumpen-Anbieter systematisch Kunden gewinnen – ohne DAA, Aroundhome oder Check24. Case Study: über 85 % niedrigerer CPL.";https://hasimuener.de/kunden-gewinnen-solarteure/;1;0;817;0
90;2026-06-04;2026-09-01;2026-03-06;2026-06-03;query_page;current_only;https://hasimuener.de/lead-funnel-solar/;"solar funnels";0;2;0,0000;62,50;0;0;;;0;2;;15201;"Lead-Funnel Solar – Pillar-Page";page;"Lead-Funnel Solar & Wärmepumpe – Aufbau für B2B-Marketing";"Lead-Funnel-Architektur für Photovoltaik- und Wärmepumpen-Anbieter: vom Erstkontakt zur qualifizierten Anfrage. Vorqualifizierung, Lead-Scoring, CRM-Übergabe.";https://hasimuener.de/lead-funnel-solar/;1;0;687;0
90;2026-06-04;2026-09-01;2026-03-06;2026-06-03;query_page;current_only;https://hasimuener.de/lead-funnel-solar/;"solar lead funnels";0;24;0,0000;73,38;0;0;;;0;24;;15201;"Lead-Funnel Solar – Pillar-Page";page;"Lead-Funnel Solar & Wärmepumpe – Aufbau für B2B-Marketing";"Lead-Funnel-Architektur für Photovoltaik- und Wärmepumpen-Anbieter: vom Erstkontakt zur qualifizierten Anfrage. Vorqualifizierung, Lead-Scoring, CRM-Übergabe.";https://hasimuener.de/lead-funnel-solar/;1;0;687;0
90;2026-06-04;2026-09-01;2026-03-06;2026-06-03;query_page;both;https://hasimuener.de/photovoltaik-leads-kaufen-alternative/;"leadgenerierung photovoltaik";0;4;0,0000;43,75;0;29;0,0000;74,21;0;-25;-30,46;0;"Legacy Redirect";legacy_redirect;;;https://hasimuener.de/solar-waermepumpen-leadgenerierung/;0;0;0;0
90;2026-06-04;2026-09-01;2026-03-06;2026-06-03;query_page;current_only;https://hasimuener.de/qualifizierte-pv-anfragen/;"deine photovoltaik leads";0;2;0,0000;64,00;0;0;;;0;2;;15205;"Qualifizierte PV-Anfragen – Vier Merkmale für hochwertige Leads";page;"Qualifizierte PV-Anfragen: 4 Merkmale guter Solar-Leads";"Vier Merkmale einer qualifizierten Photovoltaik-Anfrage: Intent, Exklusivität, Vorqualifizierung, Echtzeit — mit Praxisbezug aus einer Case Study.";https://hasimuener.de/qualifizierte-pv-anfragen/;1;0;744;0
90;2026-06-04;2026-09-01;2026-03-06;2026-06-03;query_page;current_only;https://hasimuener.de/qualifizierte-pv-anfragen/;"pv projektanfragen";0;2;0,0000;60,00;0;0;;;0;2;;15205;"Qualifizierte PV-Anfragen – Vier Merkmale für hochwertige Leads";page;"Qualifizierte PV-Anfragen: 4 Merkmale guter Solar-Leads";"Vier Merkmale einer qualifizierten Photovoltaik-Anfrage: Intent, Exklusivität, Vorqualifizierung, Echtzeit — mit Praxisbezug aus einer Case Study.";https://hasimuener.de/qualifizierte-pv-anfragen/;1;0;744;0
90;2026-06-04;2026-09-01;2026-03-06;2026-06-03;query_page;current_only;https://hasimuener.de/qualifizierte-pv-anfragen/;"qualifizierte anfragen";0;2;0,0000;50,50;0;0;;;0;2;;15205;"Qualifizierte PV-Anfragen – Vier Merkmale für hochwertige Leads";page;"Qualifizierte PV-Anfragen: 4 Merkmale guter Solar-Leads";"Vier Merkmale einer qualifizierten Photovoltaik-Anfrage: Intent, Exklusivität, Vorqualifizierung, Echtzeit — mit Praxisbezug aus einer Case Study.";https://hasimuener.de/qualifizierte-pv-anfragen/;1;0;744;0
90;2026-06-04;2026-09-01;2026-03-06;2026-06-03;query_page;current_only;https://hasimuener.de/qualifizierte-pv-anfragen/;"qualifizierte energie leads";0;2;0,0000;64,00;0;0;;;0;2;;15205;"Qualifizierte PV-Anfragen – Vier Merkmale für hochwertige Leads";page;"Qualifizierte PV-Anfragen: 4 Merkmale guter Solar-Leads";"Vier Merkmale einer qualifizierten Photovoltaik-Anfrage: Intent, Exklusivität, Vorqualifizierung, Echtzeit — mit Praxisbezug aus einer Case Study.";https://hasimuener.de/qualifizierte-pv-anfragen/;1;0;744;0
90;2026-06-04;2026-09-01;2026-03-06;2026-06-03;query_page;current_only;https://hasimuener.de/qualifizierte-pv-anfragen/;"qualifizierte pv leads";0;3;0,0000;53,33;0;0;;;0;3;;15205;"Qualifizierte PV-Anfragen – Vier Merkmale für hochwertige Leads";page;"Qualifizierte PV-Anfragen: 4 Merkmale guter Solar-Leads";"Vier Merkmale einer qualifizierten Photovoltaik-Anfrage: Intent, Exklusivität, Vorqualifizierung, Echtzeit — mit Praxisbezug aus einer Case Study.";https://hasimuener.de/qualifizierte-pv-anfragen/;1;0;744;0
90;2026-06-04;2026-09-01;2026-03-06;2026-06-03;query_page;both;https://hasimuener.de/server-side-tracking-b2b/;"agentur server side tracking";0;13;0,0000;68,23;0;2;0,0000;58,00;0;11;10,23;15198;"Server-Side Tracking für B2B-Leadgenerierung";page;"Server-Side Tracking einrichten lassen | GA4, Ads & Consent";"Server-Side Tracking für GA4, Google Ads und Meta CAPI: geprüft, eingerichtet, parallel getestet und dokumentiert. Setup ab 1.290 € netto.";https://hasimuener.de/server-side-tracking-b2b/;1;0;2150;0
90;2026-06-04;2026-09-01;2026-03-06;2026-06-03;query_page;both;https://hasimuener.de/server-side-tracking-b2b/;"agentur serverside tracking";0;5;0,0000;57,20;0;2;0,0000;66,00;0;3;-8,80;15198;"Server-Side Tracking für B2B-Leadgenerierung";page;"Server-Side Tracking einrichten lassen | GA4, Ads & Consent";"Server-Side Tracking für GA4, Google Ads und Meta CAPI: geprüft, eingerichtet, parallel getestet und dokumentiert. Setup ab 1.290 € netto.";https://hasimuener.de/server-side-tracking-b2b/;1;0;2150;0
90;2026-06-04;2026-09-01;2026-03-06;2026-06-03;query_page;current_only;https://hasimuener.de/server-side-tracking-b2b/;"anyrel server side tracking";0;2;0,0000;92,00;0;0;;;0;2;;15198;"Server-Side Tracking für B2B-Leadgenerierung";page;"Server-Side Tracking einrichten lassen | GA4, Ads & Consent";"Server-Side Tracking für GA4, Google Ads und Meta CAPI: geprüft, eingerichtet, parallel getestet und dokumentiert. Setup ab 1.290 € netto.";https://hasimuener.de/server-side-tracking-b2b/;1;0;2150;0
90;2026-06-04;2026-09-01;2026-03-06;2026-06-03;query_page;both;https://hasimuener.de/server-side-tracking-b2b/;"beratung serverside tracking";0;4;0,0000;93,00;0;3;0,0000;92,33;0;1;0,67;15198;"Server-Side Tracking für B2B-Leadgenerierung";page;"Server-Side Tracking einrichten lassen | GA4, Ads & Consent";"Server-Side Tracking für GA4, Google Ads und Meta CAPI: geprüft, eingerichtet, parallel getestet und dokumentiert. Setup ab 1.290 € netto.";https://hasimuener.de/server-side-tracking-b2b/;1;0;2150;0
90;2026-06-04;2026-09-01;2026-03-06;2026-06-03;query_page;current_only;https://hasimuener.de/server-side-tracking-b2b/;cookieless;0;1;0,0000;14,00;0;0;;;0;1;;15198;"Server-Side Tracking für B2B-Leadgenerierung";page;"Server-Side Tracking einrichten lassen | GA4, Ads & Consent";"Server-Side Tracking für GA4, Google Ads und Meta CAPI: geprüft, eingerichtet, parallel getestet und dokumentiert. Setup ab 1.290 € netto.";https://hasimuener.de/server-side-tracking-b2b/;1;0;2150;0
90;2026-06-04;2026-09-01;2026-03-06;2026-06-03;query_page;current_only;https://hasimuener.de/server-side-tracking-b2b/;"dsgvo kann beim serverseitigen tracking";0;6;0,0000;82,17;0;0;;;0;6;;15198;"Server-Side Tracking für B2B-Leadgenerierung";page;"Server-Side Tracking einrichten lassen | GA4, Ads & Consent";"Server-Side Tracking für GA4, Google Ads und Meta CAPI: geprüft, eingerichtet, parallel getestet und dokumentiert. Setup ab 1.290 € netto.";https://hasimuener.de/server-side-tracking-b2b/;1;0;2150;0
90;2026-06-04;2026-09-01;2026-03-06;2026-06-03;query_page;both;https://hasimuener.de/server-side-tracking-b2b/;"elevar server side tracking";0;28;0,0000;49,54;0;11;0,0000;50,45;0;17;-0,92;15198;"Server-Side Tracking für B2B-Leadgenerierung";page;"Server-Side Tracking einrichten lassen | GA4, Ads & Consent";"Server-Side Tracking für GA4, Google Ads und Meta CAPI: geprüft, eingerichtet, parallel getestet und dokumentiert. Setup ab 1.290 € netto.";https://hasimuener.de/server-side-tracking-b2b/;1;0;2150;0
90;2026-06-04;2026-09-01;2026-03-06;2026-06-03;query_page;current_only;https://hasimuener.de/server-side-tracking-b2b/;"google analytics server side tracking";0;2;0,0000;76,50;0;0;;;0;2;;15198;"Server-Side Tracking für B2B-Leadgenerierung";page;"Server-Side Tracking einrichten lassen | GA4, Ads & Consent";"Server-Side Tracking für GA4, Google Ads und Meta CAPI: geprüft, eingerichtet, parallel getestet und dokumentiert. Setup ab 1.290 € netto.";https://hasimuener.de/server-side-tracking-b2b/;1;0;2150;0
90;2026-06-04;2026-09-01;2026-03-06;2026-06-03;query_page;current_only;https://hasimuener.de/server-side-tracking-b2b/;"meldet sich";0;1;0,0000;10,00;0;0;;;0;1;;15198;"Server-Side Tracking für B2B-Leadgenerierung";page;"Server-Side Tracking einrichten lassen | GA4, Ads & Consent";"Server-Side Tracking für GA4, Google Ads und Meta CAPI: geprüft, eingerichtet, parallel getestet und dokumentiert. Setup ab 1.290 € netto.";https://hasimuener.de/server-side-tracking-b2b/;1;0;2150;0
90;2026-06-04;2026-09-01;2026-03-06;2026-06-03;query_page;current_only;https://hasimuener.de/server-side-tracking-b2b/;"server side conversion tracking";0;2;0,0000;81,50;0;0;;;0;2;;15198;"Server-Side Tracking für B2B-Leadgenerierung";page;"Server-Side Tracking einrichten lassen | GA4, Ads & Consent";"Server-Side Tracking für GA4, Google Ads und Meta CAPI: geprüft, eingerichtet, parallel getestet und dokumentiert. Setup ab 1.290 € netto.";https://hasimuener.de/server-side-tracking-b2b/;1;0;2150;0
90;2026-06-04;2026-09-01;2026-03-06;2026-06-03;query_page;current_only;https://hasimuener.de/server-side-tracking-b2b/;"server side hosting";0;12;0,0000;78,17;0;0;;;0;12;;15198;"Server-Side Tracking für B2B-Leadgenerierung";page;"Server-Side Tracking einrichten lassen | GA4, Ads & Consent";"Server-Side Tracking für GA4, Google Ads und Meta CAPI: geprüft, eingerichtet, parallel getestet und dokumentiert. Setup ab 1.290 € netto.";https://hasimuener.de/server-side-tracking-b2b/;1;0;2150;0
90;2026-06-04;2026-09-01;2026-03-06;2026-06-03;query_page;current_only;https://hasimuener.de/server-side-tracking-b2b/;"server side tracking agency";0;3;0,0000;87,33;0;0;;;0;3;;15198;"Server-Side Tracking für B2B-Leadgenerierung";page;"Server-Side Tracking einrichten lassen | GA4, Ads & Consent";"Server-Side Tracking für GA4, Google Ads und Meta CAPI: geprüft, eingerichtet, parallel getestet und dokumentiert. Setup ab 1.290 € netto.";https://hasimuener.de/server-side-tracking-b2b/;1;0;2150;0
90;2026-06-04;2026-09-01;2026-03-06;2026-06-03;query_page;both;https://hasimuener.de/server-side-tracking-b2b/;"server side tracking agentur";0;288;0,0000;66,91;0;35;0,0000;67,00;0;253;-0,09;15198;"Server-Side Tracking für B2B-Leadgenerierung";page;"Server-Side Tracking einrichten lassen | GA4, Ads & Consent";"Server-Side Tracking für GA4, Google Ads und Meta CAPI: geprüft, eingerichtet, parallel getestet und dokumentiert. Setup ab 1.290 € netto.";https://hasimuener.de/server-side-tracking-b2b/;1;0;2150;0
90;2026-06-04;2026-09-01;2026-03-06;2026-06-03;query_page;current_only;https://hasimuener.de/server-side-tracking-b2b/;"server side tracking agentur münchen";0;2;0,0000;74,50;0;0;;;0;2;;15198;"Server-Side Tracking für B2B-Leadgenerierung";page;"Server-Side Tracking einrichten lassen | GA4, Ads & Consent";"Server-Side Tracking für GA4, Google Ads und Meta CAPI: geprüft, eingerichtet, parallel getestet und dokumentiert. Setup ab 1.290 € netto.";https://hasimuener.de/server-side-tracking-b2b/;1;0;2150;0
90;2026-06-04;2026-09-01;2026-03-06;2026-06-03;query_page;both;https://hasimuener.de/server-side-tracking-b2b/;"server side tracking anbieter";0;7;0,0000;71,43;0;13;0,0000;75,38;0;-6;-3,96;15198;"Server-Side Tracking für B2B-Leadgenerierung";page;"Server-Side Tracking einrichten lassen | GA4, Ads & Consent";"Server-Side Tracking für GA4, Google Ads und Meta CAPI: geprüft, eingerichtet, parallel getestet und dokumentiert. Setup ab 1.290 € netto.";https://hasimuener.de/server-side-tracking-b2b/;1;0;2150;0
90;2026-06-04;2026-09-01;2026-03-06;2026-06-03;query_page;current_only;https://hasimuener.de/server-side-tracking-b2b/;"server side tracking beratung";0;1;0,0000;95,00;0;0;;;0;1;;15198;"Server-Side Tracking für B2B-Leadgenerierung";page;"Server-Side Tracking einrichten lassen | GA4, Ads & Consent";"Server-Side Tracking für GA4, Google Ads und Meta CAPI: geprüft, eingerichtet, parallel getestet und dokumentiert. Setup ab 1.290 € netto.";https://hasimuener.de/server-side-tracking-b2b/;1;0;2150;0
90;2026-06-04;2026-09-01;2026-03-06;2026-06-03;query_page;both;https://hasimuener.de/server-side-tracking-b2b/;"server side tracking dsgvo";0;49;0,0000;64,49;0;12;0,0000;57,42;0;37;7,07;15198;"Server-Side Tracking für B2B-Leadgenerierung";page;"Server-Side Tracking einrichten lassen | GA4, Ads & Consent";"Server-Side Tracking für GA4, Google Ads und Meta CAPI: geprüft, eingerichtet, parallel getestet und dokumentiert. Setup ab 1.290 € netto.";https://hasimuener.de/server-side-tracking-b2b/;1;0;2150;0
90;2026-06-04;2026-09-01;2026-03-06;2026-06-03;query_page;current_only;https://hasimuener.de/server-side-tracking-b2b/;"server side tracking einrichten";0;4;0,0000;78,00;0;0;;;0;4;;15198;"Server-Side Tracking für B2B-Leadgenerierung";page;"Server-Side Tracking einrichten lassen | GA4, Ads & Consent";"Server-Side Tracking für GA4, Google Ads und Meta CAPI: geprüft, eingerichtet, parallel getestet und dokumentiert. Setup ab 1.290 € netto.";https://hasimuener.de/server-side-tracking-b2b/;1;0;2150;0
90;2026-06-04;2026-09-01;2026-03-06;2026-06-03;query_page;current_only;https://hasimuener.de/server-side-tracking-b2b/;"server side tracking einrichtung";0;8;0,0000;83,00;0;0;;;0;8;;15198;"Server-Side Tracking für B2B-Leadgenerierung";page;"Server-Side Tracking einrichten lassen | GA4, Ads & Consent";"Server-Side Tracking für GA4, Google Ads und Meta CAPI: geprüft, eingerichtet, parallel getestet und dokumentiert. Setup ab 1.290 € netto.";https://hasimuener.de/server-side-tracking-b2b/;1;0;2150;0
90;2026-06-04;2026-09-01;2026-03-06;2026-06-03;query_page;current_only;https://hasimuener.de/server-side-tracking-b2b/;"server side tracking formular";0;6;0,0000;87,00;0;0;;;0;6;;15198;"Server-Side Tracking für B2B-Leadgenerierung";page;"Server-Side Tracking einrichten lassen | GA4, Ads & Consent";"Server-Side Tracking für GA4, Google Ads und Meta CAPI: geprüft, eingerichtet, parallel getestet und dokumentiert. Setup ab 1.290 € netto.";https://hasimuener.de/server-side-tracking-b2b/;1;0;2150;0
90;2026-06-04;2026-09-01;2026-03-06;2026-06-03;query_page;current_only;https://hasimuener.de/server-side-tracking-b2b/;"server side tracking ga4";0;4;0,0000;70,00;0;0;;;0;4;;15198;"Server-Side Tracking für B2B-Leadgenerierung";page;"Server-Side Tracking einrichten lassen | GA4, Ads & Consent";"Server-Side Tracking für GA4, Google Ads und Meta CAPI: geprüft, eingerichtet, parallel getestet und dokumentiert. Setup ab 1.290 € netto.";https://hasimuener.de/server-side-tracking-b2b/;1;0;2150;0
90;2026-06-04;2026-09-01;2026-03-06;2026-06-03;query_page;current_only;https://hasimuener.de/server-side-tracking-b2b/;"server side tracking kosten";0;9;0,0000;70,56;0;0;;;0;9;;15198;"Server-Side Tracking für B2B-Leadgenerierung";page;"Server-Side Tracking einrichten lassen | GA4, Ads & Consent";"Server-Side Tracking für GA4, Google Ads und Meta CAPI: geprüft, eingerichtet, parallel getestet und dokumentiert. Setup ab 1.290 € netto.";https://hasimuener.de/server-side-tracking-b2b/;1;0;2150;0
90;2026-06-04;2026-09-01;2026-03-06;2026-06-03;query_page;both;https://hasimuener.de/server-side-tracking-b2b/;"server side tracking regensburg";0;80;0,0000;62,06;0;26;0,0000;70,23;0;54;-8,17;15198;"Server-Side Tracking für B2B-Leadgenerierung";page;"Server-Side Tracking einrichten lassen | GA4, Ads & Consent";"Server-Side Tracking für GA4, Google Ads und Meta CAPI: geprüft, eingerichtet, parallel getestet und dokumentiert. Setup ab 1.290 € netto.";https://hasimuener.de/server-side-tracking-b2b/;1;0;2150;0
90;2026-06-04;2026-09-01;2026-03-06;2026-06-03;query_page;current_only;https://hasimuener.de/server-side-tracking-b2b/;"server side tracking wordpress";0;14;0,0000;51,64;0;0;;;0;14;;15198;"Server-Side Tracking für B2B-Leadgenerierung";page;"Server-Side Tracking einrichten lassen | GA4, Ads & Consent";"Server-Side Tracking für GA4, Google Ads und Meta CAPI: geprüft, eingerichtet, parallel getestet und dokumentiert. Setup ab 1.290 € netto.";https://hasimuener.de/server-side-tracking-b2b/;1;0;2150;0
90;2026-06-04;2026-09-01;2026-03-06;2026-06-03;query_page;current_only;https://hasimuener.de/server-side-tracking-b2b/;"server-side tracking agentur";0;1;0,0000;50,00;0;0;;;0;1;;15198;"Server-Side Tracking für B2B-Leadgenerierung";page;"Server-Side Tracking einrichten lassen | GA4, Ads & Consent";"Server-Side Tracking für GA4, Google Ads und Meta CAPI: geprüft, eingerichtet, parallel getestet und dokumentiert. Setup ab 1.290 € netto.";https://hasimuener.de/server-side-tracking-b2b/;1;0;2150;0
90;2026-06-04;2026-09-01;2026-03-06;2026-06-03;query_page;both;https://hasimuener.de/server-side-tracking-b2b/;"server-side tracking dsgvo";0;73;0,0000;63,59;0;24;0,0000;56,79;0;49;6,80;15198;"Server-Side Tracking für B2B-Leadgenerierung";page;"Server-Side Tracking einrichten lassen | GA4, Ads & Consent";"Server-Side Tracking für GA4, Google Ads und Meta CAPI: geprüft, eingerichtet, parallel getestet und dokumentiert. Setup ab 1.290 € netto.";https://hasimuener.de/server-side-tracking-b2b/;1;0;2150;0
90;2026-06-04;2026-09-01;2026-03-06;2026-06-03;query_page;current_only;https://hasimuener.de/server-side-tracking-b2b/;"serverseitiges tracking agentur";0;2;0,0000;91,50;0;0;;;0;2;;15198;"Server-Side Tracking für B2B-Leadgenerierung";page;"Server-Side Tracking einrichten lassen | GA4, Ads & Consent";"Server-Side Tracking für GA4, Google Ads und Meta CAPI: geprüft, eingerichtet, parallel getestet und dokumentiert. Setup ab 1.290 € netto.";https://hasimuener.de/server-side-tracking-b2b/;1;0;2150;0
90;2026-06-04;2026-09-01;2026-03-06;2026-06-03;query_page;both;https://hasimuener.de/server-side-tracking-b2b/;"serverseitiges tracking dsgvo";0;11;0,0000;88,82;0;2;0,0000;88,00;0;9;0,82;15198;"Server-Side Tracking für B2B-Leadgenerierung";page;"Server-Side Tracking einrichten lassen | GA4, Ads & Consent";"Server-Side Tracking für GA4, Google Ads und Meta CAPI: geprüft, eingerichtet, parallel getestet und dokumentiert. Setup ab 1.290 € netto.";https://hasimuener.de/server-side-tracking-b2b/;1;0;2150;0
90;2026-06-04;2026-09-01;2026-03-06;2026-06-03;query_page;both;https://hasimuener.de/server-side-tracking-b2b/;"serverseitiges tracking und dsgvo";0;24;0,0000;83,83;0;9;0,0000;84,56;0;15;-0,72;15198;"Server-Side Tracking für B2B-Leadgenerierung";page;"Server-Side Tracking einrichten lassen | GA4, Ads & Consent";"Server-Side Tracking für GA4, Google Ads und Meta CAPI: geprüft, eingerichtet, parallel getestet und dokumentiert. Setup ab 1.290 € netto.";https://hasimuener.de/server-side-tracking-b2b/;1;0;2150;0
90;2026-06-04;2026-09-01;2026-03-06;2026-06-03;query_page;both;https://hasimuener.de/server-side-tracking-b2b/;"serverside tracking agentur";0;48;0,0000;68,38;0;7;0,0000;74,00;0;41;-5,63;15198;"Server-Side Tracking für B2B-Leadgenerierung";page;"Server-Side Tracking einrichten lassen | GA4, Ads & Consent";"Server-Side Tracking für GA4, Google Ads und Meta CAPI: geprüft, eingerichtet, parallel getestet und dokumentiert. Setup ab 1.290 € netto.";https://hasimuener.de/server-side-tracking-b2b/;1;0;2150;0
90;2026-06-04;2026-09-01;2026-03-06;2026-06-03;query_page;current_only;https://hasimuener.de/server-side-tracking-b2b/;"serverside tracking beratung";0;1;0,0000;96,00;0;0;;;0;1;;15198;"Server-Side Tracking für B2B-Leadgenerierung";page;"Server-Side Tracking einrichten lassen | GA4, Ads & Consent";"Server-Side Tracking für GA4, Google Ads und Meta CAPI: geprüft, eingerichtet, parallel getestet und dokumentiert. Setup ab 1.290 € netto.";https://hasimuener.de/server-side-tracking-b2b/;1;0;2150;0
90;2026-06-04;2026-09-01;2026-03-06;2026-06-03;query_page;current_only;https://hasimuener.de/server-side-tracking-b2b/;"tracking lösungen b2b";0;15;0,0000;39,47;0;0;;;0;15;;15198;"Server-Side Tracking für B2B-Leadgenerierung";page;"Server-Side Tracking einrichten lassen | GA4, Ads & Consent";"Server-Side Tracking für GA4, Google Ads und Meta CAPI: geprüft, eingerichtet, parallel getestet und dokumentiert. Setup ab 1.290 € netto.";https://hasimuener.de/server-side-tracking-b2b/;1;0;2150;0
90;2026-06-04;2026-09-01;2026-03-06;2026-06-03;query_page;current_only;https://hasimuener.de/server-side-tracking-gtm/;"server side gtm experte";0;3;0,0000;74,00;0;0;;;0;3;;13426;"Server-Side Tracking mit GTM: Warum deutsche B2B-Unternehmen jetzt umstellen müssen";post;"Server-Side Tracking mit GTM | Setup, DSGVO &amp; Vorteile";"Server-Side Tracking gibt Ihnen die volle Kontrolle über Ihre Marketingdaten. Setup, DSGVO-Konformität &amp; messbare Vorteile für B2B-Unternehmen erklärt.";https://hasimuener.de/server-side-tracking-gtm/;1;0;2224;0
90;2026-06-04;2026-09-01;2026-03-06;2026-06-03;query_page;both;https://hasimuener.de/server-side-tracking-gtm/;"serverseitiges tagging gtm";0;6;0,0000;87,33;0;1;0,0000;82,00;0;5;5,33;13426;"Server-Side Tracking mit GTM: Warum deutsche B2B-Unternehmen jetzt umstellen müssen";post;"Server-Side Tracking mit GTM | Setup, DSGVO &amp; Vorteile";"Server-Side Tracking gibt Ihnen die volle Kontrolle über Ihre Marketingdaten. Setup, DSGVO-Konformität &amp; messbare Vorteile für B2B-Unternehmen erklärt.";https://hasimuener.de/server-side-tracking-gtm/;1;0;2224;0
90;2026-06-04;2026-09-01;2026-03-06;2026-06-03;query_page;current_only;https://hasimuener.de/solar-leads-kaufen-alternative/;"check24 wärmepumpe";0;2;0,0000;5,00;0;0;;;0;2;;15197;"Solar Leads kaufen – Alternative: eigenes Anfrage-System";page;"Photovoltaik & Solar Leads kaufen? Alternative ohne Portale";"Photovoltaik-, PV- oder Solar-Leads kaufen — oder eigene Anfragen aufbauen? Portal-Leads gehen an mehrere Betriebe. Case Study: über 85 % niedrigerer CPL.";https://hasimuener.de/solar-leads-kaufen-alternative/;1;0;1152;0
90;2026-06-04;2026-09-01;2026-03-06;2026-06-03;query_page;current_only;https://hasimuener.de/solar-leads-kaufen-alternative/;"checkfox erfahrungen";0;1;0,0000;43,00;0;0;;;0;1;;15197;"Solar Leads kaufen – Alternative: eigenes Anfrage-System";page;"Photovoltaik & Solar Leads kaufen? Alternative ohne Portale";"Photovoltaik-, PV- oder Solar-Leads kaufen — oder eigene Anfragen aufbauen? Portal-Leads gehen an mehrere Betriebe. Case Study: über 85 % niedrigerer CPL.";https://hasimuener.de/solar-leads-kaufen-alternative/;1;0;1152;0
90;2026-06-04;2026-09-01;2026-03-06;2026-06-03;query_page;current_only;https://hasimuener.de/solar-leads-kaufen-alternative/;"leadgenerator solar";0;1;0,0000;59,00;0;0;;;0;1;;15197;"Solar Leads kaufen – Alternative: eigenes Anfrage-System";page;"Photovoltaik & Solar Leads kaufen? Alternative ohne Portale";"Photovoltaik-, PV- oder Solar-Leads kaufen — oder eigene Anfragen aufbauen? Portal-Leads gehen an mehrere Betriebe. Case Study: über 85 % niedrigerer CPL.";https://hasimuener.de/solar-leads-kaufen-alternative/;1;0;1152;0
90;2026-06-04;2026-09-01;2026-03-06;2026-06-03;query_page;current_only;https://hasimuener.de/solar-leads-kaufen-alternative/;"leads kaufen photovoltaik";0;42;0,0000;46,88;0;0;;;0;42;;15197;"Solar Leads kaufen – Alternative: eigenes Anfrage-System";page;"Photovoltaik & Solar Leads kaufen? Alternative ohne Portale";"Photovoltaik-, PV- oder Solar-Leads kaufen — oder eigene Anfragen aufbauen? Portal-Leads gehen an mehrere Betriebe. Case Study: über 85 % niedrigerer CPL.";https://hasimuener.de/solar-leads-kaufen-alternative/;1;0;1152;0
90;2026-06-04;2026-09-01;2026-03-06;2026-06-03;query_page;current_only;https://hasimuener.de/solar-leads-kaufen-alternative/;"photovoltaik leads kaufen";0;12;0,0000;43,42;0;0;;;0;12;;15197;"Solar Leads kaufen – Alternative: eigenes Anfrage-System";page;"Photovoltaik & Solar Leads kaufen? Alternative ohne Portale";"Photovoltaik-, PV- oder Solar-Leads kaufen — oder eigene Anfragen aufbauen? Portal-Leads gehen an mehrere Betriebe. Case Study: über 85 % niedrigerer CPL.";https://hasimuener.de/solar-leads-kaufen-alternative/;1;0;1152;0
90;2026-06-04;2026-09-01;2026-03-06;2026-06-03;query_page;current_only;https://hasimuener.de/solar-leads-kaufen-alternative/;"pv leads kaufen";0;16;0,0000;47,44;0;0;;;0;16;;15197;"Solar Leads kaufen – Alternative: eigenes Anfrage-System";page;"Photovoltaik & Solar Leads kaufen? Alternative ohne Portale";"Photovoltaik-, PV- oder Solar-Leads kaufen — oder eigene Anfragen aufbauen? Portal-Leads gehen an mehrere Betriebe. Case Study: über 85 % niedrigerer CPL.";https://hasimuener.de/solar-leads-kaufen-alternative/;1;0;1152;0
90;2026-06-04;2026-09-01;2026-03-06;2026-06-03;query_page;current_only;https://hasimuener.de/solar-leads-kaufen-alternative/;"pvpro alternative";0;1;0,0000;28,00;0;0;;;0;1;;15197;"Solar Leads kaufen – Alternative: eigenes Anfrage-System";page;"Photovoltaik & Solar Leads kaufen? Alternative ohne Portale";"Photovoltaik-, PV- oder Solar-Leads kaufen — oder eigene Anfragen aufbauen? Portal-Leads gehen an mehrere Betriebe. Case Study: über 85 % niedrigerer CPL.";https://hasimuener.de/solar-leads-kaufen-alternative/;1;0;1152;0
90;2026-06-04;2026-09-01;2026-03-06;2026-06-03;query_page;current_only;https://hasimuener.de/solar-leads-kaufen-alternative/;"qualifizierte energie leads";0;1;0,0000;45,00;0;0;;;0;1;;15197;"Solar Leads kaufen – Alternative: eigenes Anfrage-System";page;"Photovoltaik & Solar Leads kaufen? Alternative ohne Portale";"Photovoltaik-, PV- oder Solar-Leads kaufen — oder eigene Anfragen aufbauen? Portal-Leads gehen an mehrere Betriebe. Case Study: über 85 % niedrigerer CPL.";https://hasimuener.de/solar-leads-kaufen-alternative/;1;0;1152;0
90;2026-06-04;2026-09-01;2026-03-06;2026-06-03;query_page;both;https://hasimuener.de/solar-leads-kaufen-alternative/;"solar leads kaufen";0;42;0,0000;37,57;0;4;0,0000;41,25;0;38;-3,68;15197;"Solar Leads kaufen – Alternative: eigenes Anfrage-System";page;"Photovoltaik & Solar Leads kaufen? Alternative ohne Portale";"Photovoltaik-, PV- oder Solar-Leads kaufen — oder eigene Anfragen aufbauen? Portal-Leads gehen an mehrere Betriebe. Case Study: über 85 % niedrigerer CPL.";https://hasimuener.de/solar-leads-kaufen-alternative/;1;0;1152;0
90;2026-06-04;2026-09-01;2026-03-06;2026-06-03;query_page;current_only;https://hasimuener.de/solar-leads-kaufen-alternative/;"solar power leads";0;1;0,0000;60,00;0;0;;;0;1;;15197;"Solar Leads kaufen – Alternative: eigenes Anfrage-System";page;"Photovoltaik & Solar Leads kaufen? Alternative ohne Portale";"Photovoltaik-, PV- oder Solar-Leads kaufen — oder eigene Anfragen aufbauen? Portal-Leads gehen an mehrere Betriebe. Case Study: über 85 % niedrigerer CPL.";https://hasimuener.de/solar-leads-kaufen-alternative/;1;0;1152;0
90;2026-06-04;2026-09-01;2026-03-06;2026-06-03;query_page;current_only;https://hasimuener.de/solar-leads-kaufen-alternative/;"solarkaufmann alternative";0;1;0,0000;24,00;0;0;;;0;1;;15197;"Solar Leads kaufen – Alternative: eigenes Anfrage-System";page;"Photovoltaik & Solar Leads kaufen? Alternative ohne Portale";"Photovoltaik-, PV- oder Solar-Leads kaufen — oder eigene Anfragen aufbauen? Portal-Leads gehen an mehrere Betriebe. Case Study: über 85 % niedrigerer CPL.";https://hasimuener.de/solar-leads-kaufen-alternative/;1;0;1152;0
90;2026-06-04;2026-09-01;2026-03-06;2026-06-03;query_page;current_only;https://hasimuener.de/solar-leads-kaufen-alternative/;"wattfox leads kaufen";0;2;0,0000;18,00;0;0;;;0;2;;15197;"Solar Leads kaufen – Alternative: eigenes Anfrage-System";page;"Photovoltaik & Solar Leads kaufen? Alternative ohne Portale";"Photovoltaik-, PV- oder Solar-Leads kaufen — oder eigene Anfragen aufbauen? Portal-Leads gehen an mehrere Betriebe. Case Study: über 85 % niedrigerer CPL.";https://hasimuener.de/solar-leads-kaufen-alternative/;1;0;1152;0
90;2026-06-04;2026-09-01;2026-03-06;2026-06-03;query_page;both;https://hasimuener.de/solar-leads-kaufen-alternative/;"wärmepumpen leads";0;49;0,0000;53,69;0;10;0,0000;45,20;0;39;8,49;15197;"Solar Leads kaufen – Alternative: eigenes Anfrage-System";page;"Photovoltaik & Solar Leads kaufen? Alternative ohne Portale";"Photovoltaik-, PV- oder Solar-Leads kaufen — oder eigene Anfragen aufbauen? Portal-Leads gehen an mehrere Betriebe. Case Study: über 85 % niedrigerer CPL.";https://hasimuener.de/solar-leads-kaufen-alternative/;1;0;1152;0
90;2026-06-04;2026-09-01;2026-03-06;2026-06-03;query_page;both;https://hasimuener.de/solar-leads-kaufen-alternative/;"wärmepumpen leads kaufen";0;1;0,0000;32,00;0;1;0,0000;47,00;0;0;-15,00;15197;"Solar Leads kaufen – Alternative: eigenes Anfrage-System";page;"Photovoltaik & Solar Leads kaufen? Alternative ohne Portale";"Photovoltaik-, PV- oder Solar-Leads kaufen — oder eigene Anfragen aufbauen? Portal-Leads gehen an mehrere Betriebe. Case Study: über 85 % niedrigerer CPL.";https://hasimuener.de/solar-leads-kaufen-alternative/;1;0;1152;0
90;2026-06-04;2026-09-01;2026-03-06;2026-06-03;query_page;current_only;https://hasimuener.de/solar-leads-kaufen-lohnt-sich/;"leadgenerierung photovoltaik";0;4;0,0000;73,25;0;0;;;0;4;;15265;"Solar-Leads kaufen: Warum die billigen Anfragen am Ende die teuersten sind";post;"Solar-Leads kaufen: Lohnt sich das für Ihren Betrieb?";"Gekaufte Solar-Leads wirken günstig. Warum die billigen Anfragen am Ende die teuersten sind – und wie Sie an eigene Anfragen kommen, die abschließen.";https://hasimuener.de/solar-leads-kaufen-lohnt-sich/;1;0;2978;0
90;2026-06-04;2026-09-01;2026-03-06;2026-06-03;query_page;current_only;https://hasimuener.de/solar-leads-kaufen-lohnt-sich/;"leads solar";0;2;0,0000;52,50;0;0;;;0;2;;15265;"Solar-Leads kaufen: Warum die billigen Anfragen am Ende die teuersten sind";post;"Solar-Leads kaufen: Lohnt sich das für Ihren Betrieb?";"Gekaufte Solar-Leads wirken günstig. Warum die billigen Anfragen am Ende die teuersten sind – und wie Sie an eigene Anfragen kommen, die abschließen.";https://hasimuener.de/solar-leads-kaufen-lohnt-sich/;1;0;2978;0
90;2026-06-04;2026-09-01;2026-03-06;2026-06-03;query_page;current_only;https://hasimuener.de/solar-leads-kaufen-lohnt-sich/;"solar leads";0;1;0,0000;45,00;0;0;;;0;1;;15265;"Solar-Leads kaufen: Warum die billigen Anfragen am Ende die teuersten sind";post;"Solar-Leads kaufen: Lohnt sich das für Ihren Betrieb?";"Gekaufte Solar-Leads wirken günstig. Warum die billigen Anfragen am Ende die teuersten sind – und wie Sie an eigene Anfragen kommen, die abschließen.";https://hasimuener.de/solar-leads-kaufen-lohnt-sich/;1;0;2978;0
90;2026-06-04;2026-09-01;2026-03-06;2026-06-03;query_page;current_only;https://hasimuener.de/solar-leads-kaufen-lohnt-sich/;"wärmepumpen leads";0;5;0,0000;81,40;0;0;;;0;5;;15265;"Solar-Leads kaufen: Warum die billigen Anfragen am Ende die teuersten sind";post;"Solar-Leads kaufen: Lohnt sich das für Ihren Betrieb?";"Gekaufte Solar-Leads wirken günstig. Warum die billigen Anfragen am Ende die teuersten sind – und wie Sie an eigene Anfragen kommen, die abschließen.";https://hasimuener.de/solar-leads-kaufen-lohnt-sich/;1;0;2978;0
90;2026-06-04;2026-09-01;2026-03-06;2026-06-03;query_page;current_only;https://hasimuener.de/solar-leads-kosten-studie/;"photovoltaik leads kaufen kosten";0;2;0,0000;14,50;0;0;;;0;2;;15255;"Was kosten Solar-Leads? Marktstudie DACH";page;"Solar-Leads Kosten 2026: CPL, CPO & Portal-Vergleich";"Was kosten Solar-Leads wirklich? Marktstudie mit Photovoltaik- und Wärmepumpen-CPL, Cost-per-Order, Portal-Modellen, Methodik und Case-Study-Benchmark.";https://hasimuener.de/solar-leads-kosten-studie/;1;0;921;0
90;2026-06-04;2026-09-01;2026-03-06;2026-06-03;query_page;current_only;https://hasimuener.de/solar-leads-kosten-studie/;"wärmepumpen leads";0;5;0,0000;67,20;0;0;;;0;5;;15255;"Was kosten Solar-Leads? Marktstudie DACH";page;"Solar-Leads Kosten 2026: CPL, CPO & Portal-Vergleich";"Was kosten Solar-Leads wirklich? Marktstudie mit Photovoltaik- und Wärmepumpen-CPL, Cost-per-Order, Portal-Modellen, Methodik und Case-Study-Benchmark.";https://hasimuener.de/solar-leads-kosten-studie/;1;0;921;0
90;2026-06-04;2026-09-01;2026-03-06;2026-06-03;query_page;current_only;https://hasimuener.de/solar-waermepumpen-leadgenerierung/;"einfachsolar portal";0;1;0,0000;83,00;0;0;;;0;1;;15048;"Leadgenerierung für Solar- und Wärmepumpen-Anbieter";page;"Leadgenerierung Photovoltaik & Wärmepumpe ohne Portale";"Leadgenerierung für Photovoltaik und Wärmepumpe: eigene qualifizierte Anfragen statt geteilter Portal-Leads. Marktcheck plus Case Study: über 85 % weniger CPL.";https://hasimuener.de/solar-waermepumpen-leadgenerierung/;1;0;2792;0
90;2026-06-04;2026-09-01;2026-03-06;2026-06-03;query_page;current_only;https://hasimuener.de/solar-waermepumpen-leadgenerierung/;"leadgenerator solar";0;1;0,0000;54,00;0;0;;;0;1;;15048;"Leadgenerierung für Solar- und Wärmepumpen-Anbieter";page;"Leadgenerierung Photovoltaik & Wärmepumpe ohne Portale";"Leadgenerierung für Photovoltaik und Wärmepumpe: eigene qualifizierte Anfragen statt geteilter Portal-Leads. Marktcheck plus Case Study: über 85 % weniger CPL.";https://hasimuener.de/solar-waermepumpen-leadgenerierung/;1;0;2792;0
90;2026-06-04;2026-09-01;2026-03-06;2026-06-03;query_page;both;https://hasimuener.de/solar-waermepumpen-leadgenerierung/;"leadgenerierung photovoltaik";0;13;0,0000;55,77;0;18;0,0000;56,44;0;-5;-0,68;15048;"Leadgenerierung für Solar- und Wärmepumpen-Anbieter";page;"Leadgenerierung Photovoltaik & Wärmepumpe ohne Portale";"Leadgenerierung für Photovoltaik und Wärmepumpe: eigene qualifizierte Anfragen statt geteilter Portal-Leads. Marktcheck plus Case Study: über 85 % weniger CPL.";https://hasimuener.de/solar-waermepumpen-leadgenerierung/;1;0;2792;0
90;2026-06-04;2026-09-01;2026-03-06;2026-06-03;query_page;current_only;https://hasimuener.de/uber-mich/;pattensen;0;1;0,0000;1,00;0;0;;;0;1;;0;"Legacy Redirect";legacy_redirect;;;https://hasimuener.de/hasim-uener/;0;0;0;0
90;2026-06-04;2026-09-01;2026-03-06;2026-06-03;query_page;current_only;https://hasimuener.de/waermepumpen-leads/;"checkfox erfahrungen";0;1;0,0000;23,00;0;0;;;0;1;;15272;"Wärmepumpen Leads – Alternative: eigenes Anfrage-System";page;"Wärmepumpen Leads kaufen? Alternative ohne Portale";"Wärmepumpen-Leads kaufen oder eigene Anfragen aufbauen? Portal-Leads gehen an mehrere Betriebe und schließen selten ab. Case Study: über 85 % weniger CPL.";https://hasimuener.de/waermepumpen-leads/;1;0;1174;0
90;2026-06-04;2026-09-01;2026-03-06;2026-06-03;query_page;current_only;https://hasimuener.de/waermepumpen-leads/;"gebäudetyp e";0;2;0,0000;17,50;0;0;;;0;2;;15272;"Wärmepumpen Leads – Alternative: eigenes Anfrage-System";page;"Wärmepumpen Leads kaufen? Alternative ohne Portale";"Wärmepumpen-Leads kaufen oder eigene Anfragen aufbauen? Portal-Leads gehen an mehrere Betriebe und schließen selten ab. Case Study: über 85 % weniger CPL.";https://hasimuener.de/waermepumpen-leads/;1;0;1174;0
90;2026-06-04;2026-09-01;2026-03-06;2026-06-03;query_page;current_only;https://hasimuener.de/waermepumpen-leads/;"top anbieter leadgenerierung elektriker shk-betriebe vergleich";0;2;0,0000;9,00;0;0;;;0;2;;15272;"Wärmepumpen Leads – Alternative: eigenes Anfrage-System";page;"Wärmepumpen Leads kaufen? Alternative ohne Portale";"Wärmepumpen-Leads kaufen oder eigene Anfragen aufbauen? Portal-Leads gehen an mehrere Betriebe und schließen selten ab. Case Study: über 85 % weniger CPL.";https://hasimuener.de/waermepumpen-leads/;1;0;1174;0
90;2026-06-04;2026-09-01;2026-03-06;2026-06-03;query_page;current_only;https://hasimuener.de/waermepumpen-leads/;"wärmepumpen leads";0;120;0,0000;33,51;0;0;;;0;120;;15272;"Wärmepumpen Leads – Alternative: eigenes Anfrage-System";page;"Wärmepumpen Leads kaufen? Alternative ohne Portale";"Wärmepumpen-Leads kaufen oder eigene Anfragen aufbauen? Portal-Leads gehen an mehrere Betriebe und schließen selten ab. Case Study: über 85 % weniger CPL.";https://hasimuener.de/waermepumpen-leads/;1;0;1174;0
90;2026-06-04;2026-09-01;2026-03-06;2026-06-03;query_page;current_only;https://hasimuener.de/waermepumpen-leads/;"wärmepumpen leads kaufen";0;41;0,0000;29,17;0;0;;;0;41;;15272;"Wärmepumpen Leads – Alternative: eigenes Anfrage-System";page;"Wärmepumpen Leads kaufen? Alternative ohne Portale";"Wärmepumpen-Leads kaufen oder eigene Anfragen aufbauen? Portal-Leads gehen an mehrere Betriebe und schließen selten ab. Case Study: über 85 % weniger CPL.";https://hasimuener.de/waermepumpen-leads/;1;0;1174;0
90;2026-06-04;2026-09-01;2026-03-06;2026-06-03;query_page;current_only;https://hasimuener.de/wgos-assets/tracking-audit/;"tracking auditor";0;1;0,0000;23,00;0;0;;;0;1;;14863;"Tracking Audit";wgos_asset;"Tracking Audit - WGOS Asset | Haşim Üner";"Tracking Audit für B2B-Websites: Messfehler finden, Datenqualität absichern und die Basis für Reporting und Optimierung legen.";https://hasimuener.de/wgos-assets/tracking-audit/;0;1;449;0
90;2026-06-04;2026-09-01;2026-03-06;2026-06-03;query_page;current_only;https://hasimuener.de/whitelabel-retainer/;"retainer agentur";0;29;0,0000;53,90;0;0;;;0;29;;14885;"Whitelabel &amp; Retainer";page;"White-Label-Partner für Agenturen: WordPress, SEO, Tracking";"White-Label-Partner für Agenturen: WordPress, technisches SEO, Tracking und CRO unter eurem Namen. Einstieg über ein Erstprojekt mit fixem Scope und Festpreis.";https://hasimuener.de/whitelabel-retainer/;1;0;2064;0
90;2026-06-04;2026-09-01;2026-03-06;2026-06-03;query_page;both;https://hasimuener.de/wordpress-agentur-hannover/;"agentur wordpress hannover";0;24;0,0000;25,42;0;28;0,0000;32,86;0;-4;-7,44;10777;"WordPress Agentur Hannover";page;"WordPress Agentur Hannover: SEO, Tracking & CRO";"WordPress Agentur Hannover für messbare B2B-Anfragen: technisches SEO, Server-Side Tracking, CRO. Erst Projektprüfung, dann Umsetzung. CPL-Case: 150 € → 22 €.";https://hasimuener.de/wordpress-agentur-hannover/;1;0;632;0
90;2026-06-04;2026-09-01;2026-03-06;2026-06-03;query_page;both;https://hasimuener.de/wordpress-agentur-hannover/;"b2b wordpress agentur";0;1;0,0000;10,00;0;71;0,0000;36,87;0;-70;-26,87;10777;"WordPress Agentur Hannover";page;"WordPress Agentur Hannover: SEO, Tracking & CRO";"WordPress Agentur Hannover für messbare B2B-Anfragen: technisches SEO, Server-Side Tracking, CRO. Erst Projektprüfung, dann Umsetzung. CPL-Case: 150 € → 22 €.";https://hasimuener.de/wordpress-agentur-hannover/;1;0;632;0
90;2026-06-04;2026-09-01;2026-03-06;2026-06-03;query_page;current_only;https://hasimuener.de/wordpress-agentur-hannover/;"website sicherheit agentur hannover";0;2;0,0000;71,50;0;0;;;0;2;;10777;"WordPress Agentur Hannover";page;"WordPress Agentur Hannover: SEO, Tracking & CRO";"WordPress Agentur Hannover für messbare B2B-Anfragen: technisches SEO, Server-Side Tracking, CRO. Erst Projektprüfung, dann Umsetzung. CPL-Case: 150 € → 22 €.";https://hasimuener.de/wordpress-agentur-hannover/;1;0;632;0
90;2026-06-04;2026-09-01;2026-03-06;2026-06-03;query_page;both;https://hasimuener.de/wordpress-agentur-hannover/;"woocommerce agentur hannover";0;197;0,0000;21,28;0;191;0,0000;34,50;0;6;-13,22;10777;"WordPress Agentur Hannover";page;"WordPress Agentur Hannover: SEO, Tracking & CRO";"WordPress Agentur Hannover für messbare B2B-Anfragen: technisches SEO, Server-Side Tracking, CRO. Erst Projektprüfung, dann Umsetzung. CPL-Case: 150 € → 22 €.";https://hasimuener.de/wordpress-agentur-hannover/;1;0;632;1
90;2026-06-04;2026-09-01;2026-03-06;2026-06-03;query_page;both;https://hasimuener.de/wordpress-agentur-hannover/;"wordpress agentur niedersachsen";0;52;0,0000;48,52;0;84;0,0000;43,35;0;-32;5,17;10777;"WordPress Agentur Hannover";page;"WordPress Agentur Hannover: SEO, Tracking & CRO";"WordPress Agentur Hannover für messbare B2B-Anfragen: technisches SEO, Server-Side Tracking, CRO. Erst Projektprüfung, dann Umsetzung. CPL-Case: 150 € → 22 €.";https://hasimuener.de/wordpress-agentur-hannover/;1;0;632;0
90;2026-06-04;2026-09-01;2026-03-06;2026-06-03;query_page;current_only;https://hasimuener.de/wordpress-agentur-hannover/;"wordpress agentur wunstorf";0;8;0,0000;45,25;0;0;;;0;8;;10777;"WordPress Agentur Hannover";page;"WordPress Agentur Hannover: SEO, Tracking & CRO";"WordPress Agentur Hannover für messbare B2B-Anfragen: technisches SEO, Server-Side Tracking, CRO. Erst Projektprüfung, dann Umsetzung. CPL-Case: 150 € → 22 €.";https://hasimuener.de/wordpress-agentur-hannover/;1;0;632;0
90;2026-06-04;2026-09-01;2026-03-06;2026-06-03;query_page;both;https://hasimuener.de/wordpress-agentur-hannover/;"wordpress agenturen hannover";0;31;0,0000;18,58;0;7;0,0000;33,29;0;24;-14,71;10777;"WordPress Agentur Hannover";page;"WordPress Agentur Hannover: SEO, Tracking & CRO";"WordPress Agentur Hannover für messbare B2B-Anfragen: technisches SEO, Server-Side Tracking, CRO. Erst Projektprüfung, dann Umsetzung. CPL-Case: 150 € → 22 €.";https://hasimuener.de/wordpress-agentur-hannover/;1;0;632;0
90;2026-06-04;2026-09-01;2026-03-06;2026-06-03;query_page;both;https://hasimuener.de/wordpress-agentur-hannover/;"wordpress entwicklung hannover";0;6;0,0000;34,50;0;6;0,0000;40,50;0;0;-6,00;10777;"WordPress Agentur Hannover";page;"WordPress Agentur Hannover: SEO, Tracking & CRO";"WordPress Agentur Hannover für messbare B2B-Anfragen: technisches SEO, Server-Side Tracking, CRO. Erst Projektprüfung, dann Umsetzung. CPL-Case: 150 € → 22 €.";https://hasimuener.de/wordpress-agentur-hannover/;1;0;632;0
90;2026-06-04;2026-09-01;2026-03-06;2026-06-03;query_page;current_only;https://hasimuener.de/wordpress-agentur-hannover/;"wordpress experte hannover";0;8;0,0000;24,50;0;0;;;0;8;;10777;"WordPress Agentur Hannover";page;"WordPress Agentur Hannover: SEO, Tracking & CRO";"WordPress Agentur Hannover für messbare B2B-Anfragen: technisches SEO, Server-Side Tracking, CRO. Erst Projektprüfung, dann Umsetzung. CPL-Case: 150 € → 22 €.";https://hasimuener.de/wordpress-agentur-hannover/;1;0;632;0
90;2026-06-04;2026-09-01;2026-03-06;2026-06-03;query_page;both;https://hasimuener.de/wordpress-agentur-hannover/;"wordpress freelancer hannover";0;20;0,0000;74,15;0;2;0,0000;84,50;0;18;-10,35;10777;"WordPress Agentur Hannover";page;"WordPress Agentur Hannover: SEO, Tracking & CRO";"WordPress Agentur Hannover für messbare B2B-Anfragen: technisches SEO, Server-Side Tracking, CRO. Erst Projektprüfung, dann Umsetzung. CPL-Case: 150 € → 22 €.";https://hasimuener.de/wordpress-agentur-hannover/;1;0;632;0
90;2026-06-04;2026-09-01;2026-03-06;2026-06-03;query_page;both;https://hasimuener.de/wordpress-agentur-hannover/;"wordpress für erklärungsbedürftige leistungen";0;8;0,0000;75,25;0;6;0,0000;66,83;0;2;8,42;10777;"WordPress Agentur Hannover";page;"WordPress Agentur Hannover: SEO, Tracking & CRO";"WordPress Agentur Hannover für messbare B2B-Anfragen: technisches SEO, Server-Side Tracking, CRO. Erst Projektprüfung, dann Umsetzung. CPL-Case: 150 € → 22 €.";https://hasimuener.de/wordpress-agentur-hannover/;1;0;632;0
90;2026-06-04;2026-09-01;2026-03-06;2026-06-03;query_page;both;https://hasimuener.de/wordpress-agentur-hannover/;"wordpress hannover";0;236;0,0000;29,78;0;171;0,0000;41,95;0;65;-12,16;10777;"WordPress Agentur Hannover";page;"WordPress Agentur Hannover: SEO, Tracking & CRO";"WordPress Agentur Hannover für messbare B2B-Anfragen: technisches SEO, Server-Side Tracking, CRO. Erst Projektprüfung, dann Umsetzung. CPL-Case: 150 € → 22 €.";https://hasimuener.de/wordpress-agentur-hannover/;1;0;632;0
90;2026-06-04;2026-09-01;2026-03-06;2026-06-03;query_page;both;https://hasimuener.de/wordpress-agentur-hannover/;"wordpress schulung hannover";0;2;0,0000;56,50;0;8;0,0000;65,00;0;-6;-8,50;10777;"WordPress Agentur Hannover";page;"WordPress Agentur Hannover: SEO, Tracking & CRO";"WordPress Agentur Hannover für messbare B2B-Anfragen: technisches SEO, Server-Side Tracking, CRO. Erst Projektprüfung, dann Umsetzung. CPL-Case: 150 € → 22 €.";https://hasimuener.de/wordpress-agentur-hannover/;1;0;632;0
90;2026-06-04;2026-09-01;2026-03-06;2026-06-03;query_page;both;https://hasimuener.de/wordpress-agentur-hannover/;"wordpress seo hannover";0;29;0,0000;21,69;0;16;0,0000;36,13;0;13;-14,44;10777;"WordPress Agentur Hannover";page;"WordPress Agentur Hannover: SEO, Tracking & CRO";"WordPress Agentur Hannover für messbare B2B-Anfragen: technisches SEO, Server-Side Tracking, CRO. Erst Projektprüfung, dann Umsetzung. CPL-Case: 150 € → 22 €.";https://hasimuener.de/wordpress-agentur-hannover/;1;0;632;0
90;2026-06-04;2026-09-01;2026-03-06;2026-06-03;query_page;both;https://hasimuener.de/wordpress-agentur-hannover/;"wordpress suchmaschinenoptimierung hannover";0;26;0,0000;20,12;0;17;0,0000;41,06;0;9;-20,94;10777;"WordPress Agentur Hannover";page;"WordPress Agentur Hannover: SEO, Tracking & CRO";"WordPress Agentur Hannover für messbare B2B-Anfragen: technisches SEO, Server-Side Tracking, CRO. Erst Projektprüfung, dann Umsetzung. CPL-Case: 150 € → 22 €.";https://hasimuener.de/wordpress-agentur-hannover/;1;0;632;0
90;2026-06-04;2026-09-01;2026-03-06;2026-06-03;query_page;both;https://hasimuener.de/wordpress-agentur-hannover/;"wordpress wartung hannover";0;7;0,0000;18,14;0;10;0,0000;22,10;0;-3;-3,96;10777;"WordPress Agentur Hannover";page;"WordPress Agentur Hannover: SEO, Tracking & CRO";"WordPress Agentur Hannover für messbare B2B-Anfragen: technisches SEO, Server-Side Tracking, CRO. Erst Projektprüfung, dann Umsetzung. CPL-Case: 150 € → 22 €.";https://hasimuener.de/wordpress-agentur-hannover/;1;0;632;0
90;2026-06-04;2026-09-01;2026-03-06;2026-06-03;query_page;both;https://hasimuener.de/wordpress-agentur-hannover/;"wordpress wartungsvertrag hannover";0;14;0,0000;28,79;0;9;0,0000;20,78;0;5;8,01;10777;"WordPress Agentur Hannover";page;"WordPress Agentur Hannover: SEO, Tracking & CRO";"WordPress Agentur Hannover für messbare B2B-Anfragen: technisches SEO, Server-Side Tracking, CRO. Erst Projektprüfung, dann Umsetzung. CPL-Case: 150 € → 22 €.";https://hasimuener.de/wordpress-agentur-hannover/;1;0;632;0
90;2026-06-04;2026-09-01;2026-03-06;2026-06-03;query_page;both;https://hasimuener.de/wordpress-agentur-hannover/;"wordpress webdesign hannover";0;1;0,0000;73,00;0;1;0,0000;43,00;0;0;30,00;10777;"WordPress Agentur Hannover";page;"WordPress Agentur Hannover: SEO, Tracking & CRO";"WordPress Agentur Hannover für messbare B2B-Anfragen: technisches SEO, Server-Side Tracking, CRO. Erst Projektprüfung, dann Umsetzung. CPL-Case: 150 € → 22 €.";https://hasimuener.de/wordpress-agentur-hannover/;1;0;632;0
90;2026-06-04;2026-09-01;2026-03-06;2026-06-03;query_page;both;https://hasimuener.de/wordpress-agentur-hannover/;"wordpress webseite hannover";0;5;0,0000;21,60;0;15;0,0000;44,27;0;-10;-22,67;10777;"WordPress Agentur Hannover";page;"WordPress Agentur Hannover: SEO, Tracking & CRO";"WordPress Agentur Hannover für messbare B2B-Anfragen: technisches SEO, Server-Side Tracking, CRO. Erst Projektprüfung, dann Umsetzung. CPL-Case: 150 € → 22 €.";https://hasimuener.de/wordpress-agentur-hannover/;1;0;632;0
90;2026-06-04;2026-09-01;2026-03-06;2026-06-03;query_page;both;https://hasimuener.de/wordpress-agentur-hannover/;"wordpress website erstellen hannover";0;1;0,0000;52,00;0;1;0,0000;52,00;0;0;0,00;10777;"WordPress Agentur Hannover";page;"WordPress Agentur Hannover: SEO, Tracking & CRO";"WordPress Agentur Hannover für messbare B2B-Anfragen: technisches SEO, Server-Side Tracking, CRO. Erst Projektprüfung, dann Umsetzung. CPL-Case: 150 € → 22 €.";https://hasimuener.de/wordpress-agentur-hannover/;1;0;632;0
90;2026-06-04;2026-09-01;2026-03-06;2026-06-03;query_page;both;https://hasimuener.de/wordpress-agentur-hannover/;"wordpress website hannover";0;25;0,0000;27,64;0;2;0,0000;44,50;0;23;-16,86;10777;"WordPress Agentur Hannover";page;"WordPress Agentur Hannover: SEO, Tracking & CRO";"WordPress Agentur Hannover für messbare B2B-Anfragen: technisches SEO, Server-Side Tracking, CRO. Erst Projektprüfung, dann Umsetzung. CPL-Case: 150 € → 22 €.";https://hasimuener.de/wordpress-agentur-hannover/;1;0;632;0
90;2026-06-04;2026-09-01;2026-03-06;2026-06-03;query_page;current_only;https://hasimuener.de/wordpress-freelancer-hannover/;"wordpress freelancer hannover";0;2;0,0000;18,00;0;0;;;0;2;;15296;"wordpress freelancer hannover";page;"wordpress freelancer hannover";;https://hasimuener.de/wordpress-freelancer-hannover/;1;0;1150;0
90;2026-06-04;2026-09-01;2026-03-06;2026-06-03;query_page;previous_only;https://hasimuener.de/solar-waermepumpen-leadgenerierung/;"raum frankfurt";0;0;;;1;1;1,0000;3,00;-1;-1;;15048;"Leadgenerierung für Solar- und Wärmepumpen-Anbieter";page;"Leadgenerierung Photovoltaik & Wärmepumpe ohne Portale";"Leadgenerierung für Photovoltaik und Wärmepumpe: eigene qualifizierte Anfragen statt geteilter Portal-Leads. Marktcheck plus Case Study: über 85 % weniger CPL.";https://hasimuener.de/solar-waermepumpen-leadgenerierung/;1;0;2792;0
90;2026-06-04;2026-09-01;2026-03-06;2026-06-03;query_page;previous_only;https://hasimuener.de/;"marketing architektur";0;0;;;0;1;0,0000;11,00;0;-1;;11953;"WordPress-Architektur &amp; Performance Marketing (B2B) · Hannover &amp; DACH";front_page;"WordPress, Tracking & Conversion | Haşim Üner";"WordPress-Entwicklung, technisches SEO, Tracking und Conversion aus Pattensen bei Hannover. Für direkte Projekte, Agenturen und Solar-/Wärmepumpen-Anbieter.";https://hasimuener.de/;1;0;495;0
90;2026-06-04;2026-09-01;2026-03-06;2026-06-03;query_page;previous_only;https://hasimuener.de/;"unternehmen in der nähe";0;0;;;0;1;0,0000;14,00;0;-1;;11953;"WordPress-Architektur &amp; Performance Marketing (B2B) · Hannover &amp; DACH";front_page;"WordPress, Tracking & Conversion | Haşim Üner";"WordPress-Entwicklung, technisches SEO, Tracking und Conversion aus Pattensen bei Hannover. Für direkte Projekte, Agenturen und Solar-/Wärmepumpen-Anbieter.";https://hasimuener.de/;1;0;495;0
90;2026-06-04;2026-09-01;2026-03-06;2026-06-03;query_page;previous_only;https://hasimuener.de/;üner;0;0;;;0;4;0,0000;4,00;0;-4;;11953;"WordPress-Architektur &amp; Performance Marketing (B2B) · Hannover &amp; DACH";front_page;"WordPress, Tracking & Conversion | Haşim Üner";"WordPress-Entwicklung, technisches SEO, Tracking und Conversion aus Pattensen bei Hannover. Für direkte Projekte, Agenturen und Solar-/Wärmepumpen-Anbieter.";https://hasimuener.de/;1;0;495;0
90;2026-06-04;2026-09-01;2026-03-06;2026-06-03;query_page;previous_only;https://hasimuener.de/b2b-solar-leads/;"photovoltaik b2b shop für fachbetriebe";0;0;;;0;14;0,0000;61,36;0;-14;;15199;"B2B Solar Leads – gewerbliche Photovoltaik-Anfrage-Systeme";page;"PV-Termine B2B: qualifizierte Gewerbe-PV-Anfragen";"PV-Termine B2B für Gewerbe-PV: Projektwert, Technik und Buying-Center vorqualifizieren. Eigener Anfrageweg statt Termine ohne Projektsubstanz.";https://hasimuener.de/b2b-solar-leads/;1;0;1416;0
90;2026-06-04;2026-09-01;2026-03-06;2026-06-03;query_page;previous_only;https://hasimuener.de/b2b-solar-leads/;"wie lange dauert ein eeg";0;0;;;0;1;0,0000;17,00;0;-1;;15199;"B2B Solar Leads – gewerbliche Photovoltaik-Anfrage-Systeme";page;"PV-Termine B2B: qualifizierte Gewerbe-PV-Anfragen";"PV-Termine B2B für Gewerbe-PV: Projektwert, Technik und Buying-Center vorqualifizieren. Eigener Anfrageweg statt Termine ohne Projektsubstanz.";https://hasimuener.de/b2b-solar-leads/;1;0;1416;0
90;2026-06-04;2026-09-01;2026-03-06;2026-06-03;query_page;previous_only;https://hasimuener.de/conversion-rate-optimization/;"conversion optimiertes webdesign";0;0;;;0;4;0,0000;90,25;0;-4;;0;;;;;;0;0;0;0
90;2026-06-04;2026-09-01;2026-03-06;2026-06-03;query_page;previous_only;https://hasimuener.de/conversion-rate-optimization/;"powergap woocommerce conversion optimierung";0;0;;;0;3;0,0000;21,67;0;-3;;0;;;;;;0;0;0;1
90;2026-06-04;2026-09-01;2026-03-06;2026-06-03;query_page;previous_only;https://hasimuener.de/conversion-rate-optimization/;"woocommerce conversion optimierung";0;0;;;0;4;0,0000;43,00;0;-4;;0;;;;;;0;0;0;1
90;2026-06-04;2026-09-01;2026-03-06;2026-06-03;query_page;previous_only;https://hasimuener.de/conversion-rate-optimization/;"wordpress conversion optimieren";0;0;;;0;9;0,0000;13,67;0;-9;;0;;;;;;0;0;0;0
90;2026-06-04;2026-09-01;2026-03-06;2026-06-03;query_page;previous_only;https://hasimuener.de/conversion-rate-optimization/;"wordpress conversion optimierung";0;0;;;0;6;0,0000;9,67;0;-6;;0;;;;;;0;0;0;0
90;2026-06-04;2026-09-01;2026-03-06;2026-06-03;query_page;previous_only;https://hasimuener.de/conversion-rate-optimization/;"wordpress conversion optimisation";0;0;;;0;9;0,0000;84,00;0;-9;;0;;;;;;0;0;0;0
90;2026-06-04;2026-09-01;2026-03-06;2026-06-03;query_page;previous_only;https://hasimuener.de/conversion-rate-optimization/;"wordpress woocommerce conversion optimierung";0;0;;;0;2;0,0000;47,00;0;-2;;0;;;;;;0;0;0;1
90;2026-06-04;2026-09-01;2026-03-06;2026-06-03;query_page;previous_only;https://hasimuener.de/core-web-vitals-wachstum-seo-und-roas/;"cwv optimierung";0;0;;;0;28;0,0000;12,86;0;-28;;13414;"Performance ist Profit: Warum Core Web Vitals Wachstum, SEO und ROAS treiben";post;"Performance ist Profit: Warum Core Web Vitals Wachstum, SEO und ROAS treiben";"Core Web Vitals sind kein Technik-Detail, sondern ein Umsatzhebel: Schnellere Ladezeiten verbessern Rankings, Conversion und ROAS. So nutzen Sie Performance strategisch.""";https://hasimuener.de/core-web-vitals-wachstum-seo-und-roas/;1;0;824;0
90;2026-06-04;2026-09-01;2026-03-06;2026-06-03;query_page;previous_only;https://hasimuener.de/design-ist-mehr-als-aesthetik/;"cro ohne dark patterns";0;0;;;0;1;0,0000;40,00;0;-1;;13492;"Design ist kein Geschmack. Es ist Architektur.";post;"Design ist mehr als Ästhetik – Bedeutung, Wirkung & Praxis";"Warum Design Erwartungen, Verhalten und Vertrauen prägt – digital wie physisch. Geschichte, Psychologie, Semiotik, Ethik & Business-Impact.";https://hasimuener.de/design-ist-mehr-als-aesthetik/;1;0;2161;0
90;2026-06-04;2026-09-01;2026-03-06;2026-06-03;query_page;previous_only;https://hasimuener.de/design-ist-mehr-als-aesthetik/;"unterschied design und architektur";0;0;;;0;1;0,0000;13,00;0;-1;;13492;"Design ist kein Geschmack. Es ist Architektur.";post;"Design ist mehr als Ästhetik – Bedeutung, Wirkung & Praxis";"Warum Design Erwartungen, Verhalten und Vertrauen prägt – digital wie physisch. Geschichte, Psychologie, Semiotik, Ethik & Business-Impact.";https://hasimuener.de/design-ist-mehr-als-aesthetik/;1;0;2161;0
90;2026-06-04;2026-09-01;2026-03-06;2026-06-03;query_page;previous_only;https://hasimuener.de/e3-new-energy/;"akquise erneuerbare energien";0;0;;;0;2;0,0000;15,00;0;-2;;0;"Legacy Redirect";legacy_redirect;;;https://hasimuener.de/case-study-solar-leadgenerierung/;0;0;0;0
90;2026-06-04;2026-09-01;2026-03-06;2026-06-03;query_page;previous_only;https://hasimuener.de/e3-new-energy/;"e3 new energy erfahrungen";0;0;;;0;1;0,0000;43,00;0;-1;;0;"Legacy Redirect";legacy_redirect;;;https://hasimuener.de/case-study-solar-leadgenerierung/;0;0;0;0
90;2026-06-04;2026-09-01;2026-03-06;2026-06-03;query_page;previous_only;https://hasimuener.de/eigene-leadgenerierung-vs-portale/;"ja gerne";0;0;;;0;1;0,0000;2,00;0;-1;;15200;"Eigene Leadgenerierung vs. Portal-Leads – Vergleich";page;"Portal-Leads vs. eigenes System: TCO-Vergleich Solar/SHK";"24-Monats-TCO: Portal-Leads (DAA, Aroundhome, Check24) vs. eigenes Anfragesystem. Case Study: über 85 % niedrigerer CPL in 6 Monaten.";https://hasimuener.de/eigene-leadgenerierung-vs-portale/;1;0;940;0
90;2026-06-04;2026-09-01;2026-03-06;2026-06-03;query_page;previous_only;https://hasimuener.de/ergebnisse/;"kurze fallstudie: dach-kampagne senkt cpl – welche taktiken haben funktioniert?";0;0;;;0;1;0,0000;9,00;0;-1;;14883;Ergebnisse;page;"Ergebnisse & Case Studies | WordPress, SEO, CRO";"Ergebnisse aus WordPress-, SEO-, Tracking- und CRO-Projekten: Case Study eines PV-Installationsbetriebs, Systemlogik und konkrete nächste Schritte.";https://hasimuener.de/ergebnisse/;1;0;233;0
90;2026-06-04;2026-09-01;2026-03-06;2026-06-03;query_page;previous_only;https://hasimuener.de/qualifizierte-pv-anfragen/;"solar kundenanfragen";0;0;;;0;1;0,0000;42,00;0;-1;;15205;"Qualifizierte PV-Anfragen – Vier Merkmale für hochwertige Leads";page;"Qualifizierte PV-Anfragen: 4 Merkmale guter Solar-Leads";"Vier Merkmale einer qualifizierten Photovoltaik-Anfrage: Intent, Exklusivität, Vorqualifizierung, Echtzeit — mit Praxisbezug aus einer Case Study.";https://hasimuener.de/qualifizierte-pv-anfragen/;1;0;744;0
90;2026-06-04;2026-09-01;2026-03-06;2026-06-03;query_page;previous_only;https://hasimuener.de/server-side-tracking-b2b/;"""gtm server side"" -site:reddit.com -site:twitter.com -site:x.com -site:wykop.pl -site:tripadvisor.com -site:youtube.com -site:yelp.com -site:booking.com -site:facebook.com -site:instagram.com -site:tiktok.com";0;0;;;0;1;0,0000;6,00;0;-1;;15198;"Server-Side Tracking für B2B-Leadgenerierung";page;"Server-Side Tracking einrichten lassen | GA4, Ads & Consent";"Server-Side Tracking für GA4, Google Ads und Meta CAPI: geprüft, eingerichtet, parallel getestet und dokumentiert. Setup ab 1.290 € netto.";https://hasimuener.de/server-side-tracking-b2b/;1;0;2150;0
90;2026-06-04;2026-09-01;2026-03-06;2026-06-03;query_page;previous_only;https://hasimuener.de/server-side-tracking-b2b/;"b2b tracking";0;0;;;0;1;0,0000;30,00;0;-1;;15198;"Server-Side Tracking für B2B-Leadgenerierung";page;"Server-Side Tracking einrichten lassen | GA4, Ads & Consent";"Server-Side Tracking für GA4, Google Ads und Meta CAPI: geprüft, eingerichtet, parallel getestet und dokumentiert. Setup ab 1.290 € netto.";https://hasimuener.de/server-side-tracking-b2b/;1;0;2150;0
90;2026-06-04;2026-09-01;2026-03-06;2026-06-03;query_page;previous_only;https://hasimuener.de/server-side-tracking-b2b/;"server side tracking b2b";0;0;;;0;1;0,0000;12,00;0;-1;;15198;"Server-Side Tracking für B2B-Leadgenerierung";page;"Server-Side Tracking einrichten lassen | GA4, Ads & Consent";"Server-Side Tracking für GA4, Google Ads und Meta CAPI: geprüft, eingerichtet, parallel getestet und dokumentiert. Setup ab 1.290 € netto.";https://hasimuener.de/server-side-tracking-b2b/;1;0;2150;0
90;2026-06-04;2026-09-01;2026-03-06;2026-06-03;query_page;previous_only;https://hasimuener.de/server-side-tracking-b2b/;"wie können wir als unternehmen daten aus formularen und funnels dsgvo-konform tracken? welche funnel builder sind dafür am besten geeignet?";0;0;;;0;1;0,0000;2,00;0;-1;;15198;"Server-Side Tracking für B2B-Leadgenerierung";page;"Server-Side Tracking einrichten lassen | GA4, Ads & Consent";"Server-Side Tracking für GA4, Google Ads und Meta CAPI: geprüft, eingerichtet, parallel getestet und dokumentiert. Setup ab 1.290 € netto.";https://hasimuener.de/server-side-tracking-b2b/;1;0;2150;0
90;2026-06-04;2026-09-01;2026-03-06;2026-06-03;query_page;previous_only;https://hasimuener.de/server-side-tracking-gtm/;"sgtm implementierung";0;0;;;0;1;0,0000;20,00;0;-1;;13426;"Server-Side Tracking mit GTM: Warum deutsche B2B-Unternehmen jetzt umstellen müssen";post;"Server-Side Tracking mit GTM | Setup, DSGVO &amp; Vorteile";"Server-Side Tracking gibt Ihnen die volle Kontrolle über Ihre Marketingdaten. Setup, DSGVO-Konformität &amp; messbare Vorteile für B2B-Unternehmen erklärt.";https://hasimuener.de/server-side-tracking-gtm/;1;0;2224;0
90;2026-06-04;2026-09-01;2026-03-06;2026-06-03;query_page;previous_only;https://hasimuener.de/solar-leads-kaufen-alternative/;"leads für wärmepumpen";0;0;;;0;1;0,0000;46,00;0;-1;;15197;"Solar Leads kaufen – Alternative: eigenes Anfrage-System";page;"Photovoltaik & Solar Leads kaufen? Alternative ohne Portale";"Photovoltaik-, PV- oder Solar-Leads kaufen — oder eigene Anfragen aufbauen? Portal-Leads gehen an mehrere Betriebe. Case Study: über 85 % niedrigerer CPL.";https://hasimuener.de/solar-leads-kaufen-alternative/;1;0;1152;0
90;2026-06-04;2026-09-01;2026-03-06;2026-06-03;query_page;previous_only;https://hasimuener.de/solar-waermepumpen-leadgenerierung/;"leadgenerierung dachdeckerei";0;0;;;0;4;0,0000;40,50;0;-4;;15048;"Leadgenerierung für Solar- und Wärmepumpen-Anbieter";page;"Leadgenerierung Photovoltaik & Wärmepumpe ohne Portale";"Leadgenerierung für Photovoltaik und Wärmepumpe: eigene qualifizierte Anfragen statt geteilter Portal-Leads. Marktcheck plus Case Study: über 85 % weniger CPL.";https://hasimuener.de/solar-waermepumpen-leadgenerierung/;1;0;2792;0
90;2026-06-04;2026-09-01;2026-03-06;2026-06-03;query_page;previous_only;https://hasimuener.de/solar-waermepumpen-leadgenerierung/;"leadgenerierung solar";0;0;;;0;3;0,0000;42,67;0;-3;;15048;"Leadgenerierung für Solar- und Wärmepumpen-Anbieter";page;"Leadgenerierung Photovoltaik & Wärmepumpe ohne Portale";"Leadgenerierung für Photovoltaik und Wärmepumpe: eigene qualifizierte Anfragen statt geteilter Portal-Leads. Marktcheck plus Case Study: über 85 % weniger CPL.";https://hasimuener.de/solar-waermepumpen-leadgenerierung/;1;0;2792;0
90;2026-06-04;2026-09-01;2026-03-06;2026-06-03;query_page;previous_only;https://hasimuener.de/wgos-assets/cwv-speed-audit/;"cwv optimierung";0;0;;;0;14;0,0000;44,43;0;-14;;14842;"CWV Speed Audit";wgos_asset;"CWV Speed Audit - WGOS Asset | Haşim Üner";"CWV Speed Audit für WordPress: Ladezeitbremsen finden, Prioritäten setzen und die Basis für Rankings und Conversion stärken.";https://hasimuener.de/wgos-assets/cwv-speed-audit/;0;1;454;0
90;2026-06-04;2026-09-01;2026-03-06;2026-06-03;query_page;previous_only;https://hasimuener.de/wordpress-agentur-hannover/;"wordpress agentur b2b";0;0;;;0;10;0,0000;46,50;0;-10;;10777;"WordPress Agentur Hannover";page;"WordPress Agentur Hannover: SEO, Tracking & CRO";"WordPress Agentur Hannover für messbare B2B-Anfragen: technisches SEO, Server-Side Tracking, CRO. Erst Projektprüfung, dann Umsetzung. CPL-Case: 150 € → 22 €.";https://hasimuener.de/wordpress-agentur-hannover/;1;0;632;0
90;2026-06-04;2026-09-01;2026-03-06;2026-06-03;query_page;previous_only;https://hasimuener.de/wordpress-seo-hannover/;"agentur wordpress hannover";0;0;;;0;1;0,0000;53,00;0;-1;;13035;"WordPress SEO Hannover";page;"WordPress SEO Hannover für B2B | Technisches SEO & Audit";"WordPress SEO in Hannover fuer B2B: technisches SEO, interne Verlinkung und priorisierte Fixes fuer kaufnahe Seiten. Growth Audit mit Rueckmeldung in 48h.";https://hasimuener.de/?page_id=13035;0;1;616;0
90;2026-06-04;2026-09-01;2026-03-06;2026-06-03;query_page;previous_only;https://hasimuener.de/wordpress-seo-hannover/;"local seo hannover";0;0;;;0;4;0,0000;65,00;0;-4;;13035;"WordPress SEO Hannover";page;"WordPress SEO Hannover für B2B | Technisches SEO & Audit";"WordPress SEO in Hannover fuer B2B: technisches SEO, interne Verlinkung und priorisierte Fixes fuer kaufnahe Seiten. Growth Audit mit Rueckmeldung in 48h.";https://hasimuener.de/?page_id=13035;0;1;616;0
90;2026-06-04;2026-09-01;2026-03-06;2026-06-03;query_page;previous_only;https://hasimuener.de/wordpress-seo-hannover/;"lokale suchmaschinenoptimierung hannover";0;0;;;0;4;0,0000;81,75;0;-4;;13035;"WordPress SEO Hannover";page;"WordPress SEO Hannover für B2B | Technisches SEO & Audit";"WordPress SEO in Hannover fuer B2B: technisches SEO, interne Verlinkung und priorisierte Fixes fuer kaufnahe Seiten. Growth Audit mit Rueckmeldung in 48h.";https://hasimuener.de/?page_id=13035;0;1;616;0
90;2026-06-04;2026-09-01;2026-03-06;2026-06-03;query_page;previous_only;https://hasimuener.de/wordpress-seo-hannover/;"lokales seo hannover";0;0;;;0;4;0,0000;76,00;0;-4;;13035;"WordPress SEO Hannover";page;"WordPress SEO Hannover für B2B | Technisches SEO & Audit";"WordPress SEO in Hannover fuer B2B: technisches SEO, interne Verlinkung und priorisierte Fixes fuer kaufnahe Seiten. Growth Audit mit Rueckmeldung in 48h.";https://hasimuener.de/?page_id=13035;0;1;616;0
90;2026-06-04;2026-09-01;2026-03-06;2026-06-03;query_page;previous_only;https://hasimuener.de/wordpress-seo-hannover/;"seo consulting hannover";0;0;;;0;1;0,0000;86,00;0;-1;;13035;"WordPress SEO Hannover";page;"WordPress SEO Hannover für B2B | Technisches SEO & Audit";"WordPress SEO in Hannover fuer B2B: technisches SEO, interne Verlinkung und priorisierte Fixes fuer kaufnahe Seiten. Growth Audit mit Rueckmeldung in 48h.";https://hasimuener.de/?page_id=13035;0;1;616;0
90;2026-06-04;2026-09-01;2026-03-06;2026-06-03;query_page;previous_only;https://hasimuener.de/wordpress-seo-hannover/;"seo laatzen";0;0;;;0;1;0,0000;86,00;0;-1;;13035;"WordPress SEO Hannover";page;"WordPress SEO Hannover für B2B | Technisches SEO & Audit";"WordPress SEO in Hannover fuer B2B: technisches SEO, interne Verlinkung und priorisierte Fixes fuer kaufnahe Seiten. Growth Audit mit Rueckmeldung in 48h.";https://hasimuener.de/?page_id=13035;0;1;616;0
90;2026-06-04;2026-09-01;2026-03-06;2026-06-03;query_page;previous_only;https://hasimuener.de/wordpress-seo-hannover/;"seo optimierung hannover";0;0;;;0;6;0,0000;85,83;0;-6;;13035;"WordPress SEO Hannover";page;"WordPress SEO Hannover für B2B | Technisches SEO & Audit";"WordPress SEO in Hannover fuer B2B: technisches SEO, interne Verlinkung und priorisierte Fixes fuer kaufnahe Seiten. Growth Audit mit Rueckmeldung in 48h.";https://hasimuener.de/?page_id=13035;0;1;616;0
90;2026-06-04;2026-09-01;2026-03-06;2026-06-03;query_page;previous_only;https://hasimuener.de/wordpress-seo-hannover/;"seo strategien hannover";0;0;;;0;1;0,0000;89,00;0;-1;;13035;"WordPress SEO Hannover";page;"WordPress SEO Hannover für B2B | Technisches SEO & Audit";"WordPress SEO in Hannover fuer B2B: technisches SEO, interne Verlinkung und priorisierte Fixes fuer kaufnahe Seiten. Growth Audit mit Rueckmeldung in 48h.";https://hasimuener.de/?page_id=13035;0;1;616;0
90;2026-06-04;2026-09-01;2026-03-06;2026-06-03;query_page;previous_only;https://hasimuener.de/wordpress-seo-hannover/;"woocommerce agentur hannover";0;0;;;0;56;0,0000;47,55;0;-56;;13035;"WordPress SEO Hannover";page;"WordPress SEO Hannover für B2B | Technisches SEO & Audit";"WordPress SEO in Hannover fuer B2B: technisches SEO, interne Verlinkung und priorisierte Fixes fuer kaufnahe Seiten. Growth Audit mit Rueckmeldung in 48h.";https://hasimuener.de/?page_id=13035;0;1;616;1
90;2026-06-04;2026-09-01;2026-03-06;2026-06-03;query_page;previous_only;https://hasimuener.de/wordpress-seo-hannover/;"wordpress agentur hannover";0;0;;;0;99;0,0000;52,91;0;-99;;13035;"WordPress SEO Hannover";page;"WordPress SEO Hannover für B2B | Technisches SEO & Audit";"WordPress SEO in Hannover fuer B2B: technisches SEO, interne Verlinkung und priorisierte Fixes fuer kaufnahe Seiten. Growth Audit mit Rueckmeldung in 48h.";https://hasimuener.de/?page_id=13035;0;1;616;0
90;2026-06-04;2026-09-01;2026-03-06;2026-06-03;query_page;previous_only;https://hasimuener.de/wordpress-seo-hannover/;"wordpress agenturen hannover";0;0;;;0;1;0,0000;58,00;0;-1;;13035;"WordPress SEO Hannover";page;"WordPress SEO Hannover für B2B | Technisches SEO & Audit";"WordPress SEO in Hannover fuer B2B: technisches SEO, interne Verlinkung und priorisierte Fixes fuer kaufnahe Seiten. Growth Audit mit Rueckmeldung in 48h.";https://hasimuener.de/?page_id=13035;0;1;616;0
90;2026-06-04;2026-09-01;2026-03-06;2026-06-03;query_page;previous_only;https://hasimuener.de/wordpress-seo-hannover/;"wordpress hannover";0;0;;;0;27;0,0000;69,33;0;-27;;13035;"WordPress SEO Hannover";page;"WordPress SEO Hannover für B2B | Technisches SEO & Audit";"WordPress SEO in Hannover fuer B2B: technisches SEO, interne Verlinkung und priorisierte Fixes fuer kaufnahe Seiten. Growth Audit mit Rueckmeldung in 48h.";https://hasimuener.de/?page_id=13035;0;1;616;0
90;2026-06-04;2026-09-01;2026-03-06;2026-06-03;query_page;previous_only;https://hasimuener.de/wordpress-seo-hannover/;"wordpress seo";0;0;;;0;1;0,0000;83,00;0;-1;;13035;"WordPress SEO Hannover";page;"WordPress SEO Hannover für B2B | Technisches SEO & Audit";"WordPress SEO in Hannover fuer B2B: technisches SEO, interne Verlinkung und priorisierte Fixes fuer kaufnahe Seiten. Growth Audit mit Rueckmeldung in 48h.";https://hasimuener.de/?page_id=13035;0;1;616;0
90;2026-06-04;2026-09-01;2026-03-06;2026-06-03;query_page;previous_only;https://hasimuener.de/wordpress-seo-hannover/;"wordpress seo hannover";0;0;;;0;46;0,0000;22,65;0;-46;;13035;"WordPress SEO Hannover";page;"WordPress SEO Hannover für B2B | Technisches SEO & Audit";"WordPress SEO in Hannover fuer B2B: technisches SEO, interne Verlinkung und priorisierte Fixes fuer kaufnahe Seiten. Growth Audit mit Rueckmeldung in 48h.";https://hasimuener.de/?page_id=13035;0;1;616;0
90;2026-06-04;2026-09-01;2026-03-06;2026-06-03;query_page;previous_only;https://hasimuener.de/wordpress-seo-hannover/;"wordpress suchmaschinenoptimierung hannover";0;0;;;0;22;0,0000;27,64;0;-22;;13035;"WordPress SEO Hannover";page;"WordPress SEO Hannover für B2B | Technisches SEO & Audit";"WordPress SEO in Hannover fuer B2B: technisches SEO, interne Verlinkung und priorisierte Fixes fuer kaufnahe Seiten. Growth Audit mit Rueckmeldung in 48h.";https://hasimuener.de/?page_id=13035;0;1;616;0
90;2026-06-04;2026-09-01;2026-03-06;2026-06-03;query_page;previous_only;https://hasimuener.de/wordpress-seo-hannover/;"wordpress webseite hannover";0;0;;;0;1;0,0000;45,00;0;-1;;13035;"WordPress SEO Hannover";page;"WordPress SEO Hannover für B2B | Technisches SEO & Audit";"WordPress SEO in Hannover fuer B2B: technisches SEO, interne Verlinkung und priorisierte Fixes fuer kaufnahe Seiten. Growth Audit mit Rueckmeldung in 48h.";https://hasimuener.de/?page_id=13035;0;1;616;0
90;2026-06-04;2026-09-01;2026-03-06;2026-06-03;query_page;previous_only;https://hasimuener.de/wordpress-seo-hannover/;"wordpress website hannover";0;0;;;0;1;0,0000;79,00;0;-1;;13035;"WordPress SEO Hannover";page;"WordPress SEO Hannover für B2B | Technisches SEO & Audit";"WordPress SEO in Hannover fuer B2B: technisches SEO, interne Verlinkung und priorisierte Fixes fuer kaufnahe Seiten. Growth Audit mit Rueckmeldung in 48h.";https://hasimuener.de/?page_id=13035;0;1;616;0
90;2026-06-04;2026-09-01;2026-03-06;2026-06-03;query_page;previous_only;https://hasimuener.de/wordpress-wartung-hannover/;"wordpress betrieb";0;0;;;0;1;0,0000;93,00;0;-1;;10899;"WordPress Wartung Hannover";page;"WordPress Wartung Hannover | Betrieb, Updates und Sicherheit";"WordPress Wartung in Hannover als Teil des WGOS-Fundaments: Updates, Sicherheit, Backups, Performance und stabile Betriebsroutinen für B2B-Websites.";https://hasimuener.de/?page_id=10899;0;1;454;0
90;2026-06-04;2026-09-01;2026-03-06;2026-06-03;query_page;previous_only;https://hasimuener.de/wordpress-wartung-hannover/;"wordpress seo hannover";0;0;;;0;2;0,0000;27,50;0;-2;;10899;"WordPress Wartung Hannover";page;"WordPress Wartung Hannover | Betrieb, Updates und Sicherheit";"WordPress Wartung in Hannover als Teil des WGOS-Fundaments: Updates, Sicherheit, Backups, Performance und stabile Betriebsroutinen für B2B-Websites.";https://hasimuener.de/?page_id=10899;0;1;454;0
90;2026-06-04;2026-09-01;2026-03-06;2026-06-03;query_page;previous_only;https://hasimuener.de/wordpress-wartung-hannover/;"wordpress wartung";0;0;;;0;1;0,0000;65,00;0;-1;;10899;"WordPress Wartung Hannover";page;"WordPress Wartung Hannover | Betrieb, Updates und Sicherheit";"WordPress Wartung in Hannover als Teil des WGOS-Fundaments: Updates, Sicherheit, Backups, Performance und stabile Betriebsroutinen für B2B-Websites.";https://hasimuener.de/?page_id=10899;0;1;454;0
90;2026-06-04;2026-09-01;2026-03-06;2026-06-03;query_page;previous_only;https://hasimuener.de/wordpress-wartung-hannover/;"wordpress wartung erlangen";0;0;;;0;16;0,0000;74,44;0;-16;;10899;"WordPress Wartung Hannover";page;"WordPress Wartung Hannover | Betrieb, Updates und Sicherheit";"WordPress Wartung in Hannover als Teil des WGOS-Fundaments: Updates, Sicherheit, Backups, Performance und stabile Betriebsroutinen für B2B-Websites.";https://hasimuener.de/?page_id=10899;0;1;454;0
90;2026-06-04;2026-09-01;2026-03-06;2026-06-03;query_page;previous_only;https://hasimuener.de/wordpress-wartung-hannover/;"wordpress wartung hameln";0;0;;;0;18;0,0000;10,83;0;-18;;10899;"WordPress Wartung Hannover";page;"WordPress Wartung Hannover | Betrieb, Updates und Sicherheit";"WordPress Wartung in Hannover als Teil des WGOS-Fundaments: Updates, Sicherheit, Backups, Performance und stabile Betriebsroutinen für B2B-Websites.";https://hasimuener.de/?page_id=10899;0;1;454;0
90;2026-06-04;2026-09-01;2026-03-06;2026-06-03;query_page;previous_only;https://hasimuener.de/wordpress-wartung-hannover/;"wordpress wartung hannover";0;0;;;0;27;0,0000;5,70;0;-27;;10899;"WordPress Wartung Hannover";page;"WordPress Wartung Hannover | Betrieb, Updates und Sicherheit";"WordPress Wartung in Hannover als Teil des WGOS-Fundaments: Updates, Sicherheit, Backups, Performance und stabile Betriebsroutinen für B2B-Websites.";https://hasimuener.de/?page_id=10899;0;1;454;0
90;2026-06-04;2026-09-01;2026-03-06;2026-06-03;query_page;previous_only;https://hasimuener.de/wordpress-wartung-hannover/;"wordpress wartungsvertrag hannover";0;0;;;0;23;0,0000;2,91;0;-23;;10899;"WordPress Wartung Hannover";page;"WordPress Wartung Hannover | Betrieb, Updates und Sicherheit";"WordPress Wartung in Hannover als Teil des WGOS-Fundaments: Updates, Sicherheit, Backups, Performance und stabile Betriebsroutinen für B2B-Websites.";https://hasimuener.de/?page_id=10899;0;1;454;0
90;2026-06-04;2026-09-01;2026-03-06;2026-06-03;page_total;current_only;https://hasimuener.de/checkfox-solar-waermepumpe-einordnung/;;16;2135;0,0075;8,43;0;0;;;16;2135;;15276;"Checkfox für Solar- und Wärmepumpen-Betriebe: Seriosität, Mechanik und Markteinordnung";post;"Checkfox seriös? Erfahrungen & Kosten für Solar-Betriebe";"Ist Checkfox seriös? Unabhängige Einordnung für Solar- & Wärmepumpen-Betriebe: Portal-Mechanik, Kosten-Logik und die Alternative zu gekauften Leads.";https://hasimuener.de/checkfox-solar-waermepumpe-einordnung/;1;0;703;0
90;2026-06-04;2026-09-01;2026-03-06;2026-06-03;page_total;both;https://hasimuener.de/;;8;183;0,0437;4,13;12;224;0,0536;4,71;-4;-41;-0,57;11953;"WordPress-Architektur &amp; Performance Marketing (B2B) · Hannover &amp; DACH";front_page;"WordPress, Tracking & Conversion | Haşim Üner";"WordPress-Entwicklung, technisches SEO, Tracking und Conversion aus Pattensen bei Hannover. Für direkte Projekte, Agenturen und Solar-/Wärmepumpen-Anbieter.";https://hasimuener.de/;1;0;495;0
90;2026-06-04;2026-09-01;2026-03-06;2026-06-03;page_total;both;https://hasimuener.de/b2b-solar-leads/;;8;1410;0,0057;38,21;0;85;0,0000;54,95;8;1325;-16,74;15199;"B2B Solar Leads – gewerbliche Photovoltaik-Anfrage-Systeme";page;"PV-Termine B2B: qualifizierte Gewerbe-PV-Anfragen";"PV-Termine B2B für Gewerbe-PV: Projektwert, Technik und Buying-Center vorqualifizieren. Eigener Anfrageweg statt Termine ohne Projektsubstanz.";https://hasimuener.de/b2b-solar-leads/;1;0;1416;0
90;2026-06-04;2026-09-01;2026-03-06;2026-06-03;page_total;current_only;https://hasimuener.de/aroundhome-solar-einordnung/;;3;372;0,0081;9,21;0;0;;;3;372;;15206;"Aroundhome Erfahrungen für Handwerker: Kosten und Einordnung des Vergleichsportal-Modells";post;"Aroundhome Kosten für Handwerker: Lohnt sich das?";"Was kostet Aroundhome für Handwerker? Rechnen Sie Kosten pro Auftrag mit eigenen Zahlen und prüfen Sie Vertrag, Erfahrungen und Portal-Fit.";https://hasimuener.de/aroundhome-solar-einordnung/;1;0;1083;0
90;2026-06-04;2026-09-01;2026-03-06;2026-06-03;page_total;current_only;https://hasimuener.de/waermepumpen-leads/;;3;296;0,0101;23,18;0;0;;;3;296;;15272;"Wärmepumpen Leads – Alternative: eigenes Anfrage-System";page;"Wärmepumpen Leads kaufen? Alternative ohne Portale";"Wärmepumpen-Leads kaufen oder eigene Anfragen aufbauen? Portal-Leads gehen an mehrere Betriebe und schließen selten ab. Case Study: über 85 % weniger CPL.";https://hasimuener.de/waermepumpen-leads/;1;0;1174;0
90;2026-06-04;2026-09-01;2026-03-06;2026-06-03;page_total;both;https://hasimuener.de/cost-per-lead-photovoltaik/;;2;38;0,0526;6,61;0;12;0,0000;6,08;2;26;0,52;15204;"Cost per Lead Photovoltaik – Was Solar-Anfragen wirklich kosten";page;"Cost per Lead Photovoltaik: Was Solar-Anfragen wirklich kosten";"CPL-Rechnung für Photovoltaik- und Wärmepumpen-Anbieter: Portal-Leads vs. eigenes System. Case Study: über 85 % weniger Kosten pro Anfrage in 6 Monaten.";https://hasimuener.de/cost-per-lead-photovoltaik/;1;0;763;0
90;2026-06-04;2026-09-01;2026-03-06;2026-06-03;page_total;both;https://hasimuener.de/design-ist-mehr-als-aesthetik/;;2;65;0,0308;12,49;0;38;0,0000;6,82;2;27;5,68;13492;"Design ist kein Geschmack. Es ist Architektur.";post;"Design ist mehr als Ästhetik – Bedeutung, Wirkung & Praxis";"Warum Design Erwartungen, Verhalten und Vertrauen prägt – digital wie physisch. Geschichte, Psychologie, Semiotik, Ethik & Business-Impact.";https://hasimuener.de/design-ist-mehr-als-aesthetik/;1;0;2161;0
90;2026-06-04;2026-09-01;2026-03-06;2026-06-03;page_total;both;https://hasimuener.de/e3-new-energy/;;1;55;0,0182;11,02;2;75;0,0267;12,88;-1;-20;-1,86;0;"Legacy Redirect";legacy_redirect;;;https://hasimuener.de/case-study-solar-leadgenerierung/;0;0;0;0
90;2026-06-04;2026-09-01;2026-03-06;2026-06-03;page_total;both;https://hasimuener.de/solar-leads-kaufen-alternative/;;1;341;0,0029;29,61;0;83;0,0000;17,08;1;258;12,53;15197;"Solar Leads kaufen – Alternative: eigenes Anfrage-System";page;"Photovoltaik & Solar Leads kaufen? Alternative ohne Portale";"Photovoltaik-, PV- oder Solar-Leads kaufen — oder eigene Anfragen aufbauen? Portal-Leads gehen an mehrere Betriebe. Case Study: über 85 % niedrigerer CPL.";https://hasimuener.de/solar-leads-kaufen-alternative/;1;0;1152;0
90;2026-06-04;2026-09-01;2026-03-06;2026-06-03;page_total;both;https://hasimuener.de/solar-leads-kosten-studie/;;1;240;0,0042;9,52;0;17;0,0000;6,76;1;223;2,76;15255;"Was kosten Solar-Leads? Marktstudie DACH";page;"Solar-Leads Kosten 2026: CPL, CPO & Portal-Vergleich";"Was kosten Solar-Leads wirklich? Marktstudie mit Photovoltaik- und Wärmepumpen-CPL, Cost-per-Order, Portal-Modellen, Methodik und Case-Study-Benchmark.";https://hasimuener.de/solar-leads-kosten-studie/;1;0;921;0
90;2026-06-04;2026-09-01;2026-03-06;2026-06-03;page_total;both;https://hasimuener.de/uber-mich/;;1;112;0,0089;5,24;0;136;0,0000;3,51;1;-24;1,73;0;"Legacy Redirect";legacy_redirect;;;https://hasimuener.de/hasim-uener/;0;0;0;0
90;2026-06-04;2026-09-01;2026-03-06;2026-06-03;page_total;both;https://hasimuener.de/wordpress-agentur-hannover/;;1;1478;0,0007;25,60;1;1364;0,0007;33,00;0;114;-7,39;10777;"WordPress Agentur Hannover";page;"WordPress Agentur Hannover: SEO, Tracking & CRO";"WordPress Agentur Hannover für messbare B2B-Anfragen: technisches SEO, Server-Side Tracking, CRO. Erst Projektprüfung, dann Umsetzung. CPL-Case: 150 € → 22 €.";https://hasimuener.de/wordpress-agentur-hannover/;1;0;632;0
90;2026-06-04;2026-09-01;2026-03-06;2026-06-03;page_total;current_only;https://hasimuener.de/blog/;;0;8;0,0000;5,88;0;0;;;0;8;;12687;Blog;blog_index;"Blog: WordPress, Tracking, SEO & Conversion | Haşim Üner";"Analysen zu WordPress, technischem SEO, Tracking, Conversion und Performance. Dazu Praxiswissen zu Anfragesystemen für Solar und Wärmepumpe.";https://hasimuener.de/blog/;1;0;415;0
90;2026-06-04;2026-09-01;2026-03-06;2026-06-03;page_total;current_only;https://hasimuener.de/category/markteinordnung/;;0;5;0,0000;5,20;0;0;;;0;5;;0;;;;;;0;0;0;0
90;2026-06-04;2026-09-01;2026-03-06;2026-06-03;page_total;current_only;https://hasimuener.de/category/solar-waermepumpen-anfrage-systeme/;;0;6;0,0000;5,67;0;0;;;0;6;;0;;;;;;0;0;0;0
90;2026-06-04;2026-09-01;2026-03-06;2026-06-03;page_total;both;https://hasimuener.de/core-web-vitals-wachstum-seo-und-roas/;;0;4;0,0000;27,25;0;60;0,0000;11,33;0;-56;15,92;13414;"Performance ist Profit: Warum Core Web Vitals Wachstum, SEO und ROAS treiben";post;"Performance ist Profit: Warum Core Web Vitals Wachstum, SEO und ROAS treiben";"Core Web Vitals sind kein Technik-Detail, sondern ein Umsatzhebel: Schnellere Ladezeiten verbessern Rankings, Conversion und ROAS. So nutzen Sie Performance strategisch.""";https://hasimuener.de/core-web-vitals-wachstum-seo-und-roas/;1;0;824;0
90;2026-06-04;2026-09-01;2026-03-06;2026-06-03;page_total;current_only;https://hasimuener.de/daa-photovoltaik-leads-einordnung/;;0;19;0,0000;6,32;0;0;;;0;19;;15208;"DAA Photovoltaik Leads: Markteinordnung des Branchen-Portal-Modells";post;"DAA Leads: Erfahrungen, Kosten & Einordnung für Solarteure";"DAA Leads aus Solarteur-Sicht: Spezialisierung, Verteilungslogik, Kosten pro Auftrag und die Alternative durch eigene Anfrage-Systeme.";https://hasimuener.de/daa-photovoltaik-leads-einordnung/;1;0;683;0
90;2026-06-04;2026-09-01;2026-03-06;2026-06-03;page_total;both;https://hasimuener.de/eigene-leadgenerierung-vs-portale/;;0;19;0,0000;11,37;0;8;0,0000;18,88;0;11;-7,51;15200;"Eigene Leadgenerierung vs. Portal-Leads – Vergleich";page;"Portal-Leads vs. eigenes System: TCO-Vergleich Solar/SHK";"24-Monats-TCO: Portal-Leads (DAA, Aroundhome, Check24) vs. eigenes Anfragesystem. Case Study: über 85 % niedrigerer CPL in 6 Monaten.";https://hasimuener.de/eigene-leadgenerierung-vs-portale/;1;0;940;0
90;2026-06-04;2026-09-01;2026-03-06;2026-06-03;page_total;both;https://hasimuener.de/ergebnisse/;;0;25;0,0000;8,68;0;65;0,0000;3,05;0;-40;5,63;14883;Ergebnisse;page;"Ergebnisse & Case Studies | WordPress, SEO, CRO";"Ergebnisse aus WordPress-, SEO-, Tracking- und CRO-Projekten: Case Study eines PV-Installationsbetriebs, Systemlogik und konkrete nächste Schritte.";https://hasimuener.de/ergebnisse/;1;0;233;0
90;2026-06-04;2026-09-01;2026-03-06;2026-06-03;page_total;both;https://hasimuener.de/ga4-tracking-setup/;;0;3;0,0000;64,67;0;10;0,0000;9,10;0;-7;55,57;13183;"GA4 &amp; Tracking Setup: Die Wahrheit hinter Ihren Daten";page;"GA4 Tracking Setup | WGOS-Cluster von Haşim Üner";"GA4 Tracking Setup als WGOS-Cluster: Tracking Audit, Event-Blueprint, Consent und serverseitige Messung für belastbare Daten.";https://hasimuener.de/ga4-tracking-setup/;1;0;669;0
90;2026-06-04;2026-09-01;2026-03-06;2026-06-03;page_total;current_only;https://hasimuener.de/glossar/;;0;1;0,0000;2,00;0;0;;;0;1;;14954;Glossar;page;"Glossar fuer SEO, Tracking und CRO | Haşim Üner";"Glossar fuer SEO, Tracking, Performance und Conversion: definitorische Begriffe mit sauberer Bruecke zu den passenden Primary URLs.";https://hasimuener.de/glossar/;1;0;574;0
90;2026-06-04;2026-09-01;2026-03-06;2026-06-03;page_total;current_only;https://hasimuener.de/glossar/canonical-url/;;0;1;0,0000;37,00;0;0;;;0;1;;14959;"Canonical URL";glossary_term;"Canonical URL: Definition und typische Fehler | Haşim Üner";"Canonical URL erklärt: Was der Tag bewirkt, wo häufige Fehler liegen und warum technische SEO mehr ist als nur ein einzelner Head-Tag.";https://hasimuener.de/glossar/canonical-url/;1;0;357;0
90;2026-06-04;2026-09-01;2026-03-06;2026-06-03;page_total;both;https://hasimuener.de/kontakt/;;0;58;0,0000;6,19;0;102;0,0000;2,64;0;-44;3,55;3660;Kontakt;page;"Kontakt & Projektanfrage | Haşim Üner";"Projekt oder Frage kurz einordnen: ein Formular, händisch geprüfte Rückmeldung innerhalb von 24 Stunden werktags. Kein Pflicht-Call, kein Vertriebsteam.";https://hasimuener.de/kontakt/;1;0;218;0
90;2026-06-04;2026-09-01;2026-03-06;2026-06-03;page_total;both;https://hasimuener.de/kostenlose-tools/;;0;4;0,0000;5,00;0;20;0,0000;4,95;0;-16;0,05;0;;;;;;0;0;0;0
90;2026-06-04;2026-09-01;2026-03-06;2026-06-03;page_total;both;https://hasimuener.de/kunden-gewinnen-solarteure/;;0;76;0,0000;22,72;0;14;0,0000;10,29;0;62;12,44;15202;"Kunden gewinnen für Solarteure – ohne Portal-Leads";page;"Kunden gewinnen für Solarteure – ohne Portal-Leads";"Wie Solarteure & Wärmepumpen-Anbieter systematisch Kunden gewinnen – ohne DAA, Aroundhome oder Check24. Case Study: über 85 % niedrigerer CPL.";https://hasimuener.de/kunden-gewinnen-solarteure/;1;0;817;0
90;2026-06-04;2026-09-01;2026-03-06;2026-06-03;page_total;both;https://hasimuener.de/lead-funnel-solar/;;0;86;0,0000;28,44;0;6;0,0000;13,67;0;80;14,78;15201;"Lead-Funnel Solar – Pillar-Page";page;"Lead-Funnel Solar & Wärmepumpe – Aufbau für B2B-Marketing";"Lead-Funnel-Architektur für Photovoltaik- und Wärmepumpen-Anbieter: vom Erstkontakt zur qualifizierten Anfrage. Vorqualifizierung, Lead-Scoring, CRM-Übergabe.";https://hasimuener.de/lead-funnel-solar/;1;0;687;0
90;2026-06-04;2026-09-01;2026-03-06;2026-06-03;page_total;current_only;https://hasimuener.de/leadfluss-pv-leads-einordnung/;;0;2;0,0000;4,50;0;0;;;0;2;;15209;"Leadfluss für Solarteure: Markteinordnung des regionalen Videomarketing-Modells";post;"Leadfluss PV-Leads: Markteinordnung";"Leadfluss PV-Leads: regionales Videomarketing, Eigenmarken-Effekt, Ownership-Frage und wirtschaftliche Einordnung.";https://hasimuener.de/leadfluss-pv-leads-einordnung/;1;0;587;0
90;2026-06-04;2026-09-01;2026-03-06;2026-06-03;page_total;both;https://hasimuener.de/photovoltaik-leads-kaufen-alternative/;;0;33;0,0000;10,12;0;52;0,0000;44,63;0;-19;-34,51;0;"Legacy Redirect";legacy_redirect;;;https://hasimuener.de/solar-waermepumpen-leadgenerierung/;0;0;0;0
90;2026-06-04;2026-09-01;2026-03-06;2026-06-03;page_total;both;https://hasimuener.de/qualifizierte-pv-anfragen/;;0;40;0,0000;29,38;0;8;0,0000;20,13;0;32;9,25;15205;"Qualifizierte PV-Anfragen – Vier Merkmale für hochwertige Leads";page;"Qualifizierte PV-Anfragen: 4 Merkmale guter Solar-Leads";"Vier Merkmale einer qualifizierten Photovoltaik-Anfrage: Intent, Exklusivität, Vorqualifizierung, Echtzeit — mit Praxisbezug aus einer Case Study.";https://hasimuener.de/qualifizierte-pv-anfragen/;1;0;744;0
90;2026-06-04;2026-09-01;2026-03-06;2026-06-03;page_total;both;https://hasimuener.de/server-side-tracking-b2b/;;0;764;0,0000;65,46;0;158;0,0000;62,26;0;606;3,20;15198;"Server-Side Tracking für B2B-Leadgenerierung";page;"Server-Side Tracking einrichten lassen | GA4, Ads & Consent";"Server-Side Tracking für GA4, Google Ads und Meta CAPI: geprüft, eingerichtet, parallel getestet und dokumentiert. Setup ab 1.290 € netto.";https://hasimuener.de/server-side-tracking-b2b/;1;0;2150;0
90;2026-06-04;2026-09-01;2026-03-06;2026-06-03;page_total;both;https://hasimuener.de/server-side-tracking-gtm/;;0;20;0,0000;56,50;0;6;0,0000;22,17;0;14;34,33;13426;"Server-Side Tracking mit GTM: Warum deutsche B2B-Unternehmen jetzt umstellen müssen";post;"Server-Side Tracking mit GTM | Setup, DSGVO &amp; Vorteile";"Server-Side Tracking gibt Ihnen die volle Kontrolle über Ihre Marketingdaten. Setup, DSGVO-Konformität &amp; messbare Vorteile für B2B-Unternehmen erklärt.";https://hasimuener.de/server-side-tracking-gtm/;1;0;2224;0
90;2026-06-04;2026-09-01;2026-03-06;2026-06-03;page_total;current_only;https://hasimuener.de/solar-leads-kaufen-lohnt-sich/;;0;67;0,0000;18,49;0;0;;;0;67;;15265;"Solar-Leads kaufen: Warum die billigen Anfragen am Ende die teuersten sind";post;"Solar-Leads kaufen: Lohnt sich das für Ihren Betrieb?";"Gekaufte Solar-Leads wirken günstig. Warum die billigen Anfragen am Ende die teuersten sind – und wie Sie an eigene Anfragen kommen, die abschließen.";https://hasimuener.de/solar-leads-kaufen-lohnt-sich/;1;0;2978;0
90;2026-06-04;2026-09-01;2026-03-06;2026-06-03;page_total;both;https://hasimuener.de/solar-waermepumpen-leadgenerierung/;;0;120;0,0000;15,33;1;49;0,0204;34,73;-1;71;-19,40;15048;"Leadgenerierung für Solar- und Wärmepumpen-Anbieter";page;"Leadgenerierung Photovoltaik & Wärmepumpe ohne Portale";"Leadgenerierung für Photovoltaik und Wärmepumpe: eigene qualifizierte Anfragen statt geteilter Portal-Leads. Marktcheck plus Case Study: über 85 % weniger CPL.";https://hasimuener.de/solar-waermepumpen-leadgenerierung/;1;0;2792;0
90;2026-06-04;2026-09-01;2026-03-06;2026-06-03;page_total;current_only;https://hasimuener.de/stack-agentur/;;0;16;0,0000;2,13;0;0;;;0;16;;15232;"Stack Agentur";page;"Stack Agentur";;https://hasimuener.de/stack-agentur/;1;0;677;0
90;2026-06-04;2026-09-01;2026-03-06;2026-06-03;page_total;current_only;https://hasimuener.de/stack-solar/;;0;31;0,0000;1,06;0;0;;;0;31;;15230;"Stack Solar";page;"Stack Solar";"Technischer Unterbau eigener Anfragesysteme: Frontend, Tracking, CRM und Vorqualifizierung für Solar- und Wärmepumpen-Anbieter.";https://hasimuener.de/stack-solar/;1;0;785;0
90;2026-06-04;2026-09-01;2026-03-06;2026-06-03;page_total;current_only;https://hasimuener.de/wattfox-solar-leads-einordnung/;;0;34;0,0000;8,29;0;0;;;0;34;;15207;"Wattfox Erfahrungen für Solarteure: Leads, Kosten und Markteinordnung";post;"Wattfox Erfahrungen & Kosten: Einordnung für Solarteure";"Wattfox aus Anbietersicht: was Erfahrungs-Suchen beantworten müssen, wie die Lead-Kosten-Logik funktioniert und wann eigene Anfrage-Systeme stärker sind.";https://hasimuener.de/wattfox-solar-leads-einordnung/;1;0;858;0
90;2026-06-04;2026-09-01;2026-03-06;2026-06-03;page_total;current_only;https://hasimuener.de/wgos-assets/consent-mode-v2/;;0;1;0,0000;10,00;0;0;;;0;1;;14858;"Consent Mode v2";wgos_asset;"Consent Mode v2 - WGOS Asset | Haşim Üner";"Consent Mode v2 für WordPress und GTM: Datenschutz sauber umsetzen, Signalverluste einordnen und Datenqualität verbessern.";https://hasimuener.de/wgos-assets/consent-mode-v2/;0;1;445;0
90;2026-06-04;2026-09-01;2026-03-06;2026-06-03;page_total;current_only;https://hasimuener.de/wgos-assets/llm-workflow-automatisierung/;;0;4;0,0000;8,25;0;0;;;0;4;;15040;"LLM-Workflow-Automatisierung (n8n)";wgos_asset;"LLM-Workflow-Automatisierung mit n8n – WGOS Asset | Haşim Üner";"Geschäftsprozesse mit KI-Schritten automatisieren: Zusammenfassungen, Klassifikation, Routing – server-seitig auf n8n. 20 Credits.";https://hasimuener.de/wgos-assets/llm-workflow-automatisierung/;0;1;480;0
90;2026-06-04;2026-09-01;2026-03-06;2026-06-03;page_total;current_only;https://hasimuener.de/wgos-assets/plugin-audit/;;0;1;0,0000;7,00;0;0;;;0;1;;14896;"Plugin Audit &#038; Bereinigung";wgos_asset;"Plugin Audit - WGOS Asset | Haşim Üner";"Plugin Audit für WordPress: unnötige Erweiterungen erkennen, Risiko senken und Performance wie Wartbarkeit verbessern.";https://hasimuener.de/wgos-assets/plugin-audit/;0;1;415;0
90;2026-06-04;2026-09-01;2026-03-06;2026-06-03;page_total;current_only;https://hasimuener.de/wgos-assets/tracking-audit/;;0;1;0,0000;23,00;0;0;;;0;1;;14863;"Tracking Audit";wgos_asset;"Tracking Audit - WGOS Asset | Haşim Üner";"Tracking Audit für B2B-Websites: Messfehler finden, Datenqualität absichern und die Basis für Reporting und Optimierung legen.";https://hasimuener.de/wgos-assets/tracking-audit/;0;1;449;0
90;2026-06-04;2026-09-01;2026-03-06;2026-06-03;page_total;both;https://hasimuener.de/wgos-assets/wettbewerbs-analyse/;;0;5;0,0000;6,80;0;3;0,0000;5,00;0;2;1,80;14890;"Wettbewerbs-Analyse (Digital)";wgos_asset;"Wettbewerbs-Analyse - WGOS Asset | Haşim Üner";"Digitale Wettbewerbs-Analyse für B2B-Websites: Muster erkennen, Differenzierung schärfen und Content- sowie Conversion-Chancen ableiten.";https://hasimuener.de/wgos-assets/wettbewerbs-analyse/;0;1;438;0
90;2026-06-04;2026-09-01;2026-03-06;2026-06-03;page_total;current_only;https://hasimuener.de/whitelabel-retainer/;;0;31;0,0000;50,77;0;0;;;0;31;;14885;"Whitelabel &amp; Retainer";page;"White-Label-Partner für Agenturen: WordPress, SEO, Tracking";"White-Label-Partner für Agenturen: WordPress, technisches SEO, Tracking und CRO unter eurem Namen. Einstieg über ein Erstprojekt mit fixem Scope und Festpreis.";https://hasimuener.de/whitelabel-retainer/;1;0;2064;0
90;2026-06-04;2026-09-01;2026-03-06;2026-06-03;page_total;current_only;https://hasimuener.de/wordpress-freelancer-hannover/;;0;5;0,0000;9,00;0;0;;;0;5;;15296;"wordpress freelancer hannover";page;"wordpress freelancer hannover";;https://hasimuener.de/wordpress-freelancer-hannover/;1;0;1150;0
90;2026-06-04;2026-09-01;2026-03-06;2026-06-03;page_total;current_only;https://hasimuener.de/wordpress-ttfb-google-ads-ladezeit/;;0;7;0,0000;7,71;0;0;;;0;7;;15226;"WordPress TTFB unter 200 ms: Wie Server-Antwortzeit den Google-Ads-Qualitätsfaktor entscheidet";post;"WordPress TTFB & Google Ads: Server-Antwortzeit senken";"TTFB über 600 ms zerlegt Ihren Qualitätsfaktor, treibt den CPC und kostet Conversions. Welche Hebel wirklich wirken — und welche nur Aufwand erzeugen.";https://hasimuener.de/wordpress-ttfb-google-ads-ladezeit/;1;0;1393;0
90;2026-06-04;2026-09-01;2026-03-06;2026-06-03;page_total;previous_only;https://hasimuener.de/wordpress-wartung-hannover/;;0;0;;;2;145;0,0138;14,06;-2;-145;;10899;"WordPress Wartung Hannover";page;"WordPress Wartung Hannover | Betrieb, Updates und Sicherheit";"WordPress Wartung in Hannover als Teil des WGOS-Fundaments: Updates, Sicherheit, Backups, Performance und stabile Betriebsroutinen für B2B-Websites.";https://hasimuener.de/?page_id=10899;0;1;454;0
90;2026-06-04;2026-09-01;2026-03-06;2026-06-03;page_total;previous_only;https://hasimuener.de/case-studies/;;0;0;;;1;11;0,0909;5,27;-1;-11;;0;;;;;;0;0;0;0
90;2026-06-04;2026-09-01;2026-03-06;2026-06-03;page_total;previous_only;https://hasimuener.de/case-studies/e3-new-energy/;;0;0;;;0;15;0,0000;4,13;0;-15;;0;"Legacy Redirect";legacy_redirect;;;https://hasimuener.de/case-study-solar-leadgenerierung/;0;0;0;0
90;2026-06-04;2026-09-01;2026-03-06;2026-06-03;page_total;previous_only;https://hasimuener.de/category/e-commerce-architekt/;;0;0;;;0;1;0,0000;2,00;0;-1;;0;;;;;;0;0;0;0
90;2026-06-04;2026-09-01;2026-03-06;2026-06-03;page_total;previous_only;https://hasimuener.de/category/owned-leads/;;0;0;;;0;26;0,0000;4,19;0;-26;;0;"Legacy Redirect";legacy_redirect;;;https://hasimuener.de/eigene-leadgenerierung-vs-portale/;0;0;0;0
90;2026-06-04;2026-09-01;2026-03-06;2026-06-03;page_total;previous_only;https://hasimuener.de/conversion-rate-optimization/;;0;0;;;0;55;0,0000;33,07;0;-55;;0;;;;;;0;0;0;0
90;2026-06-04;2026-09-01;2026-03-06;2026-06-03;page_total;previous_only;https://hasimuener.de/core-web-vitals-optimierung/;;0;0;;;0;3;0,0000;4,33;0;-3;;0;;;;;;0;0;0;0
90;2026-06-04;2026-09-01;2026-03-06;2026-06-03;page_total;previous_only;https://hasimuener.de/datenhoheit-mit-server-side-gtm/;;0;0;;;0;5;0,0000;8,00;0;-5;;0;;;;;;0;0;0;0
90;2026-06-04;2026-09-01;2026-03-06;2026-06-03;page_total;previous_only;https://hasimuener.de/kontaktiere-mich/;;0;0;;;0;25;0,0000;5,88;0;-25;;0;;;;;;0;0;0;0
90;2026-06-04;2026-09-01;2026-03-06;2026-06-03;page_total;previous_only;https://hasimuener.de/meta-ads-facebook-ig/;;0;0;;;0;6;0,0000;7,17;0;-6;;0;;;;;;0;0;0;0
90;2026-06-04;2026-09-01;2026-03-06;2026-06-03;page_total;previous_only;https://hasimuener.de/performance-marketing/;;0;0;;;0;10;0,0000;4,90;0;-10;;13125;"Performance Marketing";page;"Performance Marketing im WGOS | Haşim Üner";"Performance Marketing als WGOS-Aktivierungslayer: erst Tracking, Technik und Landing Page, dann Reichweite mit sauberer Priorisierung.";https://hasimuener.de/performance-marketing/;1;0;368;0
90;2026-06-04;2026-09-01;2026-03-06;2026-06-03;page_total;previous_only;https://hasimuener.de/roi-rechner/;;0;0;;;0;8;0,0000;5,75;0;-8;;0;;;;;;0;0;0;0
90;2026-06-04;2026-09-01;2026-03-06;2026-06-03;page_total;previous_only;https://hasimuener.de/website-performance-analyse/;;0;0;;;0;9;0,0000;6,56;0;-9;;0;;;;;;0;0;0;0
90;2026-06-04;2026-09-01;2026-03-06;2026-06-03;page_total;previous_only;https://hasimuener.de/wgos-assets/cwv-speed-audit/;;0;0;;;0;20;0,0000;32,45;0;-20;;14842;"CWV Speed Audit";wgos_asset;"CWV Speed Audit - WGOS Asset | Haşim Üner";"CWV Speed Audit für WordPress: Ladezeitbremsen finden, Prioritäten setzen und die Basis für Rankings und Conversion stärken.";https://hasimuener.de/wgos-assets/cwv-speed-audit/;0;1;454;0
90;2026-06-04;2026-09-01;2026-03-06;2026-06-03;page_total;previous_only;https://hasimuener.de/wgos-assets/lead-magnet/;;0;0;;;0;3;0,0000;5,33;0;-3;;14917;"Lead-Magnet Konzeption";wgos_asset;"Lead-Magnet Konzeption - WGOS Asset | Haşim Üner";"Lead-Magnet Konzeption für B2B-Websites: Einstiegsoffer entwickeln, Nachfrage qualifizieren und saubere Folgepfade bauen.";https://hasimuener.de/wgos-assets/lead-magnet/;0;1;475;0
90;2026-06-04;2026-09-01;2026-03-06;2026-06-03;page_total;previous_only;https://hasimuener.de/wgos-assets/positionierungs-check/;;0;0;;;0;3;0,0000;6,00;0;-3;;14888;Positionierungs-Check;wgos_asset;"Positionierungs-Check - WGOS Asset | Haşim Üner";"Positionierungs-Check für B2B-WordPress-Seiten: Angebot schärfen, Missverständnisse abbauen und Message-Match verbessern.";https://hasimuener.de/wgos-assets/positionierungs-check/;0;1;446;0
90;2026-06-04;2026-09-01;2026-03-06;2026-06-03;page_total;previous_only;https://hasimuener.de/wgos-assets/reporting-dashboard/;;0;0;;;0;5;0,0000;4,00;0;-5;;14920;"Reporting Dashboard";wgos_asset;"Reporting Dashboard - WGOS Asset | Haşim Üner";"Reporting Dashboard für B2B-Websites: KPI-Sicht, Verläufe und Stakeholder-Reporting in einem lesbaren System verbinden.";https://hasimuener.de/wgos-assets/reporting-dashboard/;0;1;437;0
90;2026-06-04;2026-09-01;2026-03-06;2026-06-03;page_total;previous_only;https://hasimuener.de/wordpress-growth-operating-system/;;0;0;;;0;70;0,0000;3,64;0;-70;;14110;wordpress-growth-operating-system;page;wordpress-growth-operating-system;;https://hasimuener.de/wordpress-growth-operating-system/;0;1;24;0
90;2026-06-04;2026-09-01;2026-03-06;2026-06-03;page_total;previous_only;https://hasimuener.de/wordpress-seo-hannover/;;0;0;;;0;339;0,0000;44,72;0;-339;;13035;"WordPress SEO Hannover";page;"WordPress SEO Hannover für B2B | Technisches SEO & Audit";"WordPress SEO in Hannover fuer B2B: technisches SEO, interne Verlinkung und priorisierte Fixes fuer kaufnahe Seiten. Growth Audit mit Rueckmeldung in 48h.";https://hasimuener.de/?page_id=13035;0;1;616;0
